-- MySQL dump 10.13  Distrib 8.0.32, for Linux (x86_64)
--
-- Host: localhost    Database: eu_trade_next
-- ------------------------------------------------------
-- Server version	8.0.32-0ubuntu0.22.04.2

/*!40101 SET @OLD_CHARACTER_SET_CLIENT=@@CHARACTER_SET_CLIENT */;
/*!40101 SET @OLD_CHARACTER_SET_RESULTS=@@CHARACTER_SET_RESULTS */;
/*!40101 SET @OLD_COLLATION_CONNECTION=@@COLLATION_CONNECTION */;
/*!50503 SET NAMES utf8mb4 */;
/*!40103 SET @OLD_TIME_ZONE=@@TIME_ZONE */;
/*!40103 SET TIME_ZONE='+00:00' */;
/*!40014 SET @OLD_UNIQUE_CHECKS=@@UNIQUE_CHECKS, UNIQUE_CHECKS=0 */;
/*!40014 SET @OLD_FOREIGN_KEY_CHECKS=@@FOREIGN_KEY_CHECKS, FOREIGN_KEY_CHECKS=0 */;
/*!40101 SET @OLD_SQL_MODE=@@SQL_MODE, SQL_MODE='NO_AUTO_VALUE_ON_ZERO' */;
/*!40111 SET @OLD_SQL_NOTES=@@SQL_NOTES, SQL_NOTES=0 */;

--
-- Table structure for table `Item`
--

DROP TABLE IF EXISTS `Item`;
/*!40101 SET @saved_cs_client     = @@character_set_client */;
/*!50503 SET character_set_client = utf8mb4 */;
CREATE TABLE `Item` (
  `id` varchar(191) CHARACTER SET utf8mb4 COLLATE utf8mb4_unicode_ci NOT NULL,
  `name` varchar(191) CHARACTER SET utf8mb4 COLLATE utf8mb4_unicode_ci NOT NULL,
  `value` double NOT NULL DEFAULT '0',
  `imageUrlId` varchar(191) CHARACTER SET utf8mb4 COLLATE utf8mb4_unicode_ci DEFAULT NULL,
  `isActive` tinyint(1) NOT NULL DEFAULT '1',
  `isLimied` tinyint(1) NOT NULL DEFAULT '0',
  `createdAt` datetime(3) NOT NULL DEFAULT CURRENT_TIMESTAMP(3),
  `modifiedAt` datetime(3) DEFAULT NULL,
  `itemTypeId` varchar(191) CHARACTER SET utf8mb4 COLLATE utf8mb4_unicode_ci DEFAULT NULL,
  PRIMARY KEY (`id`),
  UNIQUE KEY `Item_name_key` (`name`),
  KEY `Item_itemTypeId_fkey` (`itemTypeId`),
  CONSTRAINT `Item_itemTypeId_fkey` FOREIGN KEY (`itemTypeId`) REFERENCES `ItemType` (`id`) ON DELETE SET NULL ON UPDATE CASCADE
) ENGINE=InnoDB DEFAULT CHARSET=utf8mb4 COLLATE=utf8mb4_unicode_ci;
/*!40101 SET character_set_client = @saved_cs_client */;

--
-- Dumping data for table `Item`
--

LOCK TABLES `Item` WRITE;
/*!40000 ALTER TABLE `Item` DISABLE KEYS */;
INSERT INTO `Item` VALUES ('clgs40jgi0007kr97cgt6kp7r','Adomasite Stone',0.6,'1818',1,0,'2023-04-22 15:02:40.002',NULL,'clgs40jfv0002kr97xp7k1oct'),('clgs40jgi0008kr97iw2qwdq1','Alferix Stone',0.95,'1637',1,0,'2023-04-22 15:02:40.002',NULL,'clgs40jfv0002kr97xp7k1oct'),('clgs40jgi0009kr97u0hxfm8e','Azzurdite Stone',1.02,'1381',1,0,'2023-04-22 15:02:40.002',NULL,'clgs40jfv0002kr97xp7k1oct'),('clgs40jgi000akr97gfddrgcr','Belkar Stone',0.02,'1545',1,0,'2023-04-22 15:02:40.002',NULL,'clgs40jfv0002kr97xp7k1oct'),('clgs40jgi000bkr97si0mg42w','Blausariam Stone',0.04,'1546',1,0,'2023-04-22 15:02:40.002',NULL,'clgs40jfv0002kr97xp7k1oct'),('clgs40jgi000ckr97q9oeh57l','Caldorite Stone',0.17,'1543',1,0,'2023-04-22 15:02:40.002',NULL,'clgs40jfv0002kr97xp7k1oct'),('clgs40jgi000dkr97mzye7wvk','Cobalt Stone',0.2,'1638',1,0,'2023-04-22 15:02:40.002',NULL,'clgs40jfv0002kr97xp7k1oct'),('clgs40jgi000ekr97nupdpuow','Copper Stone',0.16,'1554',1,0,'2023-04-22 15:02:40.002',NULL,'clgs40jfv0002kr97xp7k1oct'),('clgs40jgi000fkr97hwrkgffq','Cumbriz Stone',0.15,'1550',1,0,'2023-04-22 15:02:40.002',NULL,'clgs40jfv0002kr97xp7k1oct'),('clgs40jgi000gkr976qiqxs69','Dianum Ore',1.25,'1952',1,0,'2023-04-22 15:02:40.002',NULL,'clgs40jfv0002kr97xp7k1oct'),('clgs40jgi000hkr972rw7qbyn','Durulium Stone',0.8,'1548',1,0,'2023-04-22 15:02:40.002',NULL,'clgs40jfv0002kr97xp7k1oct'),('clgs40jgi000ikr971f2440ts','Erdorium Stone',0.4,'1636',1,0,'2023-04-22 15:02:40.002',NULL,'clgs40jfv0002kr97xp7k1oct'),('clgs40jgi000jkr97kwotlxf2','Erionite Stone',0.2,'3231',1,0,'2023-04-22 15:02:40.002',NULL,'clgs40jfv0002kr97xp7k1oct'),('clgs40jgi000kkr97bh4215vn','Frigulite Stone',0.12,'1951',1,0,'2023-04-22 15:02:40.002',NULL,'clgs40jfv0002kr97xp7k1oct'),('clgs40jgi000lkr97rzm6tdq2','Ganganite Stone',0.12,'1257',1,0,'2023-04-22 15:02:40.002',NULL,'clgs40jfv0002kr97xp7k1oct'),('clgs40jgi000mkr976tzmlpv4','Gazzurdite Stone',0.25,'1544',1,0,'2023-04-22 15:02:40.002',NULL,'clgs40jfv0002kr97xp7k1oct'),('clgs40jgi000nkr97kvvji4ly','Gold Stone',1,'1553',1,0,'2023-04-22 15:02:40.002',NULL,'clgs40jfv0002kr97xp7k1oct'),('clgs40jgi000okr974dwnd1cq','Hansidian Rock',0.01,'1719',1,0,'2023-04-22 15:02:40.002',NULL,'clgs40jfv0002kr97xp7k1oct'),('clgs40jgi000pkr97qzlyy138','Himi Rock',0.142,'2308',1,0,'2023-04-22 15:02:40.002',NULL,'clgs40jfv0002kr97xp7k1oct'),('clgs40jgi000qkr97ctvajanf','Ignisium Stone',0.7,'1549',1,0,'2023-04-22 15:02:40.002',NULL,'clgs40jfv0002kr97xp7k1oct'),('clgs40jgi000rkr973qxtlhdd','Iolite Stone',0.2,'3233',1,0,'2023-04-22 15:02:40.002',NULL,'clgs40jfv0002kr97xp7k1oct'),('clgs40jgi000skr972zsmq852','Iron Stone',0.13,'1541',1,0,'2023-04-22 15:02:40.002',NULL,'clgs40jfv0002kr97xp7k1oct'),('clgs40jgi000tkr975x409sqk','Kanerium Ore',2.5,'1541',1,0,'2023-04-22 15:02:40.002',NULL,'clgs40jfv0002kr97xp7k1oct'),('clgs40jgi000ukr97x4e841ou','Kirtz Stone',5.6,'1817',1,0,'2023-04-22 15:02:40.002',NULL,'clgs40jfv0002kr97xp7k1oct'),('clgs40jgi000vkr97fk2kfa59','Langotz Stone',0.9,'1552',1,0,'2023-04-22 15:02:40.002',NULL,'clgs40jfv0002kr97xp7k1oct'),('clgs40jgi000wkr97l7asxmt7','Lanorium Stone',0.22,'1273',1,0,'2023-04-22 15:02:40.002',NULL,'clgs40jfv0002kr97xp7k1oct'),('clgs40jgi000xkr971iw08830','Lysterium Stone',0.01,'1540',1,0,'2023-04-22 15:02:40.002',NULL,'clgs40jfv0002kr97xp7k1oct'),('clgs40jgi000ykr97nbk8tdkj','Maganite Ore',1.05,'1539',1,0,'2023-04-22 15:02:40.002',NULL,'clgs40jfv0002kr97xp7k1oct'),('clgs40jgi000zkr97f541nwol','Megan Stone',0.18,'1542',1,0,'2023-04-22 15:02:40.002',NULL,'clgs40jfv0002kr97xp7k1oct'),('clgs40jgi0010kr97lsmtpt42','Morpheus Stone',0.83,'1966',1,0,'2023-04-22 15:02:40.002',NULL,'clgs40jfv0002kr97xp7k1oct'),('clgs40jgi0011kr979zkut7r0','Narcanisum Stone',0.08,'1556',1,0,'2023-04-22 15:02:40.002',NULL,'clgs40jfv0002kr97xp7k1oct'),('clgs40jgi0012kr97r7xn7ze4','Niksarium Stone',0.65,'1551',1,0,'2023-04-22 15:02:40.002',NULL,'clgs40jfv0002kr97xp7k1oct'),('clgs40jgi0013kr97kozikdg5','Petonium Stone',1.79,'1256',1,0,'2023-04-22 15:02:40.002',NULL,'clgs40jfv0002kr97xp7k1oct'),('clgs40jgi0014kr97ljoyfwmd','Platinum Stone',3,'1950',1,0,'2023-04-22 15:02:40.002',NULL,'clgs40jfv0002kr97xp7k1oct'),('clgs40jgi0015kr978wbg5vfm','Pyrite Stone',0.2,'3235',1,0,'2023-04-22 15:02:40.002',NULL,'clgs40jfv0002kr97xp7k1oct'),('clgs40jgi0016kr97ed789ikp','Quantium Stone',0.6,'1639',1,0,'2023-04-22 15:02:40.002',NULL,'clgs40jfv0002kr97xp7k1oct'),('clgs40jgi0017kr977dcktuyp','Redulite Ore',2.2,'2848',1,0,'2023-04-22 15:02:40.002',NULL,'clgs40jfv0002kr97xp7k1oct'),('clgs40jgi0018kr97jzu4v2ps','Rugaritz Ore',1.5,'3235',1,0,'2023-04-22 15:02:40.002',NULL,'clgs40jfv0002kr97xp7k1oct'),('clgs40jgi0019kr973hqbh75b','Terrudite Stone',1.1,'1555',1,0,'2023-04-22 15:02:40.002',NULL,'clgs40jfv0002kr97xp7k1oct'),('clgs40jgi001akr97gfq9un6q','Tridenite Ore',2,'2655',1,0,'2023-04-22 15:02:40.002',NULL,'clgs40jfv0002kr97xp7k1oct'),('clgs40jgi001bkr97syrsnamd','Valurite Stone',6,'1640',1,0,'2023-04-22 15:02:40.002',NULL,'clgs40jfv0002kr97xp7k1oct'),('clgs40jgi001ckr97vjmb4cnf','Vesperdite Ore',1.8,'2844',1,0,'2023-04-22 15:02:40.002',NULL,'clgs40jfv0002kr97xp7k1oct'),('clgs40jgi001dkr97xu2babq1','Xemerite Ore',4,'2567',1,0,'2023-04-22 15:02:40.002',NULL,'clgs40jfv0002kr97xp7k1oct'),('clgs40jgi001ekr9757yl5xas','Zanderium Ore',2.5,'2696',1,0,'2023-04-22 15:02:40.002',NULL,'clgs40jfv0002kr97xp7k1oct'),('clgs40jgi001fkr977mmran30','Zinc Stone',0.1,'1547',1,0,'2023-04-22 15:02:40.002',NULL,'clgs40jfv0002kr97xp7k1oct'),('clgs40jgq001gkr97i2upy556','Alternative Rock',0.01,'3732',1,0,'2023-04-22 15:02:40.010',NULL,'clgs40jfv0003kr975qoce83q'),('clgs40jgq001hkr978p2a4v4j','Adomasite Ingot',1.8,'1731',1,0,'2023-04-22 15:02:40.010',NULL,'clgs40jfv0003kr975qoce83q'),('clgs40jgq001ikr97xlwvbqtm','Alferix Ingot',2.85,'1500',1,0,'2023-04-22 15:02:40.010',NULL,'clgs40jfv0003kr975qoce83q'),('clgs40jgq001jkr979zvek9i3','Azzurdite Ingot',3.06,'1501',1,0,'2023-04-22 15:02:40.010',NULL,'clgs40jfv0003kr975qoce83q'),('clgs40jgq001kkr973p9t6hyv','Belkar Ingot',0.06,'1502',1,0,'2023-04-22 15:02:40.010',NULL,'clgs40jfv0003kr975qoce83q'),('clgs40jgq001lkr97t2dbn5zr','Blausariam Ingot',0.12,'1503',1,0,'2023-04-22 15:02:40.010',NULL,'clgs40jfv0003kr975qoce83q'),('clgs40jgq001mkr97sacey874','Caldorite Ingot',0.51,'1504',1,0,'2023-04-22 15:02:40.010',NULL,'clgs40jfv0003kr975qoce83q'),('clgs40jgq001nkr97wdjq85td','Cobalt Ingot',0.6,'1505',1,0,'2023-04-22 15:02:40.010',NULL,'clgs40jfv0003kr975qoce83q'),('clgs40jgq001okr97inbvwjez','Copper Ingot',0.48,'1506',1,0,'2023-04-22 15:02:40.010',NULL,'clgs40jfv0003kr975qoce83q'),('clgs40jgq001pkr97vlgygb4r','Cumbriz Ingot',0.45,'1507',1,0,'2023-04-22 15:02:40.010',NULL,'clgs40jfv0003kr975qoce83q'),('clgs40jgq001qkr974ki2xcvn','Dianum Ingot',3.75,'1509',1,0,'2023-04-22 15:02:40.010',NULL,'clgs40jfv0003kr975qoce83q'),('clgs40jgq001rkr97j16z2d8u','Durulium Ingot',2.4,'1510',1,0,'2023-04-22 15:02:40.010',NULL,'clgs40jfv0003kr975qoce83q'),('clgs40jgq001skr97vwgjuc0v','Erdorium Ingot',0.24,'1511',1,0,'2023-04-22 15:02:40.010',NULL,'clgs40jfv0003kr975qoce83q'),('clgs40jgq001tkr97vmn8tqyv','Erionite Ingot',0.6,'3232',1,0,'2023-04-22 15:02:40.010',NULL,'clgs40jfv0003kr975qoce83q'),('clgs40jgq001ukr97c3tll85i','Frigulite Ingot',0.36,'1512',1,0,'2023-04-22 15:02:40.010',NULL,'clgs40jfv0003kr975qoce83q'),('clgs40jgq001vkr97tare7jku','Ganganite Ingot',0.36,'1513',1,0,'2023-04-22 15:02:40.010',NULL,'clgs40jfv0003kr975qoce83q'),('clgs40jgq001wkr97tn76haa6','Gazzurdite Ingot',0.75,'1514',1,0,'2023-04-22 15:02:40.010',NULL,'clgs40jfv0003kr975qoce83q'),('clgs40jgq001xkr97badmv198','Gold Ingot',3,'1515',1,0,'2023-04-22 15:02:40.010',NULL,'clgs40jfv0003kr975qoce83q'),('clgs40jgq001ykr97lecpi3xt','Himi Ingot',0.426,'1949',1,0,'2023-04-22 15:02:40.010',NULL,'clgs40jfv0003kr975qoce83q'),('clgs40jgq001zkr973v4yz8sr','Hansidian Ingot',0.03,'1720',1,0,'2023-04-22 15:02:40.010',NULL,'clgs40jfv0003kr975qoce83q'),('clgs40jgq0020kr97gvphyuei','Ignisium Ingot',0.21,'1516',1,0,'2023-04-22 15:02:40.010',NULL,'clgs40jfv0003kr975qoce83q'),('clgs40jgq0021kr97gfaee7ed','Iolite Ingot',0.6,'3234',1,0,'2023-04-22 15:02:40.010',NULL,'clgs40jfv0003kr975qoce83q'),('clgs40jgq0022kr972kw9k6ss','Iron Ingot',0.36,'1517',1,0,'2023-04-22 15:02:40.010',NULL,'clgs40jfv0003kr975qoce83q'),('clgs40jgq0023kr9710bslli7','Kanerium Ingot',7.5,'929',1,0,'2023-04-22 15:02:40.010',NULL,'clgs40jfv0003kr975qoce83q'),('clgs40jgq0024kr97oic2feo1','Kirtz Ingot',16.8,'1519',1,0,'2023-04-22 15:02:40.010',NULL,'clgs40jfv0003kr975qoce83q'),('clgs40jgq0025kr97wepvo1gu','Langotz Ingot',2.7,'1520',1,0,'2023-04-22 15:02:40.010',NULL,'clgs40jfv0003kr975qoce83q'),('clgs40jgq0026kr97mzatasnz','Lanorium Ingot',0.66,'1521',1,0,'2023-04-22 15:02:40.010',NULL,'clgs40jfv0003kr975qoce83q'),('clgs40jgq0027kr97bau2piw0','Lysterium Ingot',0.03,'1522',1,0,'2023-04-22 15:02:40.010',NULL,'clgs40jfv0003kr975qoce83q'),('clgs40jgq0028kr97m3czgb1j','Maganite Ingot',3.06,'1523',1,0,'2023-04-22 15:02:40.010',NULL,'clgs40jfv0003kr975qoce83q'),('clgs40jgq0029kr974351roe5','Megan Ingot',0.54,'1524',1,0,'2023-04-22 15:02:40.010',NULL,'clgs40jfv0003kr975qoce83q'),('clgs40jgq002akr97t13hrdc4','Morpheus Ingot',2.49,'1967',1,0,'2023-04-22 15:02:40.010',NULL,'clgs40jfv0003kr975qoce83q'),('clgs40jgq002bkr97m69hogya','Narcanisum Ingot',0.24,'1525',1,0,'2023-04-22 15:02:40.010',NULL,'clgs40jfv0003kr975qoce83q'),('clgs40jgq002ckr97heb0nquf','Niksarium Ingot',1.98,'1526',1,0,'2023-04-22 15:02:40.010',NULL,'clgs40jfv0003kr975qoce83q'),('clgs40jgq002dkr97ejr42r7s','Petonium Ingot',5.37,'1527',1,0,'2023-04-22 15:02:40.010',NULL,'clgs40jfv0003kr975qoce83q'),('clgs40jgq002ekr9709nwn777','Platinum Ingot',9,'1908',1,0,'2023-04-22 15:02:40.010',NULL,'clgs40jfv0003kr975qoce83q'),('clgs40jgq002fkr97x464yuqh','Pyrite Ingot',0.6,'3236',1,0,'2023-04-22 15:02:40.010',NULL,'clgs40jfv0003kr975qoce83q'),('clgs40jgq002gkr97i36gutcv','Quantium Ingot',1.8,'1528',1,0,'2023-04-22 15:02:40.010',NULL,'clgs40jfv0003kr975qoce83q'),('clgs40jgq002hkr97488sljqx','Redulite Ingot',6.6,'2846',1,0,'2023-04-22 15:02:40.010',NULL,'clgs40jfv0003kr975qoce83q'),('clgs40jgq002ikr97llbplptw','Rugaritz Ingot',4.5,'1529',1,0,'2023-04-22 15:02:40.010',NULL,'clgs40jfv0003kr975qoce83q'),('clgs40jgq002jkr97o6bliqb6','Terrudite Ingot',3.3,'1530',1,0,'2023-04-22 15:02:40.010',NULL,'clgs40jfv0003kr975qoce83q'),('clgs40jgq002kkr975ceebuej','Tridenite Ingot',6,'2309',1,0,'2023-04-22 15:02:40.010',NULL,'clgs40jfv0003kr975qoce83q'),('clgs40jgq002lkr973s7wzkvm','Valurite Ingot',18,'1531',1,0,'2023-04-22 15:02:40.010',NULL,'clgs40jfv0003kr975qoce83q'),('clgs40jgq002mkr97qjzwtfjt','Vesperdite Ingot',5.4,'2845',1,0,'2023-04-22 15:02:40.010',NULL,'clgs40jfv0003kr975qoce83q'),('clgs40jgq002nkr97umgqqkhe','Xemerite Ingot',12,'1909',1,0,'2023-04-22 15:02:40.010',NULL,'clgs40jfv0003kr975qoce83q'),('clgs40jgq002okr97qqxxrsp1','Zanderium Ingot',7.5,'3050',1,0,'2023-04-22 15:02:40.010',NULL,'clgs40jfv0003kr975qoce83q'),('clgs40jgq002pkr97btpy0pk9','Zinc Ingot',0.3,'1532',1,0,'2023-04-22 15:02:40.010',NULL,'clgs40jfv0003kr975qoce83q'),('clgs40jgy002qkr9732ov5ipf','Acid Root',0.64,'1271',1,0,'2023-04-22 15:02:40.011',NULL,'clgs40jfv0000kr97eiehfpyd'),('clgs40jgy002rkr97u2v5yz9n','Alicenies Liquid',0.05,'368',1,0,'2023-04-22 15:02:40.011',NULL,'clgs40jfv0000kr97eiehfpyd'),('clgs40jgy002skr97k1v9msxw','Angelic Grit',0.5,'707',1,0,'2023-04-22 15:02:40.011',NULL,'clgs40jfv0000kr97eiehfpyd'),('clgs40jgy002tkr97k151r9jo','Angel Scales',0.01,'1900',1,0,'2023-04-22 15:02:40.011',NULL,'clgs40jfv0000kr97eiehfpyd'),('clgs40jgy002ukr97j0fy4y08','Ares Head',0.26,'708',1,0,'2023-04-22 15:02:40.011',NULL,'clgs40jfv0000kr97eiehfpyd'),('clgs40jgy002vkr97l31voguj','Azur Pearl',0.96,'1255',1,0,'2023-04-22 15:02:40.011',NULL,'clgs40jfv0000kr97eiehfpyd'),('clgs40jgy002wkr97i53dt2e1','Binary Fluid',0.75,'1392',1,0,'2023-04-22 15:02:40.011',NULL,'clgs40jfv0000kr97eiehfpyd'),('clgs40jgy002xkr97cfh65szq','Blood Moss',0.09,'1820',1,0,'2023-04-22 15:02:40.011',NULL,'clgs40jfv0000kr97eiehfpyd'),('clgs40jgy002ykr97184a1ka6','Cave Sap',0.39,'1270',1,0,'2023-04-22 15:02:40.011',NULL,'clgs40jfv0000kr97eiehfpyd'),('clgs40jgy002zkr97lhzz9shk','Crude Oil',0.01,'395',1,0,'2023-04-22 15:02:40.011',NULL,'clgs40jfv0000kr97eiehfpyd'),('clgs40jgy0030kr97sx2yi7qo','Dianthus Liquid',0.3,'3202',1,0,'2023-04-22 15:02:40.011',NULL,'clgs40jfv0000kr97eiehfpyd'),('clgs40jgy0031kr979f0l3rrj','Dunkel Particle',0.55,'3526',1,0,'2023-04-22 15:02:40.011',NULL,'clgs40jfv0000kr97eiehfpyd'),('clgs40jgy0032kr97ndwaje55','Energized Crystal',0.3,'3203',1,0,'2023-04-22 15:02:40.011',NULL,'clgs40jfv0000kr97eiehfpyd'),('clgs40jgy0033kr97irlje79n','Ferrum Nuts',1,'1965',1,0,'2023-04-22 15:02:40.011',NULL,'clgs40jfv0000kr97eiehfpyd'),('clgs40jgy0034kr97k5tsglja','File Root Globule',0.3,'3230',1,0,'2023-04-22 15:02:40.011',NULL,'clgs40jfv0000kr97eiehfpyd'),('clgs40jgy0035kr97m76kr3y9','Garcen Grease',0.1,'699',1,0,'2023-04-22 15:02:40.011',NULL,'clgs40jfv0000kr97eiehfpyd'),('clgs40jgy0036kr97irujibl0','Henren Stems',0.63,'2697',1,0,'2023-04-22 15:02:40.011',NULL,'clgs40jfv0000kr97eiehfpyd'),('clgs40jgy0037kr97p5bqrtz0','Lumis Leach',0.42,'1488',1,0,'2023-04-22 15:02:40.011',NULL,'clgs40jfv0000kr97eiehfpyd'),('clgs40jgy0038kr97jjf9oscl','Lytairian Dust',0.19,'949',1,0,'2023-04-22 15:02:40.011',NULL,'clgs40jfv0000kr97eiehfpyd'),('clgs40jgy0039kr978kzmey05','Magerian Mist',0.25,'526',1,0,'2023-04-22 15:02:40.011',NULL,'clgs40jfv0000kr97eiehfpyd'),('clgs40jgy003akr97douxsl5l','Melchi Water',0.02,'706',1,0,'2023-04-22 15:02:40.011',NULL,'clgs40jfv0000kr97eiehfpyd'),('clgs40jgy003bkr977tfeiatu','Solis Bean',0.78,'2044',1,0,'2023-04-22 15:02:40.011',NULL,'clgs40jfv0000kr97eiehfpyd'),('clgs40jgy003ckr97ij33v59b','Typonolic Steam',0.15,'1254',1,0,'2023-04-22 15:02:40.011',NULL,'clgs40jfv0000kr97eiehfpyd'),('clgs40jgy003dkr97foql1vqm','Vegetation Spores',0.4,'2307',1,0,'2023-04-22 15:02:40.011',NULL,'clgs40jfv0000kr97eiehfpyd'),('clgs40ji7003ekr971fvz9njl','Root Acid',1.28,'1276',1,0,'2023-04-22 15:02:40.013',NULL,'clgs40jfv0001kr97e8lxbn1i'),('clgs40ji7003fkr97fqq3ihnl','Alicenies Gel',0.1,'1373',1,0,'2023-04-22 15:02:40.013',NULL,'clgs40jfv0001kr97e8lxbn1i'),('clgs40ji8003gkr9762n8kx03','Angelic Flakes',1,'364',1,0,'2023-04-22 15:02:40.013',NULL,'clgs40jfv0001kr97e8lxbn1i'),('clgs40ji8003hkr97z3qmejnh','Light Mail',0.02,'1902',1,0,'2023-04-22 15:02:40.013',NULL,'clgs40jfv0001kr97e8lxbn1i'),('clgs40ji8003ikr97wpi3ao3c','Ares Powder',0.52,'1375',1,0,'2023-04-22 15:02:40.013',NULL,'clgs40jfv0001kr97e8lxbn1i'),('clgs40ji8003jkr97d31docn3','Pearl Sand',1.92,'1252',1,0,'2023-04-22 15:02:40.013',NULL,'clgs40jfv0001kr97e8lxbn1i'),('clgs40ji8003kkr97b5rbz6b0','Binary Energy',1.5,'1177',1,0,'2023-04-22 15:02:40.013',NULL,'clgs40jfv0001kr97e8lxbn1i'),('clgs40ji8003lkr97nlo9jzs2','Medical Compress',0.18,'1819',1,0,'2023-04-22 15:02:40.013',NULL,'clgs40jfv0001kr97e8lxbn1i'),('clgs40ji8003mkr973eg67gpd','Putty',0.78,'1277',1,0,'2023-04-22 15:02:40.013',NULL,'clgs40jfv0001kr97e8lxbn1i'),('clgs40ji8003nkr97qi2mlvb2','Oil',0.02,'371',1,0,'2023-04-22 15:02:40.013',NULL,'clgs40jfv0001kr97e8lxbn1i'),('clgs40ji8003okr97pwfsihz2','Dianthus Crystal Powder',0.6,'3205',1,0,'2023-04-22 15:02:40.013',NULL,'clgs40jfv0001kr97e8lxbn1i'),('clgs40ji8003pkr97yh7btxqb','Dunkel Plastix',1.1,'1656',1,0,'2023-04-22 15:02:40.013',NULL,'clgs40jfv0001kr97e8lxbn1i'),('clgs40ji8003qkr97eeyt5ndt','Energized Crystal Cell',0.6,'3206',1,0,'2023-04-22 15:02:40.013',NULL,'clgs40jfv0001kr97e8lxbn1i'),('clgs40ji8003rkr97wyur1kit','Antimagnetic Oil',2,'1903',1,0,'2023-04-22 15:02:40.013',NULL,'clgs40jfv0001kr97e8lxbn1i'),('clgs40ji8003skr97tdd5wcli','File Root Pellet',0.6,'3204',1,0,'2023-04-22 15:02:40.013',NULL,'clgs40jfv0001kr97e8lxbn1i'),('clgs40ji8003tkr971p7vov59','Garcen Lubricant',0.2,'1227',1,0,'2023-04-22 15:02:40.013',NULL,'clgs40jfv0001kr97e8lxbn1i'),('clgs40ji8003ukr97m1e3sfax','Henren Cube',1.26,'2693',1,0,'2023-04-22 15:02:40.013',NULL,'clgs40jfv0001kr97e8lxbn1i'),('clgs40ji8003vkr97bh0pqp0k','Light Liquid',0.84,'1498',1,0,'2023-04-22 15:02:40.013',NULL,'clgs40jfv0001kr97e8lxbn1i'),('clgs40ji8003wkr97o90rg0fh','Lytairian Powder',0.38,'950',1,0,'2023-04-22 15:02:40.013',NULL,'clgs40jfv0001kr97e8lxbn1i'),('clgs40ji8003xkr97w9irx5l9','Magerian Spray',0.5,'1660',1,0,'2023-04-22 15:02:40.013',NULL,'clgs40jfv0001kr97e8lxbn1i'),('clgs40ji8003ykr97xrs7ydyn','Melchi Crystal',0.04,'1904',1,0,'2023-04-22 15:02:40.013',NULL,'clgs40jfv0001kr97e8lxbn1i'),('clgs40ji8003zkr976gedgijk','Chalmon',1.56,'1730',1,0,'2023-04-22 15:02:40.013',NULL,'clgs40jfv0001kr97e8lxbn1i'),('clgs40ji80040kr97ucc4hs70','Typonolic Gas',0.3,'1662',1,0,'2023-04-22 15:02:40.013',NULL,'clgs40jfv0001kr97e8lxbn1i'),('clgs40ji80041kr97v8lshglb','Inhaler',0.8,'1901',1,0,'2023-04-22 15:02:40.013',NULL,'clgs40jfv0001kr97e8lxbn1i');
/*!40000 ALTER TABLE `Item` ENABLE KEYS */;
UNLOCK TABLES;

--
-- Table structure for table `ItemCategory`
--

DROP TABLE IF EXISTS `ItemCategory`;
/*!40101 SET @saved_cs_client     = @@character_set_client */;
/*!50503 SET character_set_client = utf8mb4 */;
CREATE TABLE `ItemCategory` (
  `id` varchar(191) CHARACTER SET utf8mb4 COLLATE utf8mb4_unicode_ci NOT NULL,
  `name` varchar(191) CHARACTER SET utf8mb4 COLLATE utf8mb4_unicode_ci NOT NULL,
  `isActive` tinyint(1) NOT NULL DEFAULT '1',
  `createdAt` datetime(3) NOT NULL DEFAULT CURRENT_TIMESTAMP(3),
  `modifiedAt` datetime(3) DEFAULT NULL,
  PRIMARY KEY (`id`),
  UNIQUE KEY `ItemCategory_name_key` (`name`)
) ENGINE=InnoDB DEFAULT CHARSET=utf8mb4 COLLATE=utf8mb4_unicode_ci;
/*!40101 SET character_set_client = @saved_cs_client */;

--
-- Dumping data for table `ItemCategory`
--

LOCK TABLES `ItemCategory` WRITE;
/*!40000 ALTER TABLE `ItemCategory` DISABLE KEYS */;
INSERT INTO `ItemCategory` VALUES ('clhewya1i0000ptz50egahp5n','Ressources',1,'2023-05-08 14:03:39.223',NULL);
/*!40000 ALTER TABLE `ItemCategory` ENABLE KEYS */;
UNLOCK TABLES;

--
-- Table structure for table `ItemType`
--

DROP TABLE IF EXISTS `ItemType`;
/*!40101 SET @saved_cs_client     = @@character_set_client */;
/*!50503 SET character_set_client = utf8mb4 */;
CREATE TABLE `ItemType` (
  `id` varchar(191) CHARACTER SET utf8mb4 COLLATE utf8mb4_unicode_ci NOT NULL,
  `name` varchar(191) CHARACTER SET utf8mb4 COLLATE utf8mb4_unicode_ci NOT NULL,
  `isActive` tinyint(1) NOT NULL DEFAULT '1',
  `isStackable` tinyint(1) NOT NULL DEFAULT '1',
  `createdAt` datetime(3) NOT NULL DEFAULT CURRENT_TIMESTAMP(3),
  `modifiedAt` datetime(3) DEFAULT NULL,
  `itemCategoryId` varchar(191) CHARACTER SET utf8mb4 COLLATE utf8mb4_unicode_ci NOT NULL,
  PRIMARY KEY (`id`),
  UNIQUE KEY `ItemType_name_key` (`name`),
  KEY `ItemType_itemCategoryId_fkey` (`itemCategoryId`),
  CONSTRAINT `ItemType_itemCategoryId_fkey` FOREIGN KEY (`itemCategoryId`) REFERENCES `ItemCategory` (`id`) ON DELETE RESTRICT ON UPDATE CASCADE
) ENGINE=InnoDB DEFAULT CHARSET=utf8mb4 COLLATE=utf8mb4_unicode_ci;
/*!40101 SET character_set_client = @saved_cs_client */;

--
-- Dumping data for table `ItemType`
--

LOCK TABLES `ItemType` WRITE;
/*!40000 ALTER TABLE `ItemType` DISABLE KEYS */;
INSERT INTO `ItemType` VALUES ('clgs40jfv0000kr97eiehfpyd','Enmatter',1,1,'2023-04-22 15:02:39.980',NULL,'clhewya1i0000ptz50egahp5n'),('clgs40jfv0001kr97e8lxbn1i','Refined Enmatter',1,1,'2023-04-22 15:02:39.980',NULL,'clhewya1i0000ptz50egahp5n'),('clgs40jfv0002kr97xp7k1oct','Ore',1,1,'2023-04-22 15:02:39.980',NULL,'clhewya1i0000ptz50egahp5n'),('clgs40jfv0003kr975qoce83q','Refined Ore',1,1,'2023-04-22 15:02:39.980',NULL,'clhewya1i0000ptz50egahp5n');
/*!40000 ALTER TABLE `ItemType` ENABLE KEYS */;
UNLOCK TABLES;

--
-- Table structure for table `Resource`
--

DROP TABLE IF EXISTS `Resource`;
/*!40101 SET @saved_cs_client     = @@character_set_client */;
/*!50503 SET character_set_client = utf8mb4 */;
CREATE TABLE `Resource` (
  `id` varchar(191) CHARACTER SET utf8mb4 COLLATE utf8mb4_unicode_ci NOT NULL,
  `name` varchar(191) CHARACTER SET utf8mb4 COLLATE utf8mb4_unicode_ci NOT NULL,
  `value` double NOT NULL DEFAULT '0',
  `imageUrlId` varchar(191) CHARACTER SET utf8mb4 COLLATE utf8mb4_unicode_ci DEFAULT NULL,
  `isActive` tinyint(1) NOT NULL DEFAULT '1',
  `createdAt` datetime(3) NOT NULL DEFAULT CURRENT_TIMESTAMP(3),
  `modifiedAt` datetime(3) DEFAULT NULL,
  `resourceTypeId` varchar(191) CHARACTER SET utf8mb4 COLLATE utf8mb4_unicode_ci NOT NULL,
  PRIMARY KEY (`id`),
  UNIQUE KEY `Resource_name_key` (`name`),
  KEY `Resource_resourceTypeId_fkey` (`resourceTypeId`),
  CONSTRAINT `Resource_resourceTypeId_fkey` FOREIGN KEY (`resourceTypeId`) REFERENCES `ResourceType` (`id`) ON DELETE RESTRICT ON UPDATE CASCADE
) ENGINE=InnoDB DEFAULT CHARSET=utf8mb4 COLLATE=utf8mb4_unicode_ci;
/*!40101 SET character_set_client = @saved_cs_client */;

--
-- Dumping data for table `Resource`
--

LOCK TABLES `Resource` WRITE;
/*!40000 ALTER TABLE `Resource` DISABLE KEYS */;
INSERT INTO `Resource` VALUES ('clgs40jgi0007kr97cgt6kp7r','Adomasite Stone',0.6,'1818',1,'2023-04-22 15:02:40.002',NULL,'clgs40jfv0002kr97xp7k1oct'),('clgs40jgi0008kr97iw2qwdq1','Alferix Stone',0.95,'1637',1,'2023-04-22 15:02:40.002',NULL,'clgs40jfv0002kr97xp7k1oct'),('clgs40jgi0009kr97u0hxfm8e','Azzurdite Stone',1.02,'1381',1,'2023-04-22 15:02:40.002',NULL,'clgs40jfv0002kr97xp7k1oct'),('clgs40jgi000akr97gfddrgcr','Belkar Stone',0.02,'1545',1,'2023-04-22 15:02:40.002',NULL,'clgs40jfv0002kr97xp7k1oct'),('clgs40jgi000bkr97si0mg42w','Blausariam Stone',0.04,'1546',1,'2023-04-22 15:02:40.002',NULL,'clgs40jfv0002kr97xp7k1oct'),('clgs40jgi000ckr97q9oeh57l','Caldorite Stone',0.17,'1543',1,'2023-04-22 15:02:40.002',NULL,'clgs40jfv0002kr97xp7k1oct'),('clgs40jgi000dkr97mzye7wvk','Cobalt Stone',0.2,'1638',1,'2023-04-22 15:02:40.002',NULL,'clgs40jfv0002kr97xp7k1oct'),('clgs40jgi000ekr97nupdpuow','Copper Stone',0.16,'1554',1,'2023-04-22 15:02:40.002',NULL,'clgs40jfv0002kr97xp7k1oct'),('clgs40jgi000fkr97hwrkgffq','Cumbriz Stone',0.15,'1550',1,'2023-04-22 15:02:40.002',NULL,'clgs40jfv0002kr97xp7k1oct'),('clgs40jgi000gkr976qiqxs69','Dianum Ore',1.25,'1952',1,'2023-04-22 15:02:40.002',NULL,'clgs40jfv0002kr97xp7k1oct'),('clgs40jgi000hkr972rw7qbyn','Durulium Stone',0.8,'1548',1,'2023-04-22 15:02:40.002',NULL,'clgs40jfv0002kr97xp7k1oct'),('clgs40jgi000ikr971f2440ts','Erdorium Stone',0.4,'1636',1,'2023-04-22 15:02:40.002',NULL,'clgs40jfv0002kr97xp7k1oct'),('clgs40jgi000jkr97kwotlxf2','Erionite Stone',0.2,'3231',1,'2023-04-22 15:02:40.002',NULL,'clgs40jfv0002kr97xp7k1oct'),('clgs40jgi000kkr97bh4215vn','Frigulite Stone',0.12,'1951',1,'2023-04-22 15:02:40.002',NULL,'clgs40jfv0002kr97xp7k1oct'),('clgs40jgi000lkr97rzm6tdq2','Ganganite Stone',0.12,'1257',1,'2023-04-22 15:02:40.002',NULL,'clgs40jfv0002kr97xp7k1oct'),('clgs40jgi000mkr976tzmlpv4','Gazzurdite Stone',0.25,'1544',1,'2023-04-22 15:02:40.002',NULL,'clgs40jfv0002kr97xp7k1oct'),('clgs40jgi000nkr97kvvji4ly','Gold Stone',1,'1553',1,'2023-04-22 15:02:40.002',NULL,'clgs40jfv0002kr97xp7k1oct'),('clgs40jgi000okr974dwnd1cq','Hansidian Rock',0.01,'1719',1,'2023-04-22 15:02:40.002',NULL,'clgs40jfv0002kr97xp7k1oct'),('clgs40jgi000pkr97qzlyy138','Himi Rock',0.142,'2308',1,'2023-04-22 15:02:40.002',NULL,'clgs40jfv0002kr97xp7k1oct'),('clgs40jgi000qkr97ctvajanf','Ignisium Stone',0.7,'1549',1,'2023-04-22 15:02:40.002',NULL,'clgs40jfv0002kr97xp7k1oct'),('clgs40jgi000rkr973qxtlhdd','Iolite Stone',0.2,'3233',1,'2023-04-22 15:02:40.002',NULL,'clgs40jfv0002kr97xp7k1oct'),('clgs40jgi000skr972zsmq852','Iron Stone',0.13,'1541',1,'2023-04-22 15:02:40.002',NULL,'clgs40jfv0002kr97xp7k1oct'),('clgs40jgi000tkr975x409sqk','Kanerium Ore',2.5,'1541',1,'2023-04-22 15:02:40.002',NULL,'clgs40jfv0002kr97xp7k1oct'),('clgs40jgi000ukr97x4e841ou','Kirtz Stone',5.6,'1817',1,'2023-04-22 15:02:40.002',NULL,'clgs40jfv0002kr97xp7k1oct'),('clgs40jgi000vkr97fk2kfa59','Langotz Stone',0.9,'1552',1,'2023-04-22 15:02:40.002',NULL,'clgs40jfv0002kr97xp7k1oct'),('clgs40jgi000wkr97l7asxmt7','Lanorium Stone',0.22,'1273',1,'2023-04-22 15:02:40.002',NULL,'clgs40jfv0002kr97xp7k1oct'),('clgs40jgi000xkr971iw08830','Lysterium Stone',0.01,'1540',1,'2023-04-22 15:02:40.002',NULL,'clgs40jfv0002kr97xp7k1oct'),('clgs40jgi000ykr97nbk8tdkj','Maganite Ore',1.05,'1539',1,'2023-04-22 15:02:40.002',NULL,'clgs40jfv0002kr97xp7k1oct'),('clgs40jgi000zkr97f541nwol','Megan Stone',0.18,'1542',1,'2023-04-22 15:02:40.002',NULL,'clgs40jfv0002kr97xp7k1oct'),('clgs40jgi0010kr97lsmtpt42','Morpheus Stone',0.83,'1966',1,'2023-04-22 15:02:40.002',NULL,'clgs40jfv0002kr97xp7k1oct'),('clgs40jgi0011kr979zkut7r0','Narcanisum Stone',0.08,'1556',1,'2023-04-22 15:02:40.002',NULL,'clgs40jfv0002kr97xp7k1oct'),('clgs40jgi0012kr97r7xn7ze4','Niksarium Stone',0.65,'1551',1,'2023-04-22 15:02:40.002',NULL,'clgs40jfv0002kr97xp7k1oct'),('clgs40jgi0013kr97kozikdg5','Petonium Stone',1.79,'1256',1,'2023-04-22 15:02:40.002',NULL,'clgs40jfv0002kr97xp7k1oct'),('clgs40jgi0014kr97ljoyfwmd','Platinum Stone',3,'1950',1,'2023-04-22 15:02:40.002',NULL,'clgs40jfv0002kr97xp7k1oct'),('clgs40jgi0015kr978wbg5vfm','Pyrite Stone',0.2,'3235',1,'2023-04-22 15:02:40.002',NULL,'clgs40jfv0002kr97xp7k1oct'),('clgs40jgi0016kr97ed789ikp','Quantium Stone',0.6,'1639',1,'2023-04-22 15:02:40.002',NULL,'clgs40jfv0002kr97xp7k1oct'),('clgs40jgi0017kr977dcktuyp','Redulite Ore',2.2,'2848',1,'2023-04-22 15:02:40.002',NULL,'clgs40jfv0002kr97xp7k1oct'),('clgs40jgi0018kr97jzu4v2ps','Rugaritz Ore',1.5,'3235',1,'2023-04-22 15:02:40.002',NULL,'clgs40jfv0002kr97xp7k1oct'),('clgs40jgi0019kr973hqbh75b','Terrudite Stone',1.1,'1555',1,'2023-04-22 15:02:40.002',NULL,'clgs40jfv0002kr97xp7k1oct'),('clgs40jgi001akr97gfq9un6q','Tridenite Ore',2,'2655',1,'2023-04-22 15:02:40.002',NULL,'clgs40jfv0002kr97xp7k1oct'),('clgs40jgi001bkr97syrsnamd','Valurite Stone',6,'1640',1,'2023-04-22 15:02:40.002',NULL,'clgs40jfv0002kr97xp7k1oct'),('clgs40jgi001ckr97vjmb4cnf','Vesperdite Ore',1.8,'2844',1,'2023-04-22 15:02:40.002',NULL,'clgs40jfv0002kr97xp7k1oct'),('clgs40jgi001dkr97xu2babq1','Xemerite Ore',4,'2567',1,'2023-04-22 15:02:40.002',NULL,'clgs40jfv0002kr97xp7k1oct'),('clgs40jgi001ekr9757yl5xas','Zanderium Ore',2.5,'2696',1,'2023-04-22 15:02:40.002',NULL,'clgs40jfv0002kr97xp7k1oct'),('clgs40jgi001fkr977mmran30','Zinc Stone',0.1,'1547',1,'2023-04-22 15:02:40.002',NULL,'clgs40jfv0002kr97xp7k1oct'),('clgs40jgq001gkr97i2upy556','Alternative Rock',0.01,'3732',1,'2023-04-22 15:02:40.010',NULL,'clgs40jfv0003kr975qoce83q'),('clgs40jgq001hkr978p2a4v4j','Adomasite Ingot',1.8,'1731',1,'2023-04-22 15:02:40.010',NULL,'clgs40jfv0003kr975qoce83q'),('clgs40jgq001ikr97xlwvbqtm','Alferix Ingot',2.85,'1500',1,'2023-04-22 15:02:40.010',NULL,'clgs40jfv0003kr975qoce83q'),('clgs40jgq001jkr979zvek9i3','Azzurdite Ingot',3.06,'1501',1,'2023-04-22 15:02:40.010',NULL,'clgs40jfv0003kr975qoce83q'),('clgs40jgq001kkr973p9t6hyv','Belkar Ingot',0.06,'1502',1,'2023-04-22 15:02:40.010',NULL,'clgs40jfv0003kr975qoce83q'),('clgs40jgq001lkr97t2dbn5zr','Blausariam Ingot',0.12,'1503',1,'2023-04-22 15:02:40.010',NULL,'clgs40jfv0003kr975qoce83q'),('clgs40jgq001mkr97sacey874','Caldorite Ingot',0.51,'1504',1,'2023-04-22 15:02:40.010',NULL,'clgs40jfv0003kr975qoce83q'),('clgs40jgq001nkr97wdjq85td','Cobalt Ingot',0.6,'1505',1,'2023-04-22 15:02:40.010',NULL,'clgs40jfv0003kr975qoce83q'),('clgs40jgq001okr97inbvwjez','Copper Ingot',0.48,'1506',1,'2023-04-22 15:02:40.010',NULL,'clgs40jfv0003kr975qoce83q'),('clgs40jgq001pkr97vlgygb4r','Cumbriz Ingot',0.45,'1507',1,'2023-04-22 15:02:40.010',NULL,'clgs40jfv0003kr975qoce83q'),('clgs40jgq001qkr974ki2xcvn','Dianum Ingot',3.75,'1509',1,'2023-04-22 15:02:40.010',NULL,'clgs40jfv0003kr975qoce83q'),('clgs40jgq001rkr97j16z2d8u','Durulium Ingot',2.4,'1510',1,'2023-04-22 15:02:40.010',NULL,'clgs40jfv0003kr975qoce83q'),('clgs40jgq001skr97vwgjuc0v','Erdorium Ingot',0.24,'1511',1,'2023-04-22 15:02:40.010',NULL,'clgs40jfv0003kr975qoce83q'),('clgs40jgq001tkr97vmn8tqyv','Erionite Ingot',0.6,'3232',1,'2023-04-22 15:02:40.010',NULL,'clgs40jfv0003kr975qoce83q'),('clgs40jgq001ukr97c3tll85i','Frigulite Ingot',0.36,'1512',1,'2023-04-22 15:02:40.010',NULL,'clgs40jfv0003kr975qoce83q'),('clgs40jgq001vkr97tare7jku','Ganganite Ingot',0.36,'1513',1,'2023-04-22 15:02:40.010',NULL,'clgs40jfv0003kr975qoce83q'),('clgs40jgq001wkr97tn76haa6','Gazzurdite Ingot',0.75,'1514',1,'2023-04-22 15:02:40.010',NULL,'clgs40jfv0003kr975qoce83q'),('clgs40jgq001xkr97badmv198','Gold Ingot',3,'1515',1,'2023-04-22 15:02:40.010',NULL,'clgs40jfv0003kr975qoce83q'),('clgs40jgq001ykr97lecpi3xt','Himi Ingot',0.426,'1949',1,'2023-04-22 15:02:40.010',NULL,'clgs40jfv0003kr975qoce83q'),('clgs40jgq001zkr973v4yz8sr','Hansidian Ingot',0.03,'1720',1,'2023-04-22 15:02:40.010',NULL,'clgs40jfv0003kr975qoce83q'),('clgs40jgq0020kr97gvphyuei','Ignisium Ingot',0.21,'1516',1,'2023-04-22 15:02:40.010',NULL,'clgs40jfv0003kr975qoce83q'),('clgs40jgq0021kr97gfaee7ed','Iolite Ingot',0.6,'3234',1,'2023-04-22 15:02:40.010',NULL,'clgs40jfv0003kr975qoce83q'),('clgs40jgq0022kr972kw9k6ss','Iron Ingot',0.36,'1517',1,'2023-04-22 15:02:40.010',NULL,'clgs40jfv0003kr975qoce83q'),('clgs40jgq0023kr9710bslli7','Kanerium Ingot',7.5,'929',1,'2023-04-22 15:02:40.010',NULL,'clgs40jfv0003kr975qoce83q'),('clgs40jgq0024kr97oic2feo1','Kirtz Ingot',16.8,'1519',1,'2023-04-22 15:02:40.010',NULL,'clgs40jfv0003kr975qoce83q'),('clgs40jgq0025kr97wepvo1gu','Langotz Ingot',2.7,'1520',1,'2023-04-22 15:02:40.010',NULL,'clgs40jfv0003kr975qoce83q'),('clgs40jgq0026kr97mzatasnz','Lanorium Ingot',0.66,'1521',1,'2023-04-22 15:02:40.010',NULL,'clgs40jfv0003kr975qoce83q'),('clgs40jgq0027kr97bau2piw0','Lysterium Ingot',0.03,'1522',1,'2023-04-22 15:02:40.010',NULL,'clgs40jfv0003kr975qoce83q'),('clgs40jgq0028kr97m3czgb1j','Maganite Ingot',3.06,'1523',1,'2023-04-22 15:02:40.010',NULL,'clgs40jfv0003kr975qoce83q'),('clgs40jgq0029kr974351roe5','Megan Ingot',0.54,'1524',1,'2023-04-22 15:02:40.010',NULL,'clgs40jfv0003kr975qoce83q'),('clgs40jgq002akr97t13hrdc4','Morpheus Ingot',2.49,'1967',1,'2023-04-22 15:02:40.010',NULL,'clgs40jfv0003kr975qoce83q'),('clgs40jgq002bkr97m69hogya','Narcanisum Ingot',0.24,'1525',1,'2023-04-22 15:02:40.010',NULL,'clgs40jfv0003kr975qoce83q'),('clgs40jgq002ckr97heb0nquf','Niksarium Ingot',1.98,'1526',1,'2023-04-22 15:02:40.010',NULL,'clgs40jfv0003kr975qoce83q'),('clgs40jgq002dkr97ejr42r7s','Petonium Ingot',5.37,'1527',1,'2023-04-22 15:02:40.010',NULL,'clgs40jfv0003kr975qoce83q'),('clgs40jgq002ekr9709nwn777','Platinum Ingot',9,'1908',1,'2023-04-22 15:02:40.010',NULL,'clgs40jfv0003kr975qoce83q'),('clgs40jgq002fkr97x464yuqh','Pyrite Ingot',0.6,'3236',1,'2023-04-22 15:02:40.010',NULL,'clgs40jfv0003kr975qoce83q'),('clgs40jgq002gkr97i36gutcv','Quantium Ingot',1.8,'1528',1,'2023-04-22 15:02:40.010',NULL,'clgs40jfv0003kr975qoce83q'),('clgs40jgq002hkr97488sljqx','Redulite Ingot',6.6,'2846',1,'2023-04-22 15:02:40.010',NULL,'clgs40jfv0003kr975qoce83q'),('clgs40jgq002ikr97llbplptw','Rugaritz Ingot',4.5,'1529',1,'2023-04-22 15:02:40.010',NULL,'clgs40jfv0003kr975qoce83q'),('clgs40jgq002jkr97o6bliqb6','Terrudite Ingot',3.3,'1530',1,'2023-04-22 15:02:40.010',NULL,'clgs40jfv0003kr975qoce83q'),('clgs40jgq002kkr975ceebuej','Tridenite Ingot',6,'2309',1,'2023-04-22 15:02:40.010',NULL,'clgs40jfv0003kr975qoce83q'),('clgs40jgq002lkr973s7wzkvm','Valurite Ingot',18,'1531',1,'2023-04-22 15:02:40.010',NULL,'clgs40jfv0003kr975qoce83q'),('clgs40jgq002mkr97qjzwtfjt','Vesperdite Ingot',5.4,'2845',1,'2023-04-22 15:02:40.010',NULL,'clgs40jfv0003kr975qoce83q'),('clgs40jgq002nkr97umgqqkhe','Xemerite Ingot',12,'1909',1,'2023-04-22 15:02:40.010',NULL,'clgs40jfv0003kr975qoce83q'),('clgs40jgq002okr97qqxxrsp1','Zanderium Ingot',7.5,'3050',1,'2023-04-22 15:02:40.010',NULL,'clgs40jfv0003kr975qoce83q'),('clgs40jgq002pkr97btpy0pk9','Zinc Ingot',0.3,'1532',1,'2023-04-22 15:02:40.010',NULL,'clgs40jfv0003kr975qoce83q'),('clgs40jgy002qkr9732ov5ipf','Acid Root',0.64,'1271',1,'2023-04-22 15:02:40.011',NULL,'clgs40jfv0000kr97eiehfpyd'),('clgs40jgy002rkr97u2v5yz9n','Alicenies Liquid',0.05,'368',1,'2023-04-22 15:02:40.011',NULL,'clgs40jfv0000kr97eiehfpyd'),('clgs40jgy002skr97k1v9msxw','Angelic Grit',0.5,'707',1,'2023-04-22 15:02:40.011',NULL,'clgs40jfv0000kr97eiehfpyd'),('clgs40jgy002tkr97k151r9jo','Angel Scales',0.01,'1900',1,'2023-04-22 15:02:40.011',NULL,'clgs40jfv0000kr97eiehfpyd'),('clgs40jgy002ukr97j0fy4y08','Ares Head',0.26,'708',1,'2023-04-22 15:02:40.011',NULL,'clgs40jfv0000kr97eiehfpyd'),('clgs40jgy002vkr97l31voguj','Azur Pearl',0.96,'1255',1,'2023-04-22 15:02:40.011',NULL,'clgs40jfv0000kr97eiehfpyd'),('clgs40jgy002wkr97i53dt2e1','Binary Fluid',0.75,'1392',1,'2023-04-22 15:02:40.011',NULL,'clgs40jfv0000kr97eiehfpyd'),('clgs40jgy002xkr97cfh65szq','Blood Moss',0.09,'1820',1,'2023-04-22 15:02:40.011',NULL,'clgs40jfv0000kr97eiehfpyd'),('clgs40jgy002ykr97184a1ka6','Cave Sap',0.39,'1270',1,'2023-04-22 15:02:40.011',NULL,'clgs40jfv0000kr97eiehfpyd'),('clgs40jgy002zkr97lhzz9shk','Crude Oil',0.01,'395',1,'2023-04-22 15:02:40.011',NULL,'clgs40jfv0000kr97eiehfpyd'),('clgs40jgy0030kr97sx2yi7qo','Dianthus Liquid',0.3,'3202',1,'2023-04-22 15:02:40.011',NULL,'clgs40jfv0000kr97eiehfpyd'),('clgs40jgy0031kr979f0l3rrj','Dunkel Particle',0.55,'3526',1,'2023-04-22 15:02:40.011',NULL,'clgs40jfv0000kr97eiehfpyd'),('clgs40jgy0032kr97ndwaje55','Energized Crystal',0.3,'3203',1,'2023-04-22 15:02:40.011',NULL,'clgs40jfv0000kr97eiehfpyd'),('clgs40jgy0033kr97irlje79n','Ferrum Nuts',1,'1965',1,'2023-04-22 15:02:40.011',NULL,'clgs40jfv0000kr97eiehfpyd'),('clgs40jgy0034kr97k5tsglja','File Root Globule',0.3,'3230',1,'2023-04-22 15:02:40.011',NULL,'clgs40jfv0000kr97eiehfpyd'),('clgs40jgy0035kr97m76kr3y9','Garcen Grease',0.1,'699',1,'2023-04-22 15:02:40.011',NULL,'clgs40jfv0000kr97eiehfpyd'),('clgs40jgy0036kr97irujibl0','Henren Stems',0.63,'2697',1,'2023-04-22 15:02:40.011',NULL,'clgs40jfv0000kr97eiehfpyd'),('clgs40jgy0037kr97p5bqrtz0','Lumis Leach',0.42,'1488',1,'2023-04-22 15:02:40.011',NULL,'clgs40jfv0000kr97eiehfpyd'),('clgs40jgy0038kr97jjf9oscl','Lytairian Dust',0.19,'949',1,'2023-04-22 15:02:40.011',NULL,'clgs40jfv0000kr97eiehfpyd'),('clgs40jgy0039kr978kzmey05','Magerian Mist',0.25,'526',1,'2023-04-22 15:02:40.011',NULL,'clgs40jfv0000kr97eiehfpyd'),('clgs40jgy003akr97douxsl5l','Melchi Water',0.02,'706',1,'2023-04-22 15:02:40.011',NULL,'clgs40jfv0000kr97eiehfpyd'),('clgs40jgy003bkr977tfeiatu','Solis Bean',0.78,'2044',1,'2023-04-22 15:02:40.011',NULL,'clgs40jfv0000kr97eiehfpyd'),('clgs40jgy003ckr97ij33v59b','Typonolic Steam',0.15,'1254',1,'2023-04-22 15:02:40.011',NULL,'clgs40jfv0000kr97eiehfpyd'),('clgs40jgy003dkr97foql1vqm','Vegetation Spores',0.4,'2307',1,'2023-04-22 15:02:40.011',NULL,'clgs40jfv0000kr97eiehfpyd'),('clgs40ji7003ekr971fvz9njl','Root Acid',1.28,'1276',1,'2023-04-22 15:02:40.013',NULL,'clgs40jfv0001kr97e8lxbn1i'),('clgs40ji7003fkr97fqq3ihnl','Alicenies Gel',0.1,'1373',1,'2023-04-22 15:02:40.013',NULL,'clgs40jfv0001kr97e8lxbn1i'),('clgs40ji8003gkr9762n8kx03','Angelic Flakes',1,'364',1,'2023-04-22 15:02:40.013',NULL,'clgs40jfv0001kr97e8lxbn1i'),('clgs40ji8003hkr97z3qmejnh','Light Mail',0.02,'1902',1,'2023-04-22 15:02:40.013',NULL,'clgs40jfv0001kr97e8lxbn1i'),('clgs40ji8003ikr97wpi3ao3c','Ares Powder',0.52,'1375',1,'2023-04-22 15:02:40.013',NULL,'clgs40jfv0001kr97e8lxbn1i'),('clgs40ji8003jkr97d31docn3','Pearl Sand',1.92,'1252',1,'2023-04-22 15:02:40.013',NULL,'clgs40jfv0001kr97e8lxbn1i'),('clgs40ji8003kkr97b5rbz6b0','Binary Energy',1.5,'1177',1,'2023-04-22 15:02:40.013',NULL,'clgs40jfv0001kr97e8lxbn1i'),('clgs40ji8003lkr97nlo9jzs2','Medical Compress',0.18,'1819',1,'2023-04-22 15:02:40.013',NULL,'clgs40jfv0001kr97e8lxbn1i'),('clgs40ji8003mkr973eg67gpd','Putty',0.78,'1277',1,'2023-04-22 15:02:40.013',NULL,'clgs40jfv0001kr97e8lxbn1i'),('clgs40ji8003nkr97qi2mlvb2','Oil',0.02,'371',1,'2023-04-22 15:02:40.013',NULL,'clgs40jfv0001kr97e8lxbn1i'),('clgs40ji8003okr97pwfsihz2','Dianthus Crystal Powder',0.6,'3205',1,'2023-04-22 15:02:40.013',NULL,'clgs40jfv0001kr97e8lxbn1i'),('clgs40ji8003pkr97yh7btxqb','Dunkel Plastix',1.1,'1656',1,'2023-04-22 15:02:40.013',NULL,'clgs40jfv0001kr97e8lxbn1i'),('clgs40ji8003qkr97eeyt5ndt','Energized Crystal Cell',0.6,'3206',1,'2023-04-22 15:02:40.013',NULL,'clgs40jfv0001kr97e8lxbn1i'),('clgs40ji8003rkr97wyur1kit','Antimagnetic Oil',2,'1903',1,'2023-04-22 15:02:40.013',NULL,'clgs40jfv0001kr97e8lxbn1i'),('clgs40ji8003skr97tdd5wcli','File Root Pellet',0.6,'3204',1,'2023-04-22 15:02:40.013',NULL,'clgs40jfv0001kr97e8lxbn1i'),('clgs40ji8003tkr971p7vov59','Garcen Lubricant',0.2,'1227',1,'2023-04-22 15:02:40.013',NULL,'clgs40jfv0001kr97e8lxbn1i'),('clgs40ji8003ukr97m1e3sfax','Henren Cube',1.26,'2693',1,'2023-04-22 15:02:40.013',NULL,'clgs40jfv0001kr97e8lxbn1i'),('clgs40ji8003vkr97bh0pqp0k','Light Liquid',0.84,'1498',1,'2023-04-22 15:02:40.013',NULL,'clgs40jfv0001kr97e8lxbn1i'),('clgs40ji8003wkr97o90rg0fh','Lytairian Powder',0.38,'950',1,'2023-04-22 15:02:40.013',NULL,'clgs40jfv0001kr97e8lxbn1i'),('clgs40ji8003xkr97w9irx5l9','Magerian Spray',0.5,'1660',1,'2023-04-22 15:02:40.013',NULL,'clgs40jfv0001kr97e8lxbn1i'),('clgs40ji8003ykr97xrs7ydyn','Melchi Crystal',0.04,'1904',1,'2023-04-22 15:02:40.013',NULL,'clgs40jfv0001kr97e8lxbn1i'),('clgs40ji8003zkr976gedgijk','Chalmon',1.56,'1730',1,'2023-04-22 15:02:40.013',NULL,'clgs40jfv0001kr97e8lxbn1i'),('clgs40ji80040kr97ucc4hs70','Typonolic Gas',0.3,'1662',1,'2023-04-22 15:02:40.013',NULL,'clgs40jfv0001kr97e8lxbn1i'),('clgs40ji80041kr97v8lshglb','Inhaler',0.8,'1901',1,'2023-04-22 15:02:40.013',NULL,'clgs40jfv0001kr97e8lxbn1i');
/*!40000 ALTER TABLE `Resource` ENABLE KEYS */;
UNLOCK TABLES;

--
-- Table structure for table `ResourceType`
--

DROP TABLE IF EXISTS `ResourceType`;
/*!40101 SET @saved_cs_client     = @@character_set_client */;
/*!50503 SET character_set_client = utf8mb4 */;
CREATE TABLE `ResourceType` (
  `id` varchar(191) CHARACTER SET utf8mb4 COLLATE utf8mb4_unicode_ci NOT NULL,
  `name` varchar(191) CHARACTER SET utf8mb4 COLLATE utf8mb4_unicode_ci NOT NULL,
  `isActive` tinyint(1) NOT NULL DEFAULT '1',
  `createdAt` datetime(3) NOT NULL DEFAULT CURRENT_TIMESTAMP(3),
  `modifiedAt` datetime(3) DEFAULT NULL,
  PRIMARY KEY (`id`),
  UNIQUE KEY `ResourceType_name_key` (`name`)
) ENGINE=InnoDB DEFAULT CHARSET=utf8mb4 COLLATE=utf8mb4_unicode_ci;
/*!40101 SET character_set_client = @saved_cs_client */;

--
-- Dumping data for table `ResourceType`
--

LOCK TABLES `ResourceType` WRITE;
/*!40000 ALTER TABLE `ResourceType` DISABLE KEYS */;
INSERT INTO `ResourceType` VALUES ('clgs40jfv0000kr97eiehfpyd','Enmatter',1,'2023-04-22 15:02:39.980',NULL),('clgs40jfv0001kr97e8lxbn1i','Refined Enmatter',1,'2023-04-22 15:02:39.980',NULL),('clgs40jfv0002kr97xp7k1oct','Ore',1,'2023-04-22 15:02:39.980',NULL),('clgs40jfv0003kr975qoce83q','Refined Ore',1,'2023-04-22 15:02:39.980',NULL);
/*!40000 ALTER TABLE `ResourceType` ENABLE KEYS */;
UNLOCK TABLES;

--
-- Table structure for table `Session`
--

DROP TABLE IF EXISTS `Session`;
/*!40101 SET @saved_cs_client     = @@character_set_client */;
/*!50503 SET character_set_client = utf8mb4 */;
CREATE TABLE `Session` (
  `id` varchar(191) CHARACTER SET utf8mb4 COLLATE utf8mb4_unicode_ci NOT NULL,
  `number` int NOT NULL,
  `sessionContext` enum('TRADING','MINING','CRAFTING') CHARACTER SET utf8mb4 COLLATE utf8mb4_unicode_ci NOT NULL,
  `tradingType` enum('BUY','SELL') CHARACTER SET utf8mb4 COLLATE utf8mb4_unicode_ci DEFAULT NULL,
  `sessionState` enum('ENDED','PROGRESS','RETURNED') CHARACTER SET utf8mb4 COLLATE utf8mb4_unicode_ci NOT NULL,
  `createdAt` datetime(3) NOT NULL DEFAULT CURRENT_TIMESTAMP(3),
  `modifiedAt` datetime(3) DEFAULT NULL,
  `userId` varchar(191) CHARACTER SET utf8mb4 COLLATE utf8mb4_unicode_ci NOT NULL,
  PRIMARY KEY (`id`),
  KEY `Session_userId_fkey` (`userId`),
  CONSTRAINT `Session_userId_fkey` FOREIGN KEY (`userId`) REFERENCES `User` (`id`) ON DELETE RESTRICT ON UPDATE CASCADE
) ENGINE=InnoDB DEFAULT CHARSET=utf8mb4 COLLATE=utf8mb4_unicode_ci;
/*!40101 SET character_set_client = @saved_cs_client */;

--
-- Dumping data for table `Session`
--

LOCK TABLES `Session` WRITE;
/*!40000 ALTER TABLE `Session` DISABLE KEYS */;
INSERT INTO `Session` VALUES ('clgs58dm50001krbo49yn5ob7',1,'TRADING','BUY','ENDED','2023-04-22 15:36:45.293',NULL,'clgs40jg40005kr9726jsxqrh'),('clgs58vt20003krbou3a7l8tr',2,'TRADING','BUY','ENDED','2023-04-22 15:37:08.870',NULL,'clgs40jg40005kr9726jsxqrh'),('clgs59zvn0005krbo2pq8nbpm',3,'TRADING','BUY','ENDED','2023-04-22 15:38:00.803',NULL,'clgs40jg40005kr9726jsxqrh'),('clgs5ajo30007krbojyg0ct0b',4,'TRADING','BUY','ENDED','2023-04-22 15:38:26.451',NULL,'clgs40jg40005kr9726jsxqrh'),('clgs5axy60009krboomqheej8',5,'TRADING','BUY','ENDED','2023-04-22 15:38:44.958',NULL,'clgs40jg40005kr9726jsxqrh'),('clgs5boac000bkrboeofr23zr',6,'TRADING','BUY','ENDED','2023-04-22 15:39:19.093',NULL,'clgs40jg40005kr9726jsxqrh'),('clgs5cf59000dkrbopz34pz5u',7,'TRADING','BUY','ENDED','2023-04-22 15:39:53.901',NULL,'clgs40jg40005kr9726jsxqrh'),('clgs5cqmf000fkrbosxlsqds3',8,'TRADING','BUY','ENDED','2023-04-22 15:40:08.776',NULL,'clgs40jg40005kr9726jsxqrh'),('clgs5d6dx000hkrbo80569spg',9,'TRADING','BUY','ENDED','2023-04-22 15:40:29.205',NULL,'clgs40jg40005kr9726jsxqrh'),('clgs5dt5j000jkrboply6mrij',10,'TRADING','BUY','ENDED','2023-04-22 15:40:58.711',NULL,'clgs40jg40005kr9726jsxqrh'),('clgs5em3o000lkrboccsa7b7t',11,'TRADING','BUY','ENDED','2023-04-22 15:41:36.228',NULL,'clgs40jg40005kr9726jsxqrh'),('clgs5fh8c000nkrbo9q5r0r8p',12,'TRADING','BUY','ENDED','2023-04-22 15:42:16.572',NULL,'clgs40jg40005kr9726jsxqrh'),('clgs5gda5000pkrbos624rfzx',13,'TRADING','BUY','ENDED','2023-04-22 15:42:58.109',NULL,'clgs40jg40005kr9726jsxqrh'),('clgs5h8fi000rkrbo2gnodlwd',14,'TRADING','BUY','ENDED','2023-04-22 15:43:38.478',NULL,'clgs40jg40005kr9726jsxqrh'),('clgs5iqzl000tkrboh6qxeipa',15,'TRADING','SELL','ENDED','2023-04-22 15:44:49.186','2023-04-22 15:47:18.061','clgs40jg40005kr9726jsxqrh'),('clgs5ixq2000vkrbo1o1trvf4',16,'TRADING','SELL','ENDED','2023-04-22 15:44:57.914','2023-04-22 15:47:20.798','clgs40jg40005kr9726jsxqrh'),('clgs5j63b000xkrbo9rq34jyh',17,'TRADING','SELL','ENDED','2023-04-22 15:45:08.759','2023-04-22 15:47:28.941','clgs40jg40005kr9726jsxqrh'),('clgs5k5zz000zkrbotw2wmm48',18,'TRADING','SELL','ENDED','2023-04-22 15:45:55.295','2023-04-22 15:47:33.666','clgs40jg40005kr9726jsxqrh'),('clgs5kz9p0011krborbl039qn',19,'TRADING','SELL','ENDED','2023-04-22 15:46:33.230','2023-04-22 15:47:38.319','clgs40jg40005kr9726jsxqrh'),('clgs5lcvh0013krboryys9ovs',20,'TRADING','SELL','RETURNED','2023-04-22 15:46:50.861','2023-04-22 15:47:44.345','clgs40jg40005kr9726jsxqrh'),('clgs5lpcz0015krboyr0dy4em',21,'TRADING','SELL','ENDED','2023-04-22 15:47:07.043','2023-04-22 15:47:46.308','clgs40jg40005kr9726jsxqrh'),('clgs5nt3w0017krboa70257gh',22,'TRADING','SELL','ENDED','2023-04-22 15:48:45.212','2023-04-22 15:50:36.012','clgs40jg40005kr9726jsxqrh'),('clgs5oflw0019krboqceb9nny',23,'TRADING','SELL','RETURNED','2023-04-22 15:49:14.372','2023-04-22 15:50:40.230','clgs40jg40005kr9726jsxqrh'),('clgs5p31f001bkrbol64ymxhw',24,'TRADING','SELL','RETURNED','2023-04-22 15:49:44.739','2023-04-22 15:50:45.841','clgs40jg40005kr9726jsxqrh'),('clgs5pmmy001dkrbooy4n66jr',25,'TRADING','SELL','ENDED','2023-04-22 15:50:10.138','2023-04-22 15:50:48.698','clgs40jg40005kr9726jsxqrh'),('clgs5pxum001fkrbou6cybura',26,'TRADING','SELL','RETURNED','2023-04-22 15:50:24.670','2023-04-22 15:50:52.042','clgs40jg40005kr9726jsxqrh'),('clgs5rdz6001hkrbox24xtj2q',27,'TRADING','SELL','ENDED','2023-04-22 15:51:32.226','2023-04-22 15:55:37.872','clgs40jg40005kr9726jsxqrh'),('clgs5rl04001jkrbo1drpwi87',28,'TRADING','SELL','ENDED','2023-04-22 15:51:41.333','2023-04-22 15:55:39.070','clgs40jg40005kr9726jsxqrh'),('clgs5rt69001lkrbo5k95t4ns',29,'TRADING','SELL','ENDED','2023-04-22 15:51:51.921','2023-04-22 15:55:40.132','clgs40jg40005kr9726jsxqrh'),('clgs5tc5m001nkrbodgm1rqi3',30,'TRADING','SELL','ENDED','2023-04-22 15:53:03.178','2023-04-22 15:55:41.198','clgs40jg40005kr9726jsxqrh'),('clgs5tkyj001pkrbocdttwjbh',31,'TRADING','SELL','ENDED','2023-04-22 15:53:14.587','2023-04-22 15:55:43.026','clgs40jg40005kr9726jsxqrh'),('clgs5ubtg001rkrboluce98x8',32,'TRADING','SELL','ENDED','2023-04-22 15:53:49.396','2023-04-22 15:55:44.526','clgs40jg40005kr9726jsxqrh'),('clgs5ufz1001tkrbooaeesavc',33,'TRADING','SELL','ENDED','2023-04-22 15:53:54.782','2023-04-22 15:55:45.899','clgs40jg40005kr9726jsxqrh'),('clgs5ve79001vkrbolg0vbth0',34,'TRADING','SELL','ENDED','2023-04-22 15:54:39.141','2023-04-22 15:55:47.126','clgs40jg40005kr9726jsxqrh'),('clgs5w4g9001xkrbo16s0mcjo',35,'TRADING','SELL','ENDED','2023-04-22 15:55:13.161','2023-04-22 15:55:48.865','clgs40jg40005kr9726jsxqrh'),('clgs5wapm001zkrbow06w3y0i',36,'TRADING','SELL','ENDED','2023-04-22 15:55:21.275','2023-04-22 15:55:50.446','clgs40jg40005kr9726jsxqrh'),('clgs5xie70021krbomxdauomv',37,'TRADING','SELL','RETURNED','2023-04-22 15:56:17.887','2023-04-22 15:59:24.275','clgs40jg40005kr9726jsxqrh'),('clgs5y4550023krbo9fak2wn9',38,'TRADING','SELL','ENDED','2023-04-22 15:56:46.073','2023-04-22 15:59:29.399','clgs40jg40005kr9726jsxqrh'),('clgs5yhxz0025krbodlqqmn1x',39,'TRADING','SELL','ENDED','2023-04-22 15:57:03.959','2023-04-22 15:59:33.307','clgs40jg40005kr9726jsxqrh'),('clgs5z1pk0027krbosrywh3be',40,'TRADING','SELL','ENDED','2023-04-22 15:57:29.576','2023-04-22 15:59:37.885','clgs40jg40005kr9726jsxqrh'),('clgs5z7m90029krbourlfojpk',41,'TRADING','SELL','ENDED','2023-04-22 15:57:37.233','2023-04-22 15:59:39.211','clgs40jg40005kr9726jsxqrh'),('clgs5zjky002bkrbokabokoz9',42,'TRADING','SELL','ENDED','2023-04-22 15:57:52.738','2023-04-22 15:59:40.469','clgs40jg40005kr9726jsxqrh'),('clgs5zou2002dkrboctfw1udx',43,'TRADING','SELL','ENDED','2023-04-22 15:57:59.546','2023-04-22 15:59:41.753','clgs40jg40005kr9726jsxqrh'),('clgs5zvou002fkrbotma69kl2',44,'TRADING','SELL','ENDED','2023-04-22 15:58:08.430','2023-04-22 15:59:43.011','clgs40jg40005kr9726jsxqrh'),('clgs61cl9002hkrbo8h7yjy66',45,'TRADING','SELL','ENDED','2023-04-22 15:59:16.989','2023-04-22 15:59:44.283','clgs40jg40005kr9726jsxqrh'),('clgs62j2f002jkrbodwx58hb1',46,'TRADING','SELL','ENDED','2023-04-22 16:00:12.040','2023-04-22 16:01:34.913','clgs40jg40005kr9726jsxqrh'),('clgs62xh9002lkrbomxqr677p',47,'TRADING','SELL','RETURNED','2023-04-22 16:00:30.717','2023-04-22 16:01:39.824','clgs40jg40005kr9726jsxqrh'),('clgs63a22002nkrboamwwl2y2',48,'TRADING','SELL','ENDED','2023-04-22 16:00:47.018','2023-04-22 16:01:42.123','clgs40jg40005kr9726jsxqrh'),('clgs6430k002pkrbodv2uhfg9',49,'TRADING','SELL','RETURNED','2023-04-22 16:01:24.548','2023-04-22 16:01:43.672','clgs40jg40005kr9726jsxqrh'),('clgs664xo002rkrbo6g3tr0nb',50,'TRADING','SELL','ENDED','2023-04-22 16:03:00.348','2023-04-22 16:12:04.228','clgs40jg40005kr9726jsxqrh'),('clgs66fct002tkrbo6ilrsfui',51,'TRADING','SELL','ENDED','2023-04-22 16:03:13.853','2023-04-22 16:12:05.441','clgs40jg40005kr9726jsxqrh'),('clgs66k65002vkrbot2d3mkov',52,'TRADING','SELL','ENDED','2023-04-22 16:03:20.093','2023-04-22 16:12:06.677','clgs40jg40005kr9726jsxqrh'),('clgs66qbg002xkrbo3dq1xdrw',53,'TRADING','SELL','ENDED','2023-04-22 16:03:28.060','2023-04-22 16:12:07.796','clgs40jg40005kr9726jsxqrh'),('clgs67ad7002zkrboj9szn3qa',54,'TRADING','SELL','ENDED','2023-04-22 16:03:54.043','2023-04-22 16:12:09.126','clgs40jg40005kr9726jsxqrh'),('clgs67j090031krbokf6vg66c',55,'TRADING','SELL','ENDED','2023-04-22 16:04:05.241','2023-04-22 16:12:10.230','clgs40jg40005kr9726jsxqrh'),('clgs68jkp0033krbo169aw3ej',56,'TRADING','SELL','ENDED','2023-04-22 16:04:52.633','2023-04-22 16:12:11.345','clgs40jg40005kr9726jsxqrh'),('clgs68p1m0035krboolht5zlx',57,'TRADING','SELL','ENDED','2023-04-22 16:04:59.723','2023-04-22 16:12:12.454','clgs40jg40005kr9726jsxqrh'),('clgs68v4l0037krbojdtmpzsc',58,'TRADING','SELL','ENDED','2023-04-22 16:05:07.605','2023-04-22 16:12:13.411','clgs40jg40005kr9726jsxqrh'),('clgs690890039krbodlklyyyr',59,'TRADING','SELL','ENDED','2023-04-22 16:05:14.217','2023-04-22 16:12:14.381','clgs40jg40005kr9726jsxqrh'),('clgs6964k003bkrboqx8qchts',60,'TRADING','SELL','ENDED','2023-04-22 16:05:21.860','2023-04-22 16:12:15.287','clgs40jg40005kr9726jsxqrh'),('clgs69kgg003dkrbof70ss5di',61,'TRADING','SELL','ENDED','2023-04-22 16:05:40.433','2023-04-22 16:12:16.194','clgs40jg40005kr9726jsxqrh'),('clgs69q5l003fkrboat230lcw',62,'TRADING','SELL','ENDED','2023-04-22 16:05:47.817','2023-04-22 16:12:17.222','clgs40jg40005kr9726jsxqrh'),('clgs69v6m003hkrbovuwsqyf5',63,'TRADING','SELL','ENDED','2023-04-22 16:05:54.334','2023-04-22 16:12:18.208','clgs40jg40005kr9726jsxqrh'),('clgs6a8pz003jkrbojze2cvmu',64,'TRADING','SELL','ENDED','2023-04-22 16:06:11.880','2023-04-22 16:12:19.214','clgs40jg40005kr9726jsxqrh'),('clgs6asyc003lkrbo8hlkhlvq',65,'TRADING','SELL','ENDED','2023-04-22 16:06:38.100','2023-04-22 16:12:20.157','clgs40jg40005kr9726jsxqrh'),('clgs6b0fa003nkrbozsumttbo',66,'TRADING','SELL','ENDED','2023-04-22 16:06:47.783','2023-04-22 16:12:21.031','clgs40jg40005kr9726jsxqrh'),('clgs6b5zc003pkrbo3ccy7w9a',67,'TRADING','SELL','ENDED','2023-04-22 16:06:54.984','2023-04-22 16:12:21.952','clgs40jg40005kr9726jsxqrh'),('clgs6bcv8003rkrbok7k8rtje',68,'TRADING','SELL','ENDED','2023-04-22 16:07:03.909','2023-04-22 16:12:22.970','clgs40jg40005kr9726jsxqrh'),('clgs6c3tm003tkrboae9txkbv',69,'TRADING','SELL','ENDED','2023-04-22 16:07:38.842','2023-04-22 16:12:23.938','clgs40jg40005kr9726jsxqrh'),('clgs6c9ah003vkrboyhfvpizc',70,'TRADING','SELL','ENDED','2023-04-22 16:07:45.929','2023-04-22 16:12:26.170','clgs40jg40005kr9726jsxqrh'),('clgs6cqag003xkrbol23zdmfo',71,'TRADING','SELL','ENDED','2023-04-22 16:08:07.960','2023-04-22 16:12:27.797','clgs40jg40005kr9726jsxqrh'),('clgs6cu9a003zkrbo8vonw5sh',72,'TRADING','SELL','ENDED','2023-04-22 16:08:13.103','2023-04-22 16:12:29.023','clgs40jg40005kr9726jsxqrh'),('clgs6e6e10041krboovmzqfu5',73,'TRADING','SELL','ENDED','2023-04-22 16:09:15.482','2023-04-22 16:12:30.393','clgs40jg40005kr9726jsxqrh'),('clgs6er2h0043krboeqkmmkby',74,'TRADING','SELL','ENDED','2023-04-22 16:09:42.281','2023-04-22 16:12:31.722','clgs40jg40005kr9726jsxqrh'),('clgs6evf30045krboitvrmrus',75,'TRADING','SELL','ENDED','2023-04-22 16:09:47.919','2023-04-22 16:12:35.590','clgs40jg40005kr9726jsxqrh'),('clgs6f1ju0047krbodcol0a69',76,'TRADING','SELL','ENDED','2023-04-22 16:09:55.866','2023-04-22 16:12:36.779','clgs40jg40005kr9726jsxqrh'),('clgs6f5hr0049krbofvqvth0t',77,'TRADING','SELL','ENDED','2023-04-22 16:10:00.976','2023-04-22 16:12:37.930','clgs40jg40005kr9726jsxqrh'),('clgs6ftlp004bkrbo613xqvhu',78,'TRADING','SELL','ENDED','2023-04-22 16:10:32.221','2023-04-22 16:12:38.957','clgs40jg40005kr9726jsxqrh'),('clgs6fy9z004dkrbosp10l14x',79,'TRADING','SELL','ENDED','2023-04-22 16:10:38.280','2023-04-22 16:12:39.956','clgs40jg40005kr9726jsxqrh'),('clgs6g349004fkrboylb5lzur',80,'TRADING','SELL','ENDED','2023-04-22 16:10:44.553','2023-04-22 16:12:41.089','clgs40jg40005kr9726jsxqrh'),('clgs6g8ao004hkrbonf7hs5hf',81,'TRADING','SELL','ENDED','2023-04-22 16:10:51.264','2023-04-22 16:12:42.305','clgs40jg40005kr9726jsxqrh'),('clgs6jrfz004jkrboy9w7g4c4',82,'TRADING','SELL','RETURNED','2023-04-22 16:13:36.048','2023-04-22 16:21:31.059','clgs40jg40005kr9726jsxqrh'),('clgs6k46e004lkrboyhh2picq',83,'TRADING','SELL','RETURNED','2023-04-22 16:13:52.551','2023-04-22 16:21:32.986','clgs40jg40005kr9726jsxqrh'),('clgs6knkp004nkrbo8m6b1owx',84,'TRADING','SELL','ENDED','2023-04-22 16:14:17.689','2023-04-22 16:21:35.086','clgs40jg40005kr9726jsxqrh'),('clgs6krh9004pkrboowgwtwah',85,'TRADING','SELL','ENDED','2023-04-22 16:14:22.749','2023-04-22 16:21:36.843','clgs40jg40005kr9726jsxqrh'),('clgs6kwj9004rkrboqos68g2s',86,'TRADING','SELL','ENDED','2023-04-22 16:14:29.301','2023-04-22 16:21:38.004','clgs40jg40005kr9726jsxqrh'),('clgs6l0oz004tkrbojd53gzxq',87,'TRADING','SELL','ENDED','2023-04-22 16:14:34.692','2023-04-22 16:21:39.061','clgs40jg40005kr9726jsxqrh'),('clgs6llde004vkrborzb7g2q1',88,'TRADING','SELL','ENDED','2023-04-22 16:15:01.490','2023-04-22 16:21:40.072','clgs40jg40005kr9726jsxqrh'),('clgs6lpxe004xkrboaegg2r9v',89,'TRADING','SELL','ENDED','2023-04-22 16:15:07.394','2023-04-22 16:21:43.386','clgs40jg40005kr9726jsxqrh'),('clgs6lw3l004zkrbomzy2ewua',90,'TRADING','SELL','ENDED','2023-04-22 16:15:15.393','2023-04-22 16:21:44.466','clgs40jg40005kr9726jsxqrh'),('clgs6ms6a0051krbodu7apnb8',91,'TRADING','SELL','ENDED','2023-04-22 16:15:56.962','2023-04-22 16:21:45.483','clgs40jg40005kr9726jsxqrh'),('clgs6mwik0053krbo8qt1yzal',92,'TRADING','SELL','ENDED','2023-04-22 16:16:02.589','2023-04-22 16:21:46.518','clgs40jg40005kr9726jsxqrh'),('clgs6n1z50055krborjyvk1xd',93,'TRADING','SELL','ENDED','2023-04-22 16:16:09.665','2023-04-22 16:21:47.480','clgs40jg40005kr9726jsxqrh'),('clgs6n7if0057krboslr1265t',94,'TRADING','SELL','ENDED','2023-04-22 16:16:16.840','2023-04-22 16:21:48.432','clgs40jg40005kr9726jsxqrh'),('clgs6nbcz0059krboiwf1kzos',95,'TRADING','SELL','ENDED','2023-04-22 16:16:21.828','2023-04-22 16:21:49.337','clgs40jg40005kr9726jsxqrh'),('clgs6nfvv005bkrboky8ytc43',96,'TRADING','SELL','ENDED','2023-04-22 16:16:27.691','2023-04-22 16:21:50.241','clgs40jg40005kr9726jsxqrh'),('clgs6pz2x005dkrbowihwex5p',97,'TRADING','SELL','ENDED','2023-04-22 16:18:25.881','2023-04-22 16:21:51.393','clgs40jg40005kr9726jsxqrh'),('clgs6q2cm005fkrbo6bqoqx3k',98,'TRADING','SELL','ENDED','2023-04-22 16:18:30.119','2023-04-22 16:21:52.396','clgs40jg40005kr9726jsxqrh'),('clgs6q7c3005hkrbouv78361y',99,'TRADING','SELL','ENDED','2023-04-22 16:18:36.580','2023-04-22 16:21:53.396','clgs40jg40005kr9726jsxqrh'),('clgs6qbto005jkrbopfyj8gel',100,'TRADING','SELL','ENDED','2023-04-22 16:18:42.396','2023-04-22 16:21:54.306','clgs40jg40005kr9726jsxqrh'),('clgs6qkst005lkrboravm1loj',101,'TRADING','SELL','ENDED','2023-04-22 16:18:54.029','2023-04-22 16:21:55.159','clgs40jg40005kr9726jsxqrh'),('clgs6ruyl005nkrbo8cvd9oj0',102,'TRADING','SELL','ENDED','2023-04-22 16:19:53.853','2023-04-22 16:21:56.063','clgs40jg40005kr9726jsxqrh'),('clgs6s0jh005pkrbo46znn6jj',103,'TRADING','SELL','ENDED','2023-04-22 16:20:01.085','2023-04-22 16:21:56.970','clgs40jg40005kr9726jsxqrh'),('clgs6s4hn005rkrboha4afomg',104,'TRADING','SELL','ENDED','2023-04-22 16:20:06.204','2023-04-22 16:21:57.810','clgs40jg40005kr9726jsxqrh'),('clgs6s8tk005tkrboimpzgwdg',105,'TRADING','SELL','ENDED','2023-04-22 16:20:11.816','2023-04-22 16:21:58.655','clgs40jg40005kr9726jsxqrh'),('clgs6sdvh005vkrbo7ktm0ddc',106,'TRADING','SELL','ENDED','2023-04-22 16:20:18.365','2023-04-22 16:21:59.540','clgs40jg40005kr9726jsxqrh'),('clgs6shs4005xkrbors3fbn2v',107,'TRADING','SELL','ENDED','2023-04-22 16:20:23.428','2023-04-22 16:22:01.252','clgs40jg40005kr9726jsxqrh'),('clgs6sl41005zkrbo0uk9vf9t',108,'TRADING','SELL','ENDED','2023-04-22 16:20:27.745','2023-04-22 16:22:02.392','clgs40jg40005kr9726jsxqrh'),('clgs6sons0061krbo47dqirvj',109,'TRADING','SELL','ENDED','2023-04-22 16:20:32.344','2023-04-22 16:22:03.416','clgs40jg40005kr9726jsxqrh'),('clgs6st8p0063krbo5t88y707',110,'TRADING','SELL','ENDED','2023-04-22 16:20:38.281','2023-04-22 16:22:04.516','clgs40jg40005kr9726jsxqrh'),('clgs6w5ek0065krbolgk22or3',111,'TRADING','SELL','RETURNED','2023-04-22 16:23:14.013','2023-04-22 16:24:22.084','clgs40jg40005kr9726jsxqrh'),('clgs6wj360067krbovffvltgh',112,'TRADING','SELL','RETURNED','2023-04-22 16:23:31.747','2023-04-22 16:24:23.385','clgs40jg40005kr9726jsxqrh'),('clgs6wutd0069krboyivjco5y',113,'TRADING','SELL','RETURNED','2023-04-22 16:23:46.945','2023-04-22 16:24:24.933','clgs40jg40005kr9726jsxqrh'),('clgs6x4m9006bkrbost3fn1rd',114,'TRADING','SELL','RETURNED','2023-04-22 16:23:59.650','2023-04-22 16:24:26.400','clgs40jg40005kr9726jsxqrh'),('clgs6ybjk006dkrbosj8x8lqm',115,'TRADING','SELL','ENDED','2023-04-22 16:24:55.281','2023-04-22 16:33:23.919','clgs40jg40005kr9726jsxqrh'),('clgs6yggk006fkrboc6ejzxqo',116,'TRADING','SELL','ENDED','2023-04-22 16:25:01.652','2023-04-22 16:33:25.503','clgs40jg40005kr9726jsxqrh'),('clgs6z09i006hkrbozdbnqijw',117,'TRADING','SELL','ENDED','2023-04-22 16:25:27.318','2023-04-22 16:33:26.586','clgs40jg40005kr9726jsxqrh'),('clgs6z5ng006jkrbons62srcg',118,'TRADING','SELL','ENDED','2023-04-22 16:25:34.300','2023-04-22 16:33:27.690','clgs40jg40005kr9726jsxqrh'),('clgs6zbu0006lkrbog3tw1f6y',119,'TRADING','SELL','ENDED','2023-04-22 16:25:42.311','2023-04-22 16:33:28.777','clgs40jg40005kr9726jsxqrh'),('clgs6zgjt006nkrboxr60pxea',120,'TRADING','SELL','ENDED','2023-04-22 16:25:48.426','2023-04-22 16:33:29.804','clgs40jg40005kr9726jsxqrh'),('clgs6zmng006pkrbowxxlm8zn',121,'TRADING','SELL','ENDED','2023-04-22 16:25:56.332','2023-04-22 16:33:30.821','clgs40jg40005kr9726jsxqrh'),('clgs6zu9z006rkrbota3o6rif',122,'TRADING','SELL','ENDED','2023-04-22 16:26:06.216','2023-04-22 16:33:31.844','clgs40jg40005kr9726jsxqrh'),('clgs70d6j006tkrboz2bncuq5',123,'TRADING','SELL','ENDED','2023-04-22 16:26:30.715','2023-04-22 16:33:32.859','clgs40jg40005kr9726jsxqrh'),('clgs716vh006vkrboyf6x4fme',124,'TRADING','SELL','ENDED','2023-04-22 16:27:09.198','2023-04-22 16:33:34.611','clgs40jg40005kr9726jsxqrh'),('clgs71lbc006xkrbohpben6aa',125,'TRADING','SELL','ENDED','2023-04-22 16:27:27.912','2023-04-22 16:33:36.199','clgs40jg40005kr9726jsxqrh'),('clgs71wdp006zkrbotwygdj6n',126,'TRADING','SELL','ENDED','2023-04-22 16:27:42.253','2023-04-22 16:33:37.311','clgs40jg40005kr9726jsxqrh'),('clgs72d7i0071krboznk7f09z',127,'TRADING','SELL','ENDED','2023-04-22 16:28:04.062','2023-04-22 16:33:38.351','clgs40jg40005kr9726jsxqrh'),('clgs72hid0073krbozhyq4vkx',128,'TRADING','SELL','ENDED','2023-04-22 16:28:09.637','2023-04-22 16:33:39.452','clgs40jg40005kr9726jsxqrh'),('clgs734gb0075krbokjq8mvm4',129,'TRADING','SELL','ENDED','2023-04-22 16:28:39.372','2023-04-22 16:33:40.532','clgs40jg40005kr9726jsxqrh'),('clgs7385r0077krboldn0hife',130,'TRADING','SELL','ENDED','2023-04-22 16:28:44.176','2023-04-22 16:33:41.643','clgs40jg40005kr9726jsxqrh'),('clgs73bh70079krbo8lk5fq2x',131,'TRADING','SELL','ENDED','2023-04-22 16:28:48.475','2023-04-22 16:33:44.051','clgs40jg40005kr9726jsxqrh'),('clgs73goe007bkrbovla34zoh',132,'TRADING','SELL','ENDED','2023-04-22 16:28:55.214','2023-04-22 16:33:45.126','clgs40jg40005kr9726jsxqrh'),('clgs73nd9007dkrbobgiqpvqj',133,'TRADING','SELL','ENDED','2023-04-22 16:29:03.885','2023-04-22 16:33:46.178','clgs40jg40005kr9726jsxqrh'),('clgs74iti007fkrboxvap4hdx',134,'TRADING','SELL','ENDED','2023-04-22 16:29:44.646','2023-04-22 16:33:47.323','clgs40jg40005kr9726jsxqrh'),('clgs74mz2007hkrbo7qrtnphx',135,'TRADING','SELL','ENDED','2023-04-22 16:29:50.030','2023-04-22 16:33:48.563','clgs40jg40005kr9726jsxqrh'),('clgs7ajrj007jkrbovdqafl5w',136,'TRADING','SELL','RETURNED','2023-04-22 16:34:25.808','2023-04-22 16:34:31.291','clgs40jg40005kr9726jsxqrh'),('clgt5onct0001krnj09do6o8z',137,'TRADING','SELL','ENDED','2023-04-23 08:37:10.590','2023-04-23 08:56:44.482','clgs40jg40005kr9726jsxqrh'),('clgt5opzl0003krnjn9o92k0e',138,'TRADING','SELL','ENDED','2023-04-23 08:37:14.001','2023-04-23 08:56:46.063','clgs40jg40005kr9726jsxqrh'),('clgt5otb20005krnjk5vrbhao',139,'TRADING','SELL','ENDED','2023-04-23 08:37:18.303','2023-04-23 08:56:47.007','clgs40jg40005kr9726jsxqrh'),('clgt5ovfy0007krnjtzeydwip',140,'TRADING','SELL','ENDED','2023-04-23 08:37:21.070','2023-04-23 08:56:47.864','clgs40jg40005kr9726jsxqrh'),('clgt5oxiu0009krnj3i89tgnc',141,'TRADING','SELL','ENDED','2023-04-23 08:37:23.766','2023-04-23 08:56:48.693','clgs40jg40005kr9726jsxqrh'),('clgt5ozk5000bkrnj6o3zkbie',142,'TRADING','SELL','ENDED','2023-04-23 08:37:26.405','2023-04-23 08:56:50.273','clgs40jg40005kr9726jsxqrh'),('clgt5p1dy000dkrnj23zx65wr',143,'TRADING','SELL','ENDED','2023-04-23 08:37:28.774','2023-04-23 08:56:51.236','clgs40jg40005kr9726jsxqrh'),('clgt5p32y000fkrnjfvyba4e2',144,'TRADING','SELL','ENDED','2023-04-23 08:37:30.971','2023-04-23 08:56:52.013','clgs40jg40005kr9726jsxqrh'),('clgt5p4pj000hkrnj6azhqsxi',145,'TRADING','SELL','ENDED','2023-04-23 08:37:33.080','2023-04-23 08:56:52.920','clgs40jg40005kr9726jsxqrh'),('clgt5p6fy000jkrnjpnxsxwky',146,'TRADING','SELL','ENDED','2023-04-23 08:37:35.326','2023-04-23 08:56:53.734','clgs40jg40005kr9726jsxqrh'),('clgt5qfcr000lkrnj4sw95y6m',147,'TRADING','SELL','ENDED','2023-04-23 08:38:33.532','2023-04-23 08:56:54.484','clgs40jg40005kr9726jsxqrh'),('clgt5qgrx000nkrnjsg99f7wv',148,'TRADING','SELL','ENDED','2023-04-23 08:38:35.374','2023-04-23 08:56:55.306','clgs40jg40005kr9726jsxqrh'),('clgt5qhte000pkrnji9moxwov',149,'TRADING','SELL','ENDED','2023-04-23 08:38:36.723','2023-04-23 08:56:56.067','clgs40jg40005kr9726jsxqrh'),('clgt5qiz3000rkrnjffc15f9r',150,'TRADING','SELL','ENDED','2023-04-23 08:38:38.223','2023-04-23 08:56:56.963','clgs40jg40005kr9726jsxqrh'),('clgt5qk2u000tkrnj49gec379',151,'TRADING','SELL','ENDED','2023-04-23 08:38:39.655','2023-04-23 08:56:57.791','clgs40jg40005kr9726jsxqrh'),('clgt5qla9000vkrnjbfefs8r7',152,'TRADING','SELL','ENDED','2023-04-23 08:38:41.217','2023-04-23 08:56:58.606','clgs40jg40005kr9726jsxqrh'),('clgt5qmo6000xkrnjat8mpo28',153,'TRADING','SELL','ENDED','2023-04-23 08:38:43.014','2023-04-23 08:57:00.104','clgs40jg40005kr9726jsxqrh'),('clgt5qnz6000zkrnjxyerxxpt',154,'TRADING','SELL','ENDED','2023-04-23 08:38:44.707','2023-04-23 08:57:01.027','clgs40jg40005kr9726jsxqrh'),('clgt5qp7d0011krnj941jtpem',155,'TRADING','SELL','ENDED','2023-04-23 08:38:46.298','2023-04-23 08:57:01.858','clgs40jg40005kr9726jsxqrh'),('clgt5qqg80013krnj34t5jf7z',156,'TRADING','SELL','ENDED','2023-04-23 08:38:47.913','2023-04-23 08:57:02.924','clgs40jg40005kr9726jsxqrh'),('clgt5qrms0015krnj2n71gt1q',157,'TRADING','SELL','ENDED','2023-04-23 08:38:49.443','2023-04-23 08:57:03.814','clgs40jg40005kr9726jsxqrh'),('clgt5qsqu0017krnj93a2crdp',158,'TRADING','SELL','ENDED','2023-04-23 08:38:50.886','2023-04-23 08:57:04.854','clgs40jg40005kr9726jsxqrh'),('clgt5sdhp0019krnjkkog2jfc',159,'TRADING','SELL','ENDED','2023-04-23 08:40:04.429','2023-04-23 08:57:05.857','clgs40jg40005kr9726jsxqrh'),('clgt5t5fu001bkrnjkzqpfa3s',160,'TRADING','SELL','ENDED','2023-04-23 08:40:40.650','2023-04-23 08:57:07.603','clgs40jg40005kr9726jsxqrh'),('clgt5t7h0001dkrnjdmwv3f66',161,'TRADING','SELL','ENDED','2023-04-23 08:40:43.284','2023-04-23 08:57:08.549','clgs40jg40005kr9726jsxqrh'),('clgt5t9dp001fkrnjzoxnppur',162,'TRADING','SELL','ENDED','2023-04-23 08:40:45.757','2023-04-23 08:57:09.362','clgs40jg40005kr9726jsxqrh'),('clgt5tbb2001hkrnj2qxfasij',163,'TRADING','SELL','ENDED','2023-04-23 08:40:48.254','2023-04-23 08:57:10.211','clgs40jg40005kr9726jsxqrh'),('clgt5tdfa001jkrnj9ds68qmo',164,'TRADING','SELL','ENDED','2023-04-23 08:40:50.998','2023-04-23 08:57:11.490','clgs40jg40005kr9726jsxqrh'),('clgt5tfqt001lkrnj6yurgd6y',165,'TRADING','SELL','ENDED','2023-04-23 08:40:54.006','2023-04-23 08:57:13.375','clgs40jg40005kr9726jsxqrh'),('clgt5ti25001nkrnj5aiv7zw3',166,'TRADING','SELL','ENDED','2023-04-23 08:40:57.005','2023-04-23 08:57:14.277','clgs40jg40005kr9726jsxqrh'),('clgt5u7jh001pkrnjma74yyp0',167,'TRADING','SELL','ENDED','2023-04-23 08:41:30.030','2023-04-23 08:57:15.027','clgs40jg40005kr9726jsxqrh'),('clgt5u98l001rkrnjp2qe376m',168,'TRADING','SELL','ENDED','2023-04-23 08:41:32.230','2023-04-23 08:57:15.825','clgs40jg40005kr9726jsxqrh'),('clgt5ualw001tkrnj6tma1mfg',169,'TRADING','SELL','ENDED','2023-04-23 08:41:34.004','2023-04-23 08:57:16.589','clgs40jg40005kr9726jsxqrh'),('clgt5ubxw001vkrnjxknf17qz',170,'TRADING','SELL','ENDED','2023-04-23 08:41:35.733','2023-04-23 08:57:17.502','clgs40jg40005kr9726jsxqrh'),('clgt5uden001xkrnj2p60o1j8',171,'TRADING','SELL','ENDED','2023-04-23 08:41:37.631','2023-04-23 08:57:18.476','clgs40jg40005kr9726jsxqrh'),('clgt5uetd001zkrnj7x4qfo1p',172,'TRADING','SELL','ENDED','2023-04-23 08:41:39.458','2023-04-23 08:57:19.354','clgs40jg40005kr9726jsxqrh'),('clgt5ug5c0021krnjlyq7gss3',173,'TRADING','SELL','ENDED','2023-04-23 08:41:41.185','2023-04-23 08:57:20.253','clgs40jg40005kr9726jsxqrh'),('clgt65n430023krnjewyvly3u',174,'TRADING','SELL','ENDED','2023-04-23 08:50:23.427','2023-04-23 08:57:21.317','clgs40jg40005kr9726jsxqrh'),('clgt6dbgh0025krnj1ekhpke0',175,'TRADING','SELL','ENDED','2023-04-23 08:56:21.569','2023-04-23 08:57:22.215','clgs40jg40005kr9726jsxqrh'),('clgt6fks80027krnjxkr6tnta',176,'TRADING','SELL','RETURNED','2023-04-23 08:58:06.969','2023-04-23 09:03:08.776','clgs40jg40005kr9726jsxqrh'),('clgt6gfk50029krnjsz3tahv1',177,'TRADING','SELL','ENDED','2023-04-23 08:58:46.854','2023-04-23 09:03:55.518','clgs40jg40005kr9726jsxqrh'),('clgt6gh4n002bkrnjwk02tuf5',178,'TRADING','SELL','ENDED','2023-04-23 08:58:48.887','2023-04-23 09:03:56.770','clgs40jg40005kr9726jsxqrh'),('clgt6h9rg002dkrnjbog3910r',179,'TRADING','SELL','ENDED','2023-04-23 08:59:25.996','2023-04-23 09:03:57.860','clgs40jg40005kr9726jsxqrh'),('clgt6haqr002fkrnj28frf23v',180,'TRADING','SELL','ENDED','2023-04-23 08:59:27.267','2023-04-23 09:03:58.911','clgs40jg40005kr9726jsxqrh'),('clgt6hbro002hkrnj6ch5y2dt',181,'TRADING','SELL','ENDED','2023-04-23 08:59:28.596','2023-04-23 09:03:59.920','clgs40jg40005kr9726jsxqrh'),('clgt6hcqt002jkrnj59gxvzyq',182,'TRADING','SELL','ENDED','2023-04-23 08:59:29.861','2023-04-23 09:04:00.880','clgs40jg40005kr9726jsxqrh'),('clgt6hdvi002lkrnjouyso7bv',183,'TRADING','SELL','ENDED','2023-04-23 08:59:31.326','2023-04-23 09:04:01.828','clgs40jg40005kr9726jsxqrh'),('clgt6hex3002nkrnjagczyll8',184,'TRADING','SELL','ENDED','2023-04-23 08:59:32.679','2023-04-23 09:04:02.747','clgs40jg40005kr9726jsxqrh'),('clgt6hg0i002pkrnj5fjiachi',185,'TRADING','SELL','ENDED','2023-04-23 08:59:34.098','2023-04-23 09:04:03.657','clgs40jg40005kr9726jsxqrh'),('clgt6hhal002rkrnjwr040l3s',186,'TRADING','SELL','ENDED','2023-04-23 08:59:35.757','2023-04-23 09:04:04.592','clgs40jg40005kr9726jsxqrh'),('clgt6hx73002tkrnjdsmb04lo',187,'TRADING','SELL','RETURNED','2023-04-23 08:59:56.367','2023-04-23 09:03:12.582','clgs40jg40005kr9726jsxqrh'),('clgt6jrtp002vkrnjn7072gy7',188,'TRADING','SELL','ENDED','2023-04-23 09:01:22.717','2023-04-23 09:03:33.750','clgs40jg40005kr9726jsxqrh'),('clgt6jso6002xkrnjjje86keg',189,'TRADING','SELL','RETURNED','2023-04-23 09:01:23.815','2023-04-23 09:03:28.703','clgs40jg40005kr9726jsxqrh'),('clgt6jtf6002zkrnjh4wq4nfx',190,'TRADING','SELL','RETURNED','2023-04-23 09:01:24.786','2023-04-23 09:03:31.377','clgs40jg40005kr9726jsxqrh'),('clgt6k5hh0031krnj39doebsp',191,'TRADING','SELL','RETURNED','2023-04-23 09:01:40.422','2023-04-23 09:03:52.125','clgs40jg40005kr9726jsxqrh'),('clgt6k6oq0033krnjr5uhtdek',192,'TRADING','SELL','ENDED','2023-04-23 09:01:41.978','2023-04-23 09:04:05.473','clgs40jg40005kr9726jsxqrh'),('clgt6k7yd0035krnjc1sjzqfp',193,'TRADING','SELL','ENDED','2023-04-23 09:01:43.622','2023-04-23 09:04:06.396','clgs40jg40005kr9726jsxqrh'),('clgt6k9fe0037krnjrknqfylk',194,'TRADING','SELL','ENDED','2023-04-23 09:01:45.531','2023-04-23 09:04:10.433','clgs40jg40005kr9726jsxqrh'),('clgt6khe70039krnjlqjcx13b',195,'TRADING','SELL','ENDED','2023-04-23 09:01:55.855','2023-04-23 09:04:11.435','clgs40jg40005kr9726jsxqrh'),('clgt6ki8l003bkrnjduhx5lid',196,'TRADING','SELL','ENDED','2023-04-23 09:01:56.950','2023-04-23 09:04:12.406','clgs40jg40005kr9726jsxqrh'),('clgt6kj2d003dkrnjpw9as3bl',197,'TRADING','SELL','ENDED','2023-04-23 09:01:58.022','2023-04-23 09:04:13.348','clgs40jg40005kr9726jsxqrh'),('clgt6kjyc003fkrnjjfebnfnw',198,'TRADING','SELL','ENDED','2023-04-23 09:01:59.172','2023-04-23 09:04:14.289','clgs40jg40005kr9726jsxqrh'),('clgt6kkul003hkrnjj0jfwavm',199,'TRADING','SELL','ENDED','2023-04-23 09:02:00.334','2023-04-23 09:04:15.277','clgs40jg40005kr9726jsxqrh'),('clgt6klne003jkrnjsncp8495',200,'TRADING','SELL','ENDED','2023-04-23 09:02:01.370','2023-04-23 09:04:16.185','clgs40jg40005kr9726jsxqrh'),('clgt6kmid003lkrnjrpnxcza9',201,'TRADING','SELL','ENDED','2023-04-23 09:02:02.485','2023-04-23 09:04:17.401','clgs40jg40005kr9726jsxqrh'),('clgt6kne1003nkrnjwra9juqa',202,'TRADING','SELL','ENDED','2023-04-23 09:02:03.626','2023-04-23 09:04:18.383','clgs40jg40005kr9726jsxqrh'),('clgt6kw8n003pkrnj1x4h0gxv',203,'TRADING','SELL','ENDED','2023-04-23 09:02:15.095','2023-04-23 09:04:19.759','clgs40jg40005kr9726jsxqrh'),('clgt6kx6t003rkrnjcg7fgiya',204,'TRADING','SELL','ENDED','2023-04-23 09:02:16.326','2023-04-23 09:04:20.684','clgs40jg40005kr9726jsxqrh'),('clgt6ky8q003tkrnjbip0xy2c',205,'TRADING','SELL','ENDED','2023-04-23 09:02:17.690','2023-04-23 09:04:21.605','clgs40jg40005kr9726jsxqrh'),('clgt6kz9s003vkrnjsntz5ztv',206,'TRADING','SELL','ENDED','2023-04-23 09:02:19.025','2023-04-23 09:04:23.667','clgs40jg40005kr9726jsxqrh'),('clgt6l095003xkrnjbdxp5s97',207,'TRADING','SELL','ENDED','2023-04-23 09:02:20.297','2023-04-23 09:04:24.619','clgs40jg40005kr9726jsxqrh'),('clgt6l188003zkrnjixcf9jku',208,'TRADING','SELL','ENDED','2023-04-23 09:02:21.560','2023-04-23 09:04:25.595','clgs40jg40005kr9726jsxqrh'),('clgt6l20a0041krnjch3yy3ls',209,'TRADING','SELL','ENDED','2023-04-23 09:02:22.571','2023-04-23 09:04:26.517','clgs40jg40005kr9726jsxqrh'),('clgt6l2yy0043krnjy2nx8ey6',210,'TRADING','SELL','ENDED','2023-04-23 09:02:23.818','2023-04-23 09:04:27.630','clgs40jg40005kr9726jsxqrh'),('clgt6l4090045krnjqn495elo',211,'TRADING','SELL','ENDED','2023-04-23 09:02:25.161','2023-04-23 09:04:28.865','clgs40jg40005kr9726jsxqrh'),('clgt98bz90001krrhxww29wfs',212,'TRADING','SELL','ENDED','2023-04-23 10:16:27.813','2023-04-23 10:18:49.345','clgs40jg40005kr9726jsxqrh'),('clgt98d1t0003krrhpjrh6l0m',213,'TRADING','SELL','ENDED','2023-04-23 10:16:29.201','2023-04-23 10:18:51.283','clgs40jg40005kr9726jsxqrh'),('clgt98e0i0005krrhe8um1l5d',214,'TRADING','SELL','RETURNED','2023-04-23 10:16:30.450','2023-04-23 10:18:46.713','clgs40jg40005kr9726jsxqrh'),('clgt98f0d0007krrhf88o7lw8',215,'TRADING','SELL','ENDED','2023-04-23 10:16:31.741','2023-04-23 10:18:52.789','clgs40jg40005kr9726jsxqrh'),('clgt98g4r0009krrhp2m7p1xl',216,'TRADING','SELL','ENDED','2023-04-23 10:16:33.195','2023-04-23 10:18:54.262','clgs40jg40005kr9726jsxqrh'),('clgt98ha9000bkrrhbshs9ujk',217,'TRADING','SELL','ENDED','2023-04-23 10:16:34.689','2023-04-23 10:18:55.939','clgs40jg40005kr9726jsxqrh'),('clgt98pqh000dkrrhqdociwos',218,'TRADING','SELL','ENDED','2023-04-23 10:16:45.641','2023-04-23 10:19:06.540','clgs40jg40005kr9726jsxqrh'),('clgt98qm3000fkrrhvdwf2lyd',219,'TRADING','SELL','ENDED','2023-04-23 10:16:46.779','2023-04-23 10:19:07.766','clgs40jg40005kr9726jsxqrh'),('clgt98rs4000hkrrh0epxadfi',220,'TRADING','SELL','RETURNED','2023-04-23 10:16:48.292','2023-04-23 10:19:04.287','clgs40jg40005kr9726jsxqrh'),('clgt98spk000jkrrhot0bql3n',221,'TRADING','SELL','ENDED','2023-04-23 10:16:49.496','2023-04-23 10:19:09.031','clgs40jg40005kr9726jsxqrh'),('clgt98tl2000lkrrhnj2lx9k6',222,'TRADING','SELL','ENDED','2023-04-23 10:16:50.631','2023-04-23 10:19:11.213','clgs40jg40005kr9726jsxqrh'),('clgt98uey000nkrrhvv25fayd',223,'TRADING','SELL','ENDED','2023-04-23 10:16:51.706','2023-04-23 10:19:12.385','clgs40jg40005kr9726jsxqrh'),('clgt994hb000pkrrhab45j1c4',224,'TRADING','SELL','ENDED','2023-04-23 10:17:04.752','2023-04-23 10:19:17.878','clgs40jg40005kr9726jsxqrh'),('clgt995by000rkrrhnplp3773',225,'TRADING','SELL','RETURNED','2023-04-23 10:17:05.855','2023-04-23 10:19:19.905','clgs40jg40005kr9726jsxqrh'),('clgt99jje000tkrrhk48n4qp5',226,'TRADING','SELL','ENDED','2023-04-23 10:17:24.266','2023-04-23 10:19:24.217','clgs40jg40005kr9726jsxqrh'),('clgt99kb2000vkrrh7rk5giua',227,'TRADING','SELL','ENDED','2023-04-23 10:17:25.262','2023-04-23 10:19:25.674','clgs40jg40005kr9726jsxqrh'),('clgt99l24000xkrrhk3gtc2b2',228,'TRADING','SELL','ENDED','2023-04-23 10:17:26.236',NULL,'clgs40jg40005kr9726jsxqrh'),('clgt99lus000zkrrhz2o7u6mo',229,'TRADING','SELL','ENDED','2023-04-23 10:17:27.269',NULL,'clgs40jg40005kr9726jsxqrh'),('clgt99mma0011krrh5vrchu2r',230,'TRADING','SELL','ENDED','2023-04-23 10:17:28.258',NULL,'clgs40jg40005kr9726jsxqrh'),('clgt99ndu0013krrhnqf9cdv8',231,'TRADING','SELL','ENDED','2023-04-23 10:17:29.251',NULL,'clgs40jg40005kr9726jsxqrh'),('clgt99o850015krrhdq06ri7y',232,'TRADING','SELL','ENDED','2023-04-23 10:17:30.341',NULL,'clgs40jg40005kr9726jsxqrh'),('clgt99oxw0017krrhz5gn887y',233,'TRADING','SELL','ENDED','2023-04-23 10:17:31.269',NULL,'clgs40jg40005kr9726jsxqrh'),('clgt99pr10019krrhn202u89k',234,'TRADING','SELL','ENDED','2023-04-23 10:17:32.318',NULL,'clgs40jg40005kr9726jsxqrh'),('clgt99qhp001bkrrh9ig06hdp',235,'TRADING','SELL','ENDED','2023-04-23 10:17:33.277',NULL,'clgs40jg40005kr9726jsxqrh'),('clgt99raj001dkrrh2uhdavrn',236,'TRADING','SELL','ENDED','2023-04-23 10:17:34.315',NULL,'clgs40jg40005kr9726jsxqrh'),('clgt99s3s001fkrrhtw64oemk',237,'TRADING','SELL','ENDED','2023-04-23 10:17:35.369',NULL,'clgs40jg40005kr9726jsxqrh'),('clgt99sx2001hkrrh3kj38m5h',238,'TRADING','SELL','ENDED','2023-04-23 10:17:36.423',NULL,'clgs40jg40005kr9726jsxqrh'),('clgt9a6o3001jkrrhr7t32ou3',239,'TRADING','SELL','ENDED','2023-04-23 10:17:54.243',NULL,'clgs40jg40005kr9726jsxqrh'),('clgt9a7hl001lkrrh3nq06ob4',240,'TRADING','SELL','ENDED','2023-04-23 10:17:55.305',NULL,'clgs40jg40005kr9726jsxqrh'),('clgt9a8cb001nkrrhebxbr9bz',241,'TRADING','SELL','ENDED','2023-04-23 10:17:56.412',NULL,'clgs40jg40005kr9726jsxqrh'),('clgt9a97b001pkrrhwoxizycz',242,'TRADING','SELL','ENDED','2023-04-23 10:17:57.527',NULL,'clgs40jg40005kr9726jsxqrh'),('clgt9aa0b001rkrrhb9jhtnpi',243,'TRADING','SELL','ENDED','2023-04-23 10:17:58.571',NULL,'clgs40jg40005kr9726jsxqrh'),('clgt9aaqh001tkrrhjbj8s957',244,'TRADING','SELL','ENDED','2023-04-23 10:17:59.513',NULL,'clgs40jg40005kr9726jsxqrh'),('clgt9abht001vkrrhlcsck96t',245,'TRADING','SELL','ENDED','2023-04-23 10:18:00.497',NULL,'clgs40jg40005kr9726jsxqrh'),('clgt9ac68001xkrrhnbi6pbzo',246,'TRADING','SELL','ENDED','2023-04-23 10:18:01.377',NULL,'clgs40jg40005kr9726jsxqrh'),('clgt9acsu001zkrrhxwmc3ha4',247,'TRADING','SELL','ENDED','2023-04-23 10:18:02.191',NULL,'clgs40jg40005kr9726jsxqrh'),('clgt9aknc0021krrh8v05zslq',248,'TRADING','SELL','ENDED','2023-04-23 10:18:12.360',NULL,'clgs40jg40005kr9726jsxqrh'),('clgt9ali80023krrhstu65wnj',249,'TRADING','SELL','ENDED','2023-04-23 10:18:13.473',NULL,'clgs40jg40005kr9726jsxqrh'),('clgt9am9w0025krrhtmg8e5g1',250,'TRADING','SELL','ENDED','2023-04-23 10:18:14.468',NULL,'clgs40jg40005kr9726jsxqrh'),('clgt9an8x0027krrhnqru0g2n',251,'TRADING','SELL','ENDED','2023-04-23 10:18:15.729',NULL,'clgs40jg40005kr9726jsxqrh'),('clgt9ao7t0029krrh8v7ih09v',252,'TRADING','SELL','ENDED','2023-04-23 10:18:16.986',NULL,'clgs40jg40005kr9726jsxqrh'),('clgt9ap27002bkrrhdttbptn1',253,'TRADING','SELL','ENDED','2023-04-23 10:18:18.079',NULL,'clgs40jg40005kr9726jsxqrh'),('clgt9apxc002dkrrhzs2prvlx',254,'TRADING','SELL','ENDED','2023-04-23 10:18:19.201',NULL,'clgs40jg40005kr9726jsxqrh'),('clgt9aqt3002fkrrh8seg9ydr',255,'TRADING','SELL','ENDED','2023-04-23 10:18:20.344',NULL,'clgs40jg40005kr9726jsxqrh'),('clgt9arla002hkrrh1a5kv1c5',256,'TRADING','SELL','ENDED','2023-04-23 10:18:21.358',NULL,'clgs40jg40005kr9726jsxqrh'),('clgt9asmo002jkrrhd8z4evu5',257,'TRADING','SELL','ENDED','2023-04-23 10:18:22.704',NULL,'clgs40jg40005kr9726jsxqrh'),('clgt9atm3002lkrrhrkwqtn5h',258,'TRADING','SELL','ENDED','2023-04-23 10:18:23.979',NULL,'clgs40jg40005kr9726jsxqrh'),('clgt9auhy002nkrrhe371jpii',259,'TRADING','SELL','ENDED','2023-04-23 10:18:25.126',NULL,'clgs40jg40005kr9726jsxqrh'),('clgt9avdg002pkrrhn9ysic9v',260,'TRADING','SELL','ENDED','2023-04-23 10:18:26.260',NULL,'clgs40jg40005kr9726jsxqrh'),('clgt9aw8z002rkrrhaydjo35t',261,'TRADING','SELL','ENDED','2023-04-23 10:18:27.396',NULL,'clgs40jg40005kr9726jsxqrh'),('clgt9fogr002tkrrh07b9brxp',262,'TRADING','SELL','ENDED','2023-04-23 10:22:10.588',NULL,'clgs40jg40005kr9726jsxqrh'),('clgt9fpis002vkrrh1w6pw3lp',263,'TRADING','SELL','RETURNED','2023-04-23 10:22:11.957','2023-04-23 10:24:57.516','clgs40jg40005kr9726jsxqrh'),('clgt9fqcb002xkrrhs97370zu',264,'TRADING','SELL','ENDED','2023-04-23 10:22:13.020',NULL,'clgs40jg40005kr9726jsxqrh'),('clgt9fraz002zkrrh9j4wpcfw',265,'TRADING','SELL','RETURNED','2023-04-23 10:22:14.267','2023-04-23 10:25:04.078','clgs40jg40005kr9726jsxqrh'),('clgt9fs750031krrhk8fc99dr',266,'TRADING','SELL','ENDED','2023-04-23 10:22:15.426',NULL,'clgs40jg40005kr9726jsxqrh'),('clgt9g0bx0033krrh6x9018hs',267,'TRADING','SELL','ENDED','2023-04-23 10:22:25.965',NULL,'clgs40jg40005kr9726jsxqrh'),('clgt9g1fh0035krrhb3bb43ys',268,'TRADING','SELL','ENDED','2023-04-23 10:22:27.389',NULL,'clgs40jg40005kr9726jsxqrh'),('clgt9g2hu0037krrhdyx6ru4d',269,'TRADING','SELL','ENDED','2023-04-23 10:22:28.770',NULL,'clgs40jg40005kr9726jsxqrh'),('clgt9g3k00039krrhddoei4m2',270,'TRADING','SELL','ENDED','2023-04-23 10:22:30.144',NULL,'clgs40jg40005kr9726jsxqrh'),('clgt9g4n5003bkrrh8avewfpt',271,'TRADING','SELL','RETURNED','2023-04-23 10:22:31.554','2023-04-23 10:25:17.091','clgs40jg40005kr9726jsxqrh'),('clgt9g5kh003dkrrhztgex9ha',272,'TRADING','SELL','ENDED','2023-04-23 10:22:32.753',NULL,'clgs40jg40005kr9726jsxqrh'),('clgt9g6q4003fkrrh3l12xqnf',273,'TRADING','SELL','ENDED','2023-04-23 10:22:34.253',NULL,'clgs40jg40005kr9726jsxqrh'),('clgt9g7s8003hkrrhcglic6ro',274,'TRADING','SELL','ENDED','2023-04-23 10:22:35.621',NULL,'clgs40jg40005kr9726jsxqrh'),('clgt9g8vt003jkrrh62yyqwig',275,'TRADING','SELL','ENDED','2023-04-23 10:22:37.049',NULL,'clgs40jg40005kr9726jsxqrh'),('clgt9gh1d003lkrrhpefqfd6t',276,'TRADING','SELL','ENDED','2023-04-23 10:22:47.617',NULL,'clgs40jg40005kr9726jsxqrh'),('clgt9ghwb003nkrrhe7mxz9ct',277,'TRADING','SELL','ENDED','2023-04-23 10:22:48.731',NULL,'clgs40jg40005kr9726jsxqrh'),('clgt9giuk003pkrrhbviiapfz',278,'TRADING','SELL','ENDED','2023-04-23 10:22:49.965',NULL,'clgs40jg40005kr9726jsxqrh'),('clgt9hbhd003rkrrhqu8bqu65',279,'TRADING','SELL','RETURNED','2023-04-23 10:23:27.073','2023-04-23 10:25:25.841','clgs40jg40005kr9726jsxqrh'),('clgt9hvnj003tkrrhoxv92hje',280,'TRADING','SELL','ENDED','2023-04-23 10:23:53.216',NULL,'clgs40jg40005kr9726jsxqrh'),('clgt9hwue003vkrrhdfdd66yd',281,'TRADING','SELL','ENDED','2023-04-23 10:23:54.758',NULL,'clgs40jg40005kr9726jsxqrh'),('clgt9hxxc003xkrrh7x5o3ru1',282,'TRADING','SELL','ENDED','2023-04-23 10:23:56.160',NULL,'clgs40jg40005kr9726jsxqrh'),('clgt9hz2g003zkrrh6wwl54rq',283,'TRADING','SELL','ENDED','2023-04-23 10:23:57.640',NULL,'clgs40jg40005kr9726jsxqrh'),('clgt9i05z0041krrhp7zi35j5',284,'TRADING','SELL','ENDED','2023-04-23 10:23:59.063',NULL,'clgs40jg40005kr9726jsxqrh'),('clgt9i1ag0043krrhkw1nwyvi',285,'TRADING','SELL','ENDED','2023-04-23 10:24:00.521',NULL,'clgs40jg40005kr9726jsxqrh'),('clgt9i2b50045krrhcjfq3dzd',286,'TRADING','SELL','ENDED','2023-04-23 10:24:01.841',NULL,'clgs40jg40005kr9726jsxqrh'),('clgt9i3e60047krrhu7hs9175',287,'TRADING','SELL','ENDED','2023-04-23 10:24:03.246',NULL,'clgs40jg40005kr9726jsxqrh'),('clgt9i4dw0049krrh57wd955h',288,'TRADING','SELL','ENDED','2023-04-23 10:24:04.533',NULL,'clgs40jg40005kr9726jsxqrh'),('clgt9i5fc004bkrrhqt9tcar2',289,'TRADING','SELL','ENDED','2023-04-23 10:24:05.880',NULL,'clgs40jg40005kr9726jsxqrh'),('clgt9i6fb004dkrrhwoiedg3j',290,'TRADING','SELL','ENDED','2023-04-23 10:24:07.176',NULL,'clgs40jg40005kr9726jsxqrh'),('clgt9i7do004fkrrhu1enwcw0',291,'TRADING','SELL','ENDED','2023-04-23 10:24:08.412',NULL,'clgs40jg40005kr9726jsxqrh'),('clgt9i8cd004hkrrhdf0uz2vb',292,'TRADING','SELL','ENDED','2023-04-23 10:24:09.662',NULL,'clgs40jg40005kr9726jsxqrh'),('clgt9i9by004jkrrhwz6ilw8j',293,'TRADING','SELL','ENDED','2023-04-23 10:24:10.942',NULL,'clgs40jg40005kr9726jsxqrh'),('clgt9iadg004lkrrh0rg9eor8',294,'TRADING','SELL','ENDED','2023-04-23 10:24:12.292',NULL,'clgs40jg40005kr9726jsxqrh'),('clgt9igne004nkrrhvwehagig',295,'TRADING','SELL','ENDED','2023-04-23 10:24:20.427',NULL,'clgs40jg40005kr9726jsxqrh'),('clgt9ihkr004pkrrhnnvlf3zt',296,'TRADING','SELL','ENDED','2023-04-23 10:24:21.627',NULL,'clgs40jg40005kr9726jsxqrh'),('clgt9iibi004rkrrhfa1qpmvg',297,'TRADING','SELL','ENDED','2023-04-23 10:24:22.591',NULL,'clgs40jg40005kr9726jsxqrh'),('clgt9ij5i004tkrrhgt17sblh',298,'TRADING','SELL','ENDED','2023-04-23 10:24:23.671',NULL,'clgs40jg40005kr9726jsxqrh'),('clgt9ijyz004vkrrhpvt095am',299,'TRADING','SELL','ENDED','2023-04-23 10:24:24.731',NULL,'clgs40jg40005kr9726jsxqrh'),('clgt9iksx004xkrrhvtrgw1tj',300,'TRADING','SELL','ENDED','2023-04-23 10:24:25.810',NULL,'clgs40jg40005kr9726jsxqrh'),('clgt9ilo8004zkrrhbm5eruz0',301,'TRADING','SELL','ENDED','2023-04-23 10:24:26.936',NULL,'clgs40jg40005kr9726jsxqrh'),('clgt9itay0051krrhqkfqrqd6',302,'TRADING','SELL','ENDED','2023-04-23 10:24:36.827',NULL,'clgs40jg40005kr9726jsxqrh'),('clgt9iu4k0053krrhv7szb76i',303,'TRADING','SELL','ENDED','2023-04-23 10:24:37.893',NULL,'clgs40jg40005kr9726jsxqrh'),('clgt9iux30055krrh2sy2ia3w',304,'TRADING','SELL','ENDED','2023-04-23 10:24:38.920',NULL,'clgs40jg40005kr9726jsxqrh'),('clgt9ivqq0057krrhs9buo6zd',305,'TRADING','SELL','ENDED','2023-04-23 10:24:39.986',NULL,'clgs40jg40005kr9726jsxqrh'),('clgt9iwk90059krrh5943j82g',306,'TRADING','SELL','ENDED','2023-04-23 10:24:41.049',NULL,'clgs40jg40005kr9726jsxqrh'),('clgt9ixec005bkrrhh3i6qbgv',307,'TRADING','SELL','ENDED','2023-04-23 10:24:42.133',NULL,'clgs40jg40005kr9726jsxqrh'),('clgt9iy6b005dkrrh1muivdmy',308,'TRADING','SELL','ENDED','2023-04-23 10:24:43.140',NULL,'clgs40jg40005kr9726jsxqrh'),('clgt9iyyb005fkrrh5pf0cctk',309,'TRADING','SELL','ENDED','2023-04-23 10:24:44.147',NULL,'clgs40jg40005kr9726jsxqrh'),('clgt9izpt005hkrrh1tha14i6',310,'TRADING','SELL','ENDED','2023-04-23 10:24:45.138',NULL,'clgs40jg40005kr9726jsxqrh'),('clgt9j0h3005jkrrh1yatm0kp',311,'TRADING','SELL','ENDED','2023-04-23 10:24:46.120',NULL,'clgs40jg40005kr9726jsxqrh'),('clgt9j18z005lkrrh89bbmk7c',312,'TRADING','SELL','ENDED','2023-04-23 10:24:47.123',NULL,'clgs40jg40005kr9726jsxqrh'),('clgt9j1ya005nkrrhgfzlp4wk',313,'TRADING','SELL','ENDED','2023-04-23 10:24:48.034',NULL,'clgs40jg40005kr9726jsxqrh'),('clgt9j2qd005pkrrhs66a8tpp',314,'TRADING','SELL','ENDED','2023-04-23 10:24:49.045',NULL,'clgs40jg40005kr9726jsxqrh'),('clgt9j3j0005rkrrhzskgewa5',315,'TRADING','SELL','ENDED','2023-04-23 10:24:50.076',NULL,'clgs40jg40005kr9726jsxqrh'),('clgt9lz0e005tkrrh3hys4h12',316,'TRADING','SELL','ENDED','2023-04-23 10:27:04.190','2023-04-24 07:07:04.481','clgs40jg40005kr9726jsxqrh'),('clgt9mnwy005xkrrh4zdkl1uj',317,'TRADING','SELL','ENDED','2023-04-23 10:27:36.466','2023-04-23 10:28:24.942','clgs40jg40005kr9726jsxqrh'),('clgt9mx330061krrh3wrej2kl',318,'TRADING','SELL','ENDED','2023-04-23 10:27:48.351','2023-04-27 07:01:00.884','clgs40jg40005kr9726jsxqrh'),('clgt9n5ja0063krrh935yhkug',319,'TRADING','SELL','ENDED','2023-04-23 10:27:59.303','2023-04-24 16:21:06.183','clgs40jg40005kr9726jsxqrh'),('clgt9o5co0065krrhx6uk4ql5',320,'TRADING','SELL','ENDED','2023-04-23 10:28:45.720','2023-04-30 00:21:05.577','clgs40jg40005kr9726jsxqrh'),('clgt9o9mk0067krrhxpkx0kfo',321,'TRADING','SELL','ENDED','2023-04-23 10:28:51.261','2023-04-24 16:21:11.603','clgs40jg40005kr9726jsxqrh'),('clgt9r6y90069krrh4elbmsck',322,'TRADING','SELL','RETURNED','2023-04-23 10:31:07.761','2023-04-30 21:30:02.684','clgs40jg40005kr9726jsxqrh'),('clguhwcm60001kr12tlsgb3fw',323,'TRADING','SELL','ENDED','2023-04-24 07:06:51.487','2023-04-25 06:02:17.168','clgs40jg40005kr9726jsxqrh'),('clgv1pnat0003kr125yfrugzl',324,'TRADING','SELL','ENDED','2023-04-24 16:21:31.062','2023-04-26 16:28:34.037','clgs40jg40005kr9726jsxqrh'),('clgv1pt7o0005kr12j7xjkv5t',325,'TRADING','SELL','ENDED','2023-04-24 16:21:38.725','2023-04-27 16:55:53.630','clgs40jg40005kr9726jsxqrh'),('clgvv1em10007kr126eebmvgg',326,'TRADING','SELL','ENDED','2023-04-25 06:02:28.536','2023-04-28 18:56:01.396','clgs40jg40005kr9726jsxqrh'),('clgxwulir0009kr12807g103r',327,'TRADING','SELL','ENDED','2023-04-26 16:28:42.484','2023-05-02 16:39:07.389','clgs40jg40005kr9726jsxqrh'),('clgys0kmr000bkr1268e3i8l5',328,'TRADING','SELL','ENDED','2023-04-27 07:01:09.363','2023-04-28 18:56:04.179','clgs40jg40005kr9726jsxqrh'),('clgzd9nrj000dkr12va5v2kjx',329,'TRADING','SELL','ENDED','2023-04-27 16:56:05.263','2023-05-02 06:05:53.768','clgs40jg40005kr9726jsxqrh'),('clh0x0a8k000fkr12x4z2l51g',330,'TRADING','SELL','ENDED','2023-04-28 18:56:26.324','2023-04-29 08:34:05.094','clgs40jg40005kr9726jsxqrh'),('clh0x1rr9000hkr12t34sd99u',331,'TRADING','SELL','ENDED','2023-04-28 18:57:35.685','2023-04-29 08:34:11.416','clgs40jg40005kr9726jsxqrh'),('clh1q8qgn000jkr12secokgcb',332,'TRADING','SELL','ENDED','2023-04-29 08:34:49.463','2023-04-30 08:43:01.366','clgs40jg40005kr9726jsxqrh'),('clh2o1x46000lkr12phdiq8tn',333,'TRADING','SELL','ENDED','2023-04-30 00:21:18.438','2023-05-05 21:52:45.970','clgs40jg40005kr9726jsxqrh'),('clh35zd15000nkr12bqkoqsme',334,'TRADING','SELL','ENDED','2023-04-30 08:43:12.185','2023-04-30 21:29:57.309','clgs40jg40005kr9726jsxqrh'),('clh3xdrmv0001kr7ca64fowwt',335,'TRADING','SELL','ENDED','2023-04-30 21:30:13.928','2023-05-02 06:06:19.993','clgs40jg40005kr9726jsxqrh'),('clh5v9qun0003kr7c1gtnmq7p',336,'TRADING','SELL','ENDED','2023-05-02 06:06:39.407','2023-05-02 16:39:13.259','clgs40jg40005kr9726jsxqrh'),('clh5va5250005kr7cbj71bujm',337,'TRADING','SELL','ENDED','2023-05-02 06:06:57.821','2023-05-04 07:03:47.051','clgs40jg40005kr9726jsxqrh'),('clh6hwjqj0007kr7cf7513lr3',338,'TRADING','SELL','ENDED','2023-05-02 16:40:14.827','2023-05-05 21:52:48.787','clgs40jg40005kr9726jsxqrh'),('clh6hwosk0009kr7cx6w4fu6h',339,'TRADING','SELL','ENDED','2023-05-02 16:40:21.381','2023-05-06 21:39:40.710','clgs40jg40005kr9726jsxqrh'),('clh8s74ia000bkr7cj0tnhnu0',340,'TRADING','SELL','ENDED','2023-05-04 07:03:56.818','2023-05-06 08:48:50.194','clgs40jg40005kr9726jsxqrh'),('clhb3eewm000dkr7c9ybl74jo',341,'TRADING','SELL','ENDED','2023-05-05 21:53:05.015','2023-05-08 08:42:15.831','clgs40jg40005kr9726jsxqrh'),('clhb3eimx000fkr7cyao6br2h',342,'TRADING','SELL','ENDED','2023-05-05 21:53:09.850','2023-05-06 08:48:53.810','clgs40jg40005kr9726jsxqrh'),('clhbqutr4000hkr7czgqnhl4v',343,'TRADING','SELL','ENDED','2023-05-06 08:49:41.921','2023-05-06 21:39:46.675','clgs40jg40005kr9726jsxqrh'),('clhbquwjz000jkr7c4t376xvy',344,'TRADING','SELL','ENDED','2023-05-06 08:49:45.551','2023-05-07 08:42:45.920','clgs40jg40005kr9726jsxqrh'),('clhbqyprf000lkr7c193e1ara',345,'TRADING','SELL','PROGRESS','2023-05-06 08:52:43.371',NULL,'clgs40jg40005kr9726jsxqrh'),('clhcidlpd000nkr7cpic43vzp',346,'TRADING','SELL','PROGRESS','2023-05-06 21:40:07.586',NULL,'clgs40jg40005kr9726jsxqrh'),('clhcidsgu000pkr7ch426iaz0',347,'TRADING','SELL','PROGRESS','2023-05-06 21:40:16.350',NULL,'clgs40jg40005kr9726jsxqrh'),('clhd622kz000rkr7cy4pjlkvy',348,'TRADING','SELL','ENDED','2023-05-07 08:43:00.372','2023-05-08 08:42:18.127','clgs40jg40005kr9726jsxqrh'),('clhelhvf1000tkr7cgx7yvzgg',349,'TRADING','SELL','PROGRESS','2023-05-08 08:42:57.997',NULL,'clgs40jg40005kr9726jsxqrh'),('clheli1e1000vkr7c0gwrynxa',350,'TRADING','SELL','PROGRESS','2023-05-08 08:43:05.737',NULL,'clgs40jg40005kr9726jsxqrh');
/*!40000 ALTER TABLE `Session` ENABLE KEYS */;
UNLOCK TABLES;

--
-- Table structure for table `SessionRow`
--

DROP TABLE IF EXISTS `SessionRow`;
/*!40101 SET @saved_cs_client     = @@character_set_client */;
/*!50503 SET character_set_client = utf8mb4 */;
CREATE TABLE `SessionRow` (
  `id` varchar(191) CHARACTER SET utf8mb4 COLLATE utf8mb4_unicode_ci NOT NULL,
  `quantity` int NOT NULL,
  `fee` double NOT NULL,
  `value` double NOT NULL,
  `sessionId` varchar(191) CHARACTER SET utf8mb4 COLLATE utf8mb4_unicode_ci DEFAULT NULL,
  `itemId` varchar(191) CHARACTER SET utf8mb4 COLLATE utf8mb4_unicode_ci NOT NULL,
  PRIMARY KEY (`id`),
  KEY `SessionRow_sessionId_fkey` (`sessionId`),
  KEY `SessionRow_itemId_fkey` (`itemId`),
  CONSTRAINT `SessionRow_itemId_fkey` FOREIGN KEY (`itemId`) REFERENCES `Item` (`id`) ON DELETE RESTRICT ON UPDATE CASCADE,
  CONSTRAINT `SessionRow_sessionId_fkey` FOREIGN KEY (`sessionId`) REFERENCES `Session` (`id`) ON DELETE SET NULL ON UPDATE CASCADE
) ENGINE=InnoDB DEFAULT CHARSET=utf8mb4 COLLATE=utf8mb4_unicode_ci;
/*!40101 SET character_set_client = @saved_cs_client */;

--
-- Dumping data for table `SessionRow`
--

LOCK TABLES `SessionRow` WRITE;
/*!40000 ALTER TABLE `SessionRow` DISABLE KEYS */;
INSERT INTO `SessionRow` VALUES ('clhewyak60003ptz5kv2navu2',5001,0,102,'clgs58dm50001krbo49yn5ob7','clgs40ji8003nkr97qi2mlvb2'),('clhewyakg0005ptz5ozddw18c',2513,0,103,'clgs59zvn0005krbo2pq8nbpm','clgs40ji8003ykr97xrs7ydyn'),('clhewyakp000aptz5gk2hb2fs',5445,0,222,'clgs5ajo30007krbojyg0ct0b','clgs40ji8003ykr97xrs7ydyn'),('clhewyakp000cptz5zd8mqeo5',1415,0,642,'clgs5cf59000dkrbopz34pz5u','clgs40jgq001pkr97vlgygb4r'),('clhewyakp000dptz5prq76mmt',3144,0,128,'clgs5axy60009krboomqheej8','clgs40ji8003ykr97xrs7ydyn'),('clhewyakp000eptz5jhcwdqdj',443,0,201,'clgs5boac000bkrboeofr23zr','clgs40jgq001pkr97vlgygb4r'),('clhewyakp000fptz55klh8sh7',1001,0,454,'clgs5cqmf000fkrbosxlsqds3','clgs40jgq001pkr97vlgygb4r'),('clhewyakp000kptz5wh17wh3b',1501,0,182,'clgs5d6dx000hkrbo80569spg','clgs40jgq001lkr97t2dbn5zr'),('clhewyakp000lptz5sfn0452r',1906,0,231,'clgs5dt5j000jkrboply6mrij','clgs40jgq001lkr97t2dbn5zr'),('clhewyakp000mptz5j0f4uoep',3001,0,93,'clgs5fh8c000nkrbo9q5r0r8p','clgs40jgq0027kr97bau2piw0'),('clhewyakp000pptz5p3rrb033',2575,0,267,'clgs5em3o000lkrboccsa7b7t','clgs40ji7003fkr97fqq3ihnl'),('clhewyakp000qptz5hnn3xsmq',1000,0,308,'clgs5h8fi000rkrbo2gnodlwd','clgs40ji80040kr97ucc4hs70'),('clhewyakp000sptz5wrzwps1x',100,0.54,3,'clgs5iqzl000tkrboh6qxeipa','clgs40ji8003nkr97qi2mlvb2'),('clhewyakp000uptz5yg1m1l8w',100,0.54,3,'clgs5ixq2000vkrbo1o1trvf4','clgs40ji8003nkr97qi2mlvb2'),('clhewyakp000vptz5yif2vtjv',100,0.54,3,'clgs5j63b000xkrbo9rq34jyh','clgs40ji8003nkr97qi2mlvb2'),('clhewyakp000zptz55fiegcz5',4806,0,98,'clgs58vt20003krbou3a7l8tr','clgs40ji8003nkr97qi2mlvb2'),('clhewyakp0010ptz573cx6bbk',500,0,155,'clgs5gda5000pkrbos624rfzx','clgs40ji80040kr97ucc4hs70'),('clhewyakp0011ptz57o89jgf0',100,0.54,5,'clgs5lcvh0013krboryys9ovs','clgs40ji8003ykr97xrs7ydyn'),('clhewyakv0013ptz5ah5nddcz',100,0.54,3,'clgs5lpcz0015krboyr0dy4em','clgs40ji8003nkr97qi2mlvb2'),('clhewyalk0015ptz5j78jujeb',80,0.56,11,'clgs5oflw0019krboqceb9nny','clgs40jgq001lkr97t2dbn5zr'),('clhewyalr0017ptz5k4vvdfzs',50,0.57,24,'clgs5nt3w0017krboa70257gh','clgs40jgq001pkr97vlgygb4r'),('clhewyalr001bptz5kjumltb8',101,0.54,11,'clgs5p31f001bkrbol64ymxhw','clgs40ji7003fkr97fqq3ihnl'),('clhewyalr001dptz56zse61c6',50,0.57,24,'clgs5pmmy001dkrbooy4n66jr','clgs40jgq001pkr97vlgygb4r'),('clhewyalr001eptz55z7a94y8',50,0.57,24,'clgs5pxum001fkrbou6cybura','clgs40jgq001pkr97vlgygb4r'),('clhewyals001kptz56sre7z9m',100,0.54,3,'clgs5rt69001lkrbo5k95t4ns','clgs40ji8003nkr97qi2mlvb2'),('clhewyals001lptz5fzg2fz0a',101,0.54,11,'clgs5tkyj001pkrbocdttwjbh','clgs40ji7003fkr97fqq3ihnl'),('clhewyals001mptz5o2p3wqjo',101,0.54,11,'clgs5tc5m001nkrbodgm1rqi3','clgs40ji7003fkr97fqq3ihnl'),('clhewyals001nptz59mqnb4a4',100,0.54,3,'clgs5rdz6001hkrbox24xtj2q','clgs40ji8003nkr97qi2mlvb2'),('clhewyals001optz5e0fockr8',100,0.54,5,'clgs5ubtg001rkrboluce98x8','clgs40ji8003ykr97xrs7ydyn'),('clhewyals001pptz5vhpnbifn',100,0.54,5,'clgs5ufz1001tkrbooaeesavc','clgs40ji8003ykr97xrs7ydyn'),('clhewyals001uptz5z1t400gd',50,0.57,24,'clgs5w4g9001xkrbo16s0mcjo','clgs40jgq001pkr97vlgygb4r'),('clhewyals001vptz5tyasqiah',50,0.57,24,'clgs5wapm001zkrbow06w3y0i','clgs40jgq001pkr97vlgygb4r'),('clhewyals001wptz50dtimveh',100,0.54,3,'clgs5k5zz000zkrbotw2wmm48','clgs40ji8003nkr97qi2mlvb2'),('clhewyals001zptz5h8cp77if',100,0.54,5,'clgs5kz9p0011krborbl039qn','clgs40ji8003ykr97xrs7ydyn'),('clhewyals0020ptz5w9pvohfk',80,0.56,11,'clgs5y4550023krbo9fak2wn9','clgs40jgq001lkr97t2dbn5zr'),('clhewyals0021ptz5x84w5rju',80,0.56,11,'clgs5ve79001vkrbolg0vbth0','clgs40jgq001lkr97t2dbn5zr'),('clhewyam10023ptz5iu9xua1i',80,0.56,11,'clgs5xie70021krbomxdauomv','clgs40jgq001lkr97t2dbn5zr'),('clhewyame0025ptz57gb192bq',50,0.57,24,'clgs5yhxz0025krbodlqqmn1x','clgs40jgq001pkr97vlgygb4r'),('clhewyaml0027ptz58sx1317o',100,0.54,5,'clgs5z1pk0027krbosrywh3be','clgs40ji8003ykr97xrs7ydyn'),('clhewyamz0029ptz5bcpfi2w2',100,0.54,5,'clgs5z7m90029krbourlfojpk','clgs40ji8003ykr97xrs7ydyn'),('clhewyan4002bptz5p2z5pvd8',101,0.54,11,'clgs5zjky002bkrbokabokoz9','clgs40ji7003fkr97fqq3ihnl'),('clhewyan4002dptz59o8d3tgf',101,0.54,11,'clgs5zou2002dkrboctfw1udx','clgs40ji7003fkr97fqq3ihnl'),('clhewyann002fptz5xefrxzpn',101,0.54,11,'clgs5zvou002fkrbotma69kl2','clgs40ji7003fkr97fqq3ihnl'),('clhewyans002nptz5bmhg9717',50,0.57,24,'clgs63a22002nkrboamwwl2y2','clgs40jgq001pkr97vlgygb4r'),('clhewyans002optz5w9ysxvqh',100,0.54,3,'clgs61cl9002hkrbo8h7yjy66','clgs40ji8003nkr97qi2mlvb2'),('clhewyans002pptz566nyiqaj',100,0.54,3,'clgs664xo002rkrbo6g3tr0nb','clgs40ji8003nkr97qi2mlvb2'),('clhewyans002qptz54cslmek0',100,0.54,3,'clgs62j2f002jkrbodwx58hb1','clgs40ji8003nkr97qi2mlvb2'),('clhewyans002rptz5r0l3jv0b',50,0.57,24,'clgs6430k002pkrbodv2uhfg9','clgs40jgq001pkr97vlgygb4r'),('clhewyans002tptz5vfkqgzg0',100,0.54,3,'clgs66fct002tkrbo6ilrsfui','clgs40ji8003nkr97qi2mlvb2'),('clhewyans002uptz56akr7y26',100,0.54,3,'clgs66qbg002xkrbo3dq1xdrw','clgs40ji8003nkr97qi2mlvb2'),('clhewyans002xptz5lcfdcjfx',100,0.54,3,'clgs66k65002vkrbot2d3mkov','clgs40ji8003nkr97qi2mlvb2'),('clhewyans002yptz5ybzdidap',100,0.54,3,'clgs5rl04001jkrbo1drpwi87','clgs40ji8003nkr97qi2mlvb2'),('clhewyans0031ptz5qcii865f',80,0.56,11,'clgs62xh9002lkrbomxqr677p','clgs40jgq001lkr97t2dbn5zr'),('clhewyans0032ptz5dlru8573',100,0.54,5,'clgs68jkp0033krbo169aw3ej','clgs40ji8003ykr97xrs7ydyn'),('clhewyans0035ptz547lefbsv',100,0.54,5,'clgs68v4l0037krbojdtmpzsc','clgs40ji8003ykr97xrs7ydyn'),('clhewyans0037ptz5j70u9euz',100,0.54,5,'clgs690890039krbodlklyyyr','clgs40ji8003ykr97xrs7ydyn'),('clhewyans0038ptz510zak9jq',100,0.54,5,'clgs6964k003bkrboqx8qchts','clgs40ji8003ykr97xrs7ydyn'),('clhewyans003aptz5jl8yg2nq',100,0.54,3,'clgs67ad7002zkrboj9szn3qa','clgs40ji8003nkr97qi2mlvb2'),('clhewyans003bptz56rx7fmmp',100,0.54,3,'clgs67j090031krbokf6vg66c','clgs40ji8003nkr97qi2mlvb2'),('clhewyao1003dptz5axraoh8s',100,0.54,5,'clgs69kgg003dkrbof70ss5di','clgs40ji8003ykr97xrs7ydyn'),('clhewyap2003fptz5rft8hbz9',100,0.54,5,'clgs69q5l003fkrboat230lcw','clgs40ji8003ykr97xrs7ydyn'),('clhewyapb003lptz5wlvudn2e',100,0.54,5,'clgs6a8pz003jkrbojze2cvmu','clgs40ji8003ykr97xrs7ydyn'),('clhewyapb003mptz56i562lrm',101,0.54,11,'clgs6b5zc003pkrbo3ccy7w9a','clgs40ji7003fkr97fqq3ihnl'),('clhewyapb003nptz5mvd27t0h',100,0.54,5,'clgs69v6m003hkrbovuwsqyf5','clgs40ji8003ykr97xrs7ydyn'),('clhewyapb003optz5dyk1giie',101,0.54,11,'clgs6asyc003lkrbo8hlkhlvq','clgs40ji7003fkr97fqq3ihnl'),('clhewyapb003qptz5hpc3qw7m',101,0.54,11,'clgs6cqag003xkrbol23zdmfo','clgs40ji7003fkr97fqq3ihnl'),('clhewyapb003rptz5kdzy664h',101,0.54,11,'clgs6cu9a003zkrbo8vonw5sh','clgs40ji7003fkr97fqq3ihnl'),('clhewyapb003uptz5ekiu36jr',101,0.54,11,'clgs6e6e10041krboovmzqfu5','clgs40ji7003fkr97fqq3ihnl'),('clhewyapb003vptz5s7eyr7lp',80,0.56,11,'clgs6er2h0043krboeqkmmkby','clgs40jgq001lkr97t2dbn5zr'),('clhewyapb003zptz5gqd81oaw',80,0.56,11,'clgs6evf30045krboitvrmrus','clgs40jgq001lkr97t2dbn5zr'),('clhewyapb0040ptz522fw5gjf',50,0.57,24,'clgs6g349004fkrboylb5lzur','clgs40jgq001pkr97vlgygb4r'),('clhewyapb0043ptz5o44xj4z1',50,0.57,24,'clgs6g8ao004hkrbonf7hs5hf','clgs40jgq001pkr97vlgygb4r'),('clhewyapb0044ptz5ui709c4k',50,0.57,24,'clgs6krh9004pkrboowgwtwah','clgs40jgq001pkr97vlgygb4r'),('clhewyapb0045ptz5cmceadbs',50,0.57,24,'clgs6k46e004lkrboyhh2picq','clgs40jgq001pkr97vlgygb4r'),('clhewyapb0048ptz5d9lfb8sm',50,0.57,24,'clgs6kwj9004rkrboqos68g2s','clgs40jgq001pkr97vlgygb4r'),('clhewyapb004aptz54gvgwsnj',50,0.57,24,'clgs6l0oz004tkrbojd53gzxq','clgs40jgq001pkr97vlgygb4r'),('clhewyapb004bptz5sed6h7fh',80,0.56,11,'clgs6llde004vkrborzb7g2q1','clgs40jgq001lkr97t2dbn5zr'),('clhewyapk004dptz5tjwyu249',80,0.56,11,'clgs6lpxe004xkrboaegg2r9v','clgs40jgq001lkr97t2dbn5zr'),('clhewyaqc004fptz5skf0bym0',100,0.54,5,'clgs68p1m0035krboolht5zlx','clgs40ji8003ykr97xrs7ydyn'),('clhewyaqh004hptz5b09kas50',101,0.54,11,'clgs6b0fa003nkrbozsumttbo','clgs40ji7003fkr97fqq3ihnl'),('clhewyaqi004kptz5tp2k9gje',101,0.54,11,'clgs6bcv8003rkrbok7k8rtje','clgs40ji7003fkr97fqq3ihnl'),('clhewyaqi004mptz52mb3mhf2',101,0.54,11,'clgs6c3tm003tkrboae9txkbv','clgs40ji7003fkr97fqq3ihnl'),('clhewyaqi004nptz52ovjja8p',101,0.54,11,'clgs6c9ah003vkrboyhfvpizc','clgs40ji7003fkr97fqq3ihnl'),('clhewyaqi004qptz51ngofylv',50,0.57,24,'clgs6ftlp004bkrbo613xqvhu','clgs40jgq001pkr97vlgygb4r'),('clhewyaqi004rptz5hhgqbgcg',80,0.56,11,'clgs6f1ju0047krbodcol0a69','clgs40jgq001lkr97t2dbn5zr'),('clhewyaqi004vptz5c6j0qcfn',50,0.57,24,'clgs6fy9z004dkrbosp10l14x','clgs40jgq001pkr97vlgygb4r'),('clhewyaqi004wptz54kwjl6fi',101,0.54,11,'clgs6mwik0053krbo8qt1yzal','clgs40ji7003fkr97fqq3ihnl'),('clhewyaqi004xptz5lw5qxa53',80,0.56,11,'clgs6f5hr0049krbofvqvth0t','clgs40jgq001lkr97t2dbn5zr'),('clhewyaqi0051ptz5lzp046mj',80,0.56,11,'clgs6lw3l004zkrbomzy2ewua','clgs40jgq001lkr97t2dbn5zr'),('clhewyaqi0052ptz5e46v0h9u',50,0.57,24,'clgs6knkp004nkrbo8m6b1owx','clgs40jgq001pkr97vlgygb4r'),('clhewyaqi0053ptz57iw1rd9w',80,0.56,11,'clgs6jrfz004jkrboy9w7g4c4','clgs40jgq001lkr97t2dbn5zr'),('clhewyaqi0057ptz5lqoirubq',101,0.54,11,'clgs6n7if0057krboslr1265t','clgs40ji7003fkr97fqq3ihnl'),('clhewyaqi0058ptz5gk1m3wvu',101,0.54,11,'clgs6n1z50055krborjyvk1xd','clgs40ji7003fkr97fqq3ihnl'),('clhewyaqi0059ptz5394473q0',101,0.54,11,'clgs6ms6a0051krbodu7apnb8','clgs40ji7003fkr97fqq3ihnl'),('clhewyaqi005bptz54wbe8g8t',101,0.54,11,'clgs6nbcz0059krboiwf1kzos','clgs40ji7003fkr97fqq3ihnl'),('clhewyaqv005dptz5uhungqra',101,0.54,11,'clgs6nfvv005bkrboky8ytc43','clgs40ji7003fkr97fqq3ihnl'),('clhewyar7005fptz53flcla46',100,0.54,3,'clgs6pz2x005dkrbowihwex5p','clgs40ji8003nkr97qi2mlvb2'),('clhewyar9005hptz5xjpfuuo5',100,0.54,3,'clgs6q2cm005fkrbo6bqoqx3k','clgs40ji8003nkr97qi2mlvb2'),('clhewyar9005jptz5pyt6uaqp',100,0.54,3,'clgs6q7c3005hkrbouv78361y','clgs40ji8003nkr97qi2mlvb2'),('clhewyas6005lptz5xuknhjf8',100,0.54,3,'clgs6qbto005jkrbopfyj8gel','clgs40ji8003nkr97qi2mlvb2'),('clhewyasg005pptz54cyyylov',100,0.54,5,'clgs6ruyl005nkrbo8cvd9oj0','clgs40ji8003ykr97xrs7ydyn'),('clhewyasg005qptz5mpq47h8i',100,0.54,3,'clgs6qkst005lkrboravm1loj','clgs40ji8003nkr97qi2mlvb2'),('clhewyasg005sptz5q3zm6od3',100,0.54,5,'clgs6s0jh005pkrbo46znn6jj','clgs40ji8003ykr97xrs7ydyn'),('clhewyasg005vptz5nubz9pne',100,0.54,5,'clgs6s8tk005tkrboimpzgwdg','clgs40ji8003ykr97xrs7ydyn'),('clhewyasg005wptz5djhwe9tl',50,0.57,24,'clgs6zbu0006lkrbog3tw1f6y','clgs40jgq001pkr97vlgygb4r'),('clhewyasg005yptz5pfk71c7l',50,0.57,24,'clgs6z5ng006jkrbons62srcg','clgs40jgq001pkr97vlgygb4r'),('clhewyasg0060ptz59h1kcji1',50,0.57,24,'clgs6zmng006pkrbowxxlm8zn','clgs40jgq001pkr97vlgygb4r'),('clhewyasg0061ptz5vrmgrgku',50,0.57,24,'clgs6zgjt006nkrboxr60pxea','clgs40jgq001pkr97vlgygb4r'),('clhewyasg0066ptz52uv53qo0',100,0.54,5,'clgs6sdvh005vkrbo7ktm0ddc','clgs40ji8003ykr97xrs7ydyn'),('clhewyasg0067ptz5kivr2u1l',100,0.54,5,'clgs6s4hn005rkrboha4afomg','clgs40ji8003ykr97xrs7ydyn'),('clhewyasg0068ptz54es3eyvu',100,0.54,5,'clgs6shs4005xkrbors3fbn2v','clgs40ji8003ykr97xrs7ydyn'),('clhewyasg0069ptz529omqptg',100,0.54,5,'clgs6sl41005zkrbo0uk9vf9t','clgs40ji8003ykr97xrs7ydyn'),('clhewyasg006dptz5gk52n6f5',100,0.54,5,'clgs6sons0061krbo47dqirvj','clgs40ji8003ykr97xrs7ydyn'),('clhewyasg006eptz56vbrdibv',100,0.54,5,'clgs6wj360067krbovffvltgh','clgs40ji8003ykr97xrs7ydyn'),('clhewyasg006fptz5v5ftb9un',101,0.54,11,'clgs6w5ek0065krbolgk22or3','clgs40ji7003fkr97fqq3ihnl'),('clhewyasg006hptz51se8a3rh',80,0.56,11,'clgs6wutd0069krboyivjco5y','clgs40jgq001lkr97t2dbn5zr'),('clhewyasp006jptz531xqqrbp',50,0.57,24,'clgs6x4m9006bkrbost3fn1rd','clgs40jgq001pkr97vlgygb4r'),('clhewyat2006lptz5vig8l6lc',80,0.56,11,'clgs6ybjk006dkrbosj8x8lqm','clgs40jgq001lkr97t2dbn5zr'),('clhewyatb006qptz51i6el325',80,0.56,11,'clgs6yggk006fkrboc6ejzxqo','clgs40jgq001lkr97t2dbn5zr'),('clhewyatb006rptz526me7nq4',50,0.57,24,'clgs6z09i006hkrbozdbnqijw','clgs40jgq001pkr97vlgygb4r'),('clhewyatb006sptz5oxxd3k3i',100,0.54,3,'clgs7385r0077krboldn0hife','clgs40ji8003nkr97qi2mlvb2'),('clhewyatb006tptz5b1wbi064',50,0.57,24,'clgs70d6j006tkrboz2bncuq5','clgs40jgq001pkr97vlgygb4r'),('clhewyatb006wptz5nn23yxsb',100,0.54,5,'clgs74iti007fkrboxvap4hdx','clgs40ji8003ykr97xrs7ydyn'),('clhewyatb006xptz5poxxxs3a',100,0.54,3,'clgs73bh70079krbo8lk5fq2x','clgs40ji8003nkr97qi2mlvb2'),('clhewyati006zptz5vipjb5s2',100,0.54,5,'clgs74mz2007hkrbo7qrtnphx','clgs40ji8003ykr97xrs7ydyn'),('clhewyatk0071ptz5c55fllsi',100,0.54,5,'clgs7ajrj007jkrbovdqafl5w','clgs40ji8003ykr97xrs7ydyn'),('clhewyau60073ptz57zoicd9a',80,0.56,11,'clgt5opzl0003krnjn9o92k0e','clgs40jgq001lkr97t2dbn5zr'),('clhewyaug0075ptz5iwnvmj8z',80,0.56,11,'clgt5otb20005krnjk5vrbhao','clgs40jgq001lkr97t2dbn5zr'),('clhewyaug0079ptz5rtpvlpst',80,0.56,11,'clgt5ovfy0007krnjtzeydwip','clgs40jgq001lkr97t2dbn5zr'),('clhewyaug007aptz5c39cfw34',80,0.56,11,'clgt5oxiu0009krnj3i89tgnc','clgs40jgq001lkr97t2dbn5zr'),('clhewyaug007dptz5ngb90tax',80,0.56,11,'clgt5p4pj000hkrnj6azhqsxi','clgs40jgq001lkr97t2dbn5zr'),('clhewyaug007fptz54d9s54p2',101,0.54,11,'clgs716vh006vkrboyf6x4fme','clgs40ji7003fkr97fqq3ihnl'),('clhewyaug007hptz51badaczx',100,0.54,5,'clgs6st8p0063krbo5t88y707','clgs40ji8003ykr97xrs7ydyn'),('clhewyaug007iptz54ldvfnn1',101,0.54,11,'clgs71wdp006zkrbotwygdj6n','clgs40ji7003fkr97fqq3ihnl'),('clhewyaug007jptz5pyoskop4',101,0.54,11,'clgs71lbc006xkrbohpben6aa','clgs40ji7003fkr97fqq3ihnl'),('clhewyaum007lptz5tr5s32yf',101,0.54,11,'clgs72d7i0071krboznk7f09z','clgs40ji7003fkr97fqq3ihnl'),('clhewyaum007pptz5b0adg5u1',80,0.56,11,'clgt5p6fy000jkrnjpnxsxwky','clgs40jgq001lkr97t2dbn5zr'),('clhewyaum007qptz5g4lp1gb7',100,0.54,3,'clgs734gb0075krbokjq8mvm4','clgs40ji8003nkr97qi2mlvb2'),('clhewyaum007rptz5w8xzjm0d',50,0.57,24,'clgt5qla9000vkrnjbfefs8r7','clgs40jgq001pkr97vlgygb4r'),('clhewyaun007vptz508jeomky',50,0.57,24,'clgt5qqg80013krnj34t5jf7z','clgs40jgq001pkr97vlgygb4r'),('clhewyaun007wptz5f9bj876h',50,0.57,24,'clgt5qrms0015krnj2n71gt1q','clgs40jgq001pkr97vlgygb4r'),('clhewyaun007xptz59ntwdzl9',50,0.57,24,'clgt5qsqu0017krnj93a2crdp','clgs40jgq001pkr97vlgygb4r'),('clhewyaun0080ptz597rmhws5',101,0.54,4,'clgt5sdhp0019krnjkkog2jfc','clgs40jgq0027kr97bau2piw0'),('clhewyaun0081ptz5jwhffubs',100,0.54,3,'clgt5tbb2001hkrnj2qxfasij','clgs40ji8003nkr97qi2mlvb2'),('clhewyavz0083ptz5311nak8d',100,0.54,3,'clgt5tdfa001jkrnj9ds68qmo','clgs40ji8003nkr97qi2mlvb2'),('clhewyaw50085ptz5jb5zdjd5',50,0.57,24,'clgs6zu9z006rkrbota3o6rif','clgs40jgq001pkr97vlgygb4r'),('clhewyaw50089ptz51wcmmzkn',101,0.54,11,'clgs72hid0073krbozhyq4vkx','clgs40ji7003fkr97fqq3ihnl'),('clhewyaw5008aptz51alse43c',100,0.54,3,'clgs73goe007bkrbovla34zoh','clgs40ji8003nkr97qi2mlvb2'),('clhewyaw5008bptz5sppes012',100,0.54,3,'clgs73nd9007dkrbobgiqpvqj','clgs40ji8003nkr97qi2mlvb2'),('clhewyaw5008fptz5yjal6ygs',80,0.56,11,'clgt5onct0001krnj09do6o8z','clgs40jgq001lkr97t2dbn5zr'),('clhewyaw5008kptz5sjr1majd',50,0.57,24,'clgt5qfcr000lkrnj4sw95y6m','clgs40jgq001pkr97vlgygb4r'),('clhewyaw5008lptz5s932fsri',80,0.56,11,'clgt5p32y000fkrnjfvyba4e2','clgs40jgq001lkr97t2dbn5zr'),('clhewyaw5008nptz525144n41',100,0.54,3,'clgt5ti25001nkrnj5aiv7zw3','clgs40ji8003nkr97qi2mlvb2'),('clhewyaw5008optz5yl6zwzbm',50,0.57,24,'clgt5qgrx000nkrnjsg99f7wv','clgs40jgq001pkr97vlgygb4r'),('clhewyaw5008pptz527cgkxhu',80,0.56,11,'clgt5p1dy000dkrnj23zx65wr','clgs40jgq001lkr97t2dbn5zr'),('clhewyaw5008rptz528dowyod',100,0.54,3,'clgt5t7h0001dkrnjdmwv3f66','clgs40ji8003nkr97qi2mlvb2'),('clhewyaw5008sptz5l4f6zgxv',50,0.57,24,'clgt5qiz3000rkrnjffc15f9r','clgs40jgq001pkr97vlgygb4r'),('clhewyaw5008tptz51glovtto',100,0.54,5,'clgt5u7jh001pkrnjma74yyp0','clgs40ji8003ykr97xrs7ydyn'),('clhewyaw5008xptz5kgp0h0b9',50,0.57,24,'clgt5qnz6000zkrnjxyerxxpt','clgs40jgq001pkr97vlgygb4r'),('clhewyaw5008yptz5tmgjrqfc',100,0.54,3,'clgt5t5fu001bkrnjkzqpfa3s','clgs40ji8003nkr97qi2mlvb2'),('clhewyaw5008zptz5zpecvdtu',50,0.57,24,'clgt5qhte000pkrnji9moxwov','clgs40jgq001pkr97vlgygb4r'),('clhewyawe0091ptz5hmqlal8s',100,0.54,3,'clgt5t9dp001fkrnjzoxnppur','clgs40ji8003nkr97qi2mlvb2'),('clhewyawj0096ptz5lhewd655',100,0.54,3,'clgt5tfqt001lkrnj6yurgd6y','clgs40ji8003nkr97qi2mlvb2'),('clhewyawj0098ptz5yhqgu62m',100,0.54,5,'clgt5u98l001rkrnjp2qe376m','clgs40ji8003ykr97xrs7ydyn'),('clhewyawj009aptz5xrx86306',100,0.54,5,'clgt5ualw001tkrnj6tma1mfg','clgs40ji8003ykr97xrs7ydyn'),('clhewyawj009bptz57wr5n2wj',80,0.56,11,'clgt6fks80027krnjxkr6tnta','clgs40jgq001lkr97t2dbn5zr'),('clhewyawj009cptz5fafndq4b',101,0.54,4,'clgt6gh4n002bkrnjwk02tuf5','clgs40jgq0027kr97bau2piw0'),('clhewyawj009fptz53v7583fv',80,0.56,11,'clgt5ozk5000bkrnj6o3zkbie','clgs40jgq001lkr97t2dbn5zr'),('clhewyawj009hptz5ztzsghc1',100,0.54,5,'clgt5uden001xkrnj2p60o1j8','clgs40ji8003ykr97xrs7ydyn'),('clhewyawj009jptz58s1yv2xz',50,0.57,24,'clgt5qk2u000tkrnj49gec379','clgs40jgq001pkr97vlgygb4r'),('clhewyawj009lptz53kwoans9',50,0.57,24,'clgt6hdvi002lkrnjouyso7bv','clgs40jgq001pkr97vlgygb4r'),('clhewyawj009mptz5j1qlf56a',50,0.57,24,'clgt6hcqt002jkrnj59gxvzyq','clgs40jgq001pkr97vlgygb4r'),('clhewyawj009nptz59eimcsll',50,0.57,24,'clgt6hex3002nkrnjagczyll8','clgs40jgq001pkr97vlgygb4r'),('clhewyawj009pptz5soi3e07d',101,0.54,4,'clgt6gfk50029krnjsz3tahv1','clgs40jgq0027kr97bau2piw0'),('clhewyawj009sptz51l3log3h',50,0.57,24,'clgt6h9rg002dkrnjbog3910r','clgs40jgq001pkr97vlgygb4r'),('clhewyawj009vptz5k7yul2e1',50,0.57,24,'clgt6hg0i002pkrnj5fjiachi','clgs40jgq001pkr97vlgygb4r'),('clhewyawk009wptz5d551ghx1',80,0.56,11,'clgt6hx73002tkrnjdsmb04lo','clgs40jgq001lkr97t2dbn5zr'),('clhewyawk009xptz59f0hkx2i',101,0.54,4,'clgt6jso6002xkrnjjje86keg','clgs40jgq0027kr97bau2piw0'),('clhewyawz009zptz5kttvc6tp',100,0.54,5,'clgt6k5hh0031krnj39doebsp','clgs40ji8003ykr97xrs7ydyn'),('clhewyaxl00a1ptz5rktesonk',100,0.54,3,'clgt6khe70039krnjlqjcx13b','clgs40ji8003nkr97qi2mlvb2'),('clhewyaxu00a3ptz5mzvjmc8l',100,0.54,3,'clgt6ki8l003bkrnjduhx5lid','clgs40ji8003nkr97qi2mlvb2'),('clhewyay700a5ptz5vjo4lym2',50,0.57,24,'clgt5qmo6000xkrnjat8mpo28','clgs40jgq001pkr97vlgygb4r'),('clhewyayb00a9ptz5i7px7xdi',50,0.57,24,'clgt5qp7d0011krnj941jtpem','clgs40jgq001pkr97vlgygb4r'),('clhewyayb00acptz51z52sh0h',100,0.54,5,'clgt5ubxw001vkrnjxknf17qz','clgs40ji8003ykr97xrs7ydyn'),('clhewyayb00adptz51uf4oqsk',100,0.54,5,'clgt5ug5c0021krnjlyq7gss3','clgs40ji8003ykr97xrs7ydyn'),('clhewyayb00aeptz53r6t3fm9',101,0.54,4,'clgt6jtf6002zkrnjh4wq4nfx','clgs40jgq0027kr97bau2piw0'),('clhewyayb00agptz56d37f9l2',100,0.54,5,'clgt5uetd001zkrnj7x4qfo1p','clgs40ji8003ykr97xrs7ydyn'),('clhewyayb00ajptz58iygwf61',100,0.54,5,'clgt6k6oq0033krnjr5uhtdek','clgs40ji8003ykr97xrs7ydyn'),('clhewyayb00alptz5ytuujant',100,0.54,5,'clgt6k9fe0037krnjrknqfylk','clgs40ji8003ykr97xrs7ydyn'),('clhewyayb00anptz578q24pb9',100,0.54,5,'clgt6k7yd0035krnjc1sjzqfp','clgs40ji8003ykr97xrs7ydyn'),('clhewyayb00aoptz51x2iv7gu',100,0.54,3,'clgt6kj2d003dkrnjpw9as3bl','clgs40ji8003nkr97qi2mlvb2'),('clhewyayb00aqptz579pwvv1l',100,0.54,3,'clgt6kkul003hkrnjj0jfwavm','clgs40ji8003nkr97qi2mlvb2'),('clhewyayb00arptz5it42mqr0',100,0.54,3,'clgt6kjyc003fkrnjjfebnfnw','clgs40ji8003nkr97qi2mlvb2'),('clhewyayb00avptz5pz16lrkc',10,0.54,4,'clgt6kx6t003rkrnjcg7fgiya','clgs40ji80040kr97ucc4hs70'),('clhewyayb00awptz5bayqh9nl',100,0.54,3,'clgt6kmid003lkrnjrpnxcza9','clgs40ji8003nkr97qi2mlvb2'),('clhewyayb00axptz5v1p6c29y',10,0.54,4,'clgt6ky8q003tkrnjbip0xy2c','clgs40ji80040kr97ucc4hs70'),('clhewyayc00b0ptz5r75bhhro',10,0.54,4,'clgt6kz9s003vkrnjsntz5ztv','clgs40ji80040kr97ucc4hs70'),('clhewyayc00b1ptz5qyhzm5kw',10,0.54,4,'clgt6l2yy0043krnjy2nx8ey6','clgs40ji80040kr97ucc4hs70'),('clhewyayt00b3ptz50ij01rve',10,0.54,4,'clgt6l4090045krnjqn495elo','clgs40ji80040kr97ucc4hs70'),('clhewyayx00b7ptz5xtd705o7',101,0.54,4,'clgt6dbgh0025krnj1ekhpke0','clgs40jgq0027kr97bau2piw0'),('clhewyayx00b9ptz521ltxvt6',80,0.56,11,'clgt98e0i0005krrhe8um1l5d','clgs40jgq001lkr97t2dbn5zr'),('clhewyayx00baptz5ttzpqgjy',10,0.54,4,'clgt65n430023krnjewyvly3u','clgs40ji80040kr97ucc4hs70'),('clhewyayx00bdptz5n33rd9aj',10,0.54,4,'clgt6l095003xkrnjbdxp5s97','clgs40ji80040kr97ucc4hs70'),('clhewyayx00bfptz59a1389x0',50,0.57,24,'clgt6hbro002hkrnj6ch5y2dt','clgs40jgq001pkr97vlgygb4r'),('clhewyayx00bgptz5p2znv1pb',50,0.57,24,'clgt6hhal002rkrnjwr040l3s','clgs40jgq001pkr97vlgygb4r'),('clhewyayx00biptz5ie1ffll8',101,0.54,4,'clgt6jrtp002vkrnjn7072gy7','clgs40jgq0027kr97bau2piw0'),('clhewyayx00bjptz5vpy7pkp4',100,0.54,3,'clgt6klne003jkrnjsncp8495','clgs40ji8003nkr97qi2mlvb2'),('clhewyayx00boptz5e9ggivao',100,0.54,3,'clgt6kne1003nkrnjwra9juqa','clgs40ji8003nkr97qi2mlvb2'),('clhewyayx00bpptz52ndluzs2',80,0.56,11,'clgt98d1t0003krrhpjrh6l0m','clgs40jgq001lkr97t2dbn5zr'),('clhewyayx00bqptz5025ksudy',80,0.56,11,'clgt98bz90001krrhxww29wfs','clgs40jgq001lkr97t2dbn5zr'),('clhewyayx00bsptz5lh1o0pcm',10,0.54,4,'clgt6l188003zkrnjixcf9jku','clgs40ji80040kr97ucc4hs70'),('clhewyayx00buptz5xlj6w2mv',80,0.56,11,'clgt98f0d0007krrhf88o7lw8','clgs40jgq001lkr97t2dbn5zr'),('clhewyayx00bwptz53hx5n92j',50,0.57,24,'clgt98pqh000dkrrhqdociwos','clgs40jgq001pkr97vlgygb4r'),('clhewyayx00bxptz5xa69dlpe',80,0.56,11,'clgt98g4r0009krrhp2m7p1xl','clgs40jgq001lkr97t2dbn5zr'),('clhewyayx00bzptz5swgvlysa',10,0.54,4,'clgt6kw8n003pkrnj1x4h0gxv','clgs40ji80040kr97ucc4hs70'),('clhewyaza00c1ptz5wztb06a6',50,0.57,24,'clgt98spk000jkrrhot0bql3n','clgs40jgq001pkr97vlgygb4r'),('clhewyaze00c4ptz5mzmzhq55',50,0.57,24,'clgt98uey000nkrrhvv25fayd','clgs40jgq001pkr97vlgygb4r'),('clhewyazf00c7ptz5xkzxadgf',50,0.57,24,'clgt6haqr002fkrnj28frf23v','clgs40jgq001pkr97vlgygb4r'),('clhewyazf00c8ptz5379aungo',50,0.57,24,'clgt98rs4000hkrrh0epxadfi','clgs40jgq001pkr97vlgygb4r'),('clhewyazf00c9ptz526fs9r5h',100,0.54,5,'clgt99ndu0013krrhnqf9cdv8','clgs40ji8003ykr97xrs7ydyn'),('clhewyazf00ccptz5a9e7flxd',50,0.57,24,'clgt98qm3000fkrrhvdwf2lyd','clgs40jgq001pkr97vlgygb4r'),('clhewyazf00cdptz5i4pndtrb',50,0.57,24,'clgt98tl2000lkrrhnj2lx9k6','clgs40jgq001pkr97vlgygb4r'),('clhewyazf00chptz52xu5xyk4',101,0.54,4,'clgt995by000rkrrhnplp3773','clgs40jgq0027kr97bau2piw0'),('clhewyazf00ciptz58m9nb6vt',100,0.54,5,'clgt99jje000tkrrhk48n4qp5','clgs40ji8003ykr97xrs7ydyn'),('clhewyazf00cjptz5faa0yequ',100,0.54,5,'clgt99kb2000vkrrh7rk5giua','clgs40ji8003ykr97xrs7ydyn'),('clhewyazf00cpptz5e5icmcud',100,0.54,5,'clgt99lus000zkrrhz2o7u6mo','clgs40ji8003ykr97xrs7ydyn'),('clhewyazf00crptz531ekco07',100,0.54,5,'clgt99o850015krrhdq06ri7y','clgs40ji8003ykr97xrs7ydyn'),('clhewyazf00csptz57f8d7mtr',100,0.54,5,'clgt99pr10019krrhn202u89k','clgs40ji8003ykr97xrs7ydyn'),('clhewyazf00ctptz5tp37uap3',100,0.54,5,'clgt99raj001dkrrh2uhdavrn','clgs40ji8003ykr97xrs7ydyn'),('clhewyazf00cuptz5y9nv2omj',100,0.54,5,'clgt99s3s001fkrrhtw64oemk','clgs40ji8003ykr97xrs7ydyn'),('clhewyazf00cvptz5pvqh3gg1',100,0.54,5,'clgt99l24000xkrrhk3gtc2b2','clgs40ji8003ykr97xrs7ydyn'),('clhewyazf00cxptz5u62i6psn',100,0.54,3,'clgt9a7hl001lkrrh3nq06ob4','clgs40ji8003nkr97qi2mlvb2'),('clhewyazn00czptz5lg5ezbcl',100,0.54,3,'clgt9a8cb001nkrrhebxbr9bz','clgs40ji8003nkr97qi2mlvb2'),('clhewyazr00d6ptz52qvipwdk',100,0.54,3,'clgt9aaqh001tkrrhjbj8s957','clgs40ji8003nkr97qi2mlvb2'),('clhewyazr00d7ptz57vsojw3s',10,0.54,4,'clgt9ali80023krrhstu65wnj','clgs40ji80040kr97ucc4hs70'),('clhewyazr00d8ptz5znduqkfg',80,0.56,11,'clgt98ha9000bkrrhbshs9ujk','clgs40jgq001lkr97t2dbn5zr'),('clhewyazr00d9ptz5wg734ux7',100,0.54,5,'clgt99sx2001hkrrh3kj38m5h','clgs40ji8003ykr97xrs7ydyn'),('clhewyazr00daptz5gam1efbt',101,0.54,4,'clgt994hb000pkrrhab45j1c4','clgs40jgq0027kr97bau2piw0'),('clhewyazr00dbptz58pjvjm9m',100,0.54,5,'clgt99oxw0017krrhz5gn887y','clgs40ji8003ykr97xrs7ydyn'),('clhewyazs00dfptz5py74hhk1',10,0.54,4,'clgt9am9w0025krrhtmg8e5g1','clgs40ji80040kr97ucc4hs70'),('clhewyazs00dhptz5sue0w7tb',100,0.54,3,'clgt9a97b001pkrrhwoxizycz','clgs40ji8003nkr97qi2mlvb2'),('clhewyazs00dkptz580s3mtay',10,0.54,4,'clgt9aknc0021krrh8v05zslq','clgs40ji80040kr97ucc4hs70'),('clhewyazs00dlptz52t8lb8nd',100,0.54,3,'clgt9ac68001xkrrhnbi6pbzo','clgs40ji8003nkr97qi2mlvb2'),('clhewyazs00dmptz5v771j5nq',100,0.54,3,'clgt9acsu001zkrrhxwmc3ha4','clgs40ji8003nkr97qi2mlvb2'),('clhewyazs00dnptz5qvrhqckd',10,0.54,4,'clgt9an8x0027krrhnqru0g2n','clgs40ji80040kr97ucc4hs70'),('clhewyazs00drptz52cgwym6s',10,0.54,4,'clgt9ao7t0029krrh8v7ih09v','clgs40ji80040kr97ucc4hs70'),('clhewyazs00dsptz5wcg6uh60',10,0.54,4,'clgt9ap27002bkrrhdttbptn1','clgs40ji80040kr97ucc4hs70'),('clhewyazs00duptz5xf2ez1be',10,0.54,4,'clgt9aqt3002fkrrh8seg9ydr','clgs40ji80040kr97ucc4hs70'),('clhewyazs00dvptz5me655j7d',10,0.54,4,'clgt9arla002hkrrh1a5kv1c5','clgs40ji80040kr97ucc4hs70'),('clhewyb0400dxptz5p9tyc246',10,0.54,4,'clgt6l20a0041krnjch3yy3ls','clgs40ji80040kr97ucc4hs70'),('clhewyb0900e1ptz5t8jkekot',100,0.54,5,'clgt99mma0011krrh5vrchu2r','clgs40ji8003ykr97xrs7ydyn'),('clhewyb0900e2ptz5yf1lcy9w',100,0.54,3,'clgt9abht001vkrrhlcsck96t','clgs40ji8003nkr97qi2mlvb2'),('clhewyb0900e5ptz5gbua9kt5',100,0.54,5,'clgt99qhp001bkrrh9ig06hdp','clgs40ji8003ykr97xrs7ydyn'),('clhewyb0900e7ptz5eh875g92',10,0.54,4,'clgt9auhy002nkrrhe371jpii','clgs40ji80040kr97ucc4hs70'),('clhewyb0900e8ptz5fcarpb5i',10,0.54,4,'clgt9asmo002jkrrhd8z4evu5','clgs40ji80040kr97ucc4hs70'),('clhewyb0900ebptz50dddyl1z',10,0.54,4,'clgt9avdg002pkrrhn9ysic9v','clgs40ji80040kr97ucc4hs70'),('clhewyb0900edptz5i52iaf6s',80,0.56,11,'clgt9fogr002tkrrh07b9brxp','clgs40jgq001lkr97t2dbn5zr'),('clhewyb0900efptz5sgscpjot',80,0.56,11,'clgt9fs750031krrhk8fc99dr','clgs40jgq001lkr97t2dbn5zr'),('clhewyb0900eiptz56vl1gfp1',50,0.57,24,'clgt9g3k00039krrhddoei4m2','clgs40jgq001pkr97vlgygb4r'),('clhewyb0900ejptz5j64i706w',50,0.57,24,'clgt9g2hu0037krrhdyx6ru4d','clgs40jgq001pkr97vlgygb4r'),('clhewyb0900ekptz52a0deg4u',100,0.54,3,'clgt9a6o3001jkrrhr7t32ou3','clgs40ji8003nkr97qi2mlvb2'),('clhewyb0900emptz577jg1b9z',50,0.57,24,'clgt9g1fh0035krrhb3bb43ys','clgs40jgq001pkr97vlgygb4r'),('clhewyb0900epptz57w3srpmj',50,0.57,24,'clgt9g4n5003bkrrh8avewfpt','clgs40jgq001pkr97vlgygb4r'),('clhewyb0900erptz5apvfj8vj',101,0.54,5,'clgt9hbhd003rkrrhqu8bqu65','clgs40jgq0027kr97bau2piw0'),('clhewyb0900esptz5ek81xt6d',101,0.54,4,'clgt9gh1d003lkrrhpefqfd6t','clgs40jgq0027kr97bau2piw0'),('clhewyb0a00etptz5x13ra2s9',50,0.57,24,'clgt9g6q4003fkrrh3l12xqnf','clgs40jgq001pkr97vlgygb4r'),('clhewyb0h00evptz5uldkr1ww',100,0.54,5,'clgt9hwue003vkrrhdfdd66yd','clgs40ji8003ykr97xrs7ydyn'),('clhewyb0q00ezptz5e00ieij7',100,0.54,3,'clgt9aa0b001rkrrhb9jhtnpi','clgs40ji8003nkr97qi2mlvb2'),('clhewyb0q00f3ptz5duvypenl',10,0.54,4,'clgt9apxc002dkrrhzs2prvlx','clgs40ji80040kr97ucc4hs70'),('clhewyb0q00f4ptz56e5uzq3f',10,0.54,4,'clgt9atm3002lkrrhrkwqtn5h','clgs40ji80040kr97ucc4hs70'),('clhewyb0q00f5ptz5eqcbwqn0',10,0.54,4,'clgt9aw8z002rkrrhaydjo35t','clgs40ji80040kr97ucc4hs70'),('clhewyb0q00f6ptz51ps07unb',80,0.56,11,'clgt9fqcb002xkrrhs97370zu','clgs40jgq001lkr97t2dbn5zr'),('clhewyb0q00fbptz5iiwpmscn',80,0.56,11,'clgt9fpis002vkrrh1w6pw3lp','clgs40jgq001lkr97t2dbn5zr'),('clhewyb0q00fcptz5f9qmpwtt',80,0.56,11,'clgt9fraz002zkrrh9j4wpcfw','clgs40jgq001lkr97t2dbn5zr'),('clhewyb0q00ffptz5ysbeatxb',100,0.54,5,'clgt9i1ag0043krrhkw1nwyvi','clgs40ji8003ykr97xrs7ydyn'),('clhewyb0q00fgptz5qk24lde4',50,0.57,24,'clgt9g7s8003hkrrhcglic6ro','clgs40jgq001pkr97vlgygb4r'),('clhewyb0q00fhptz5m0xet044',100,0.54,5,'clgt9hxxc003xkrrh7x5o3ru1','clgs40ji8003ykr97xrs7ydyn'),('clhewyb0q00flptz5u95bibht',101,0.54,4,'clgt9ghwb003nkrrhe7mxz9ct','clgs40jgq0027kr97bau2piw0'),('clhewyb0q00fmptz5z1qj4he7',100,0.54,5,'clgt9hz2g003zkrrh6wwl54rq','clgs40ji8003ykr97xrs7ydyn'),('clhewyb0q00fnptz5ayr0fukd',100,0.54,5,'clgt9i05z0041krrhp7zi35j5','clgs40ji8003ykr97xrs7ydyn'),('clhewyb0q00foptz54ef1369k',100,0.54,5,'clgt9i3e60047krrhu7hs9175','clgs40ji8003ykr97xrs7ydyn'),('clhewyb0q00fpptz58p4l56fc',50,0.57,24,'clgt9g0bx0033krrh6x9018hs','clgs40jgq001pkr97vlgygb4r'),('clhewyb0q00frptz5728xxs2a',100,0.54,3,'clgt9ilo8004zkrrhbm5eruz0','clgs40ji8003nkr97qi2mlvb2'),('clhewyb0v00ftptz55u6ilj17',101,0.54,4,'clgt9giuk003pkrrhbviiapfz','clgs40jgq0027kr97bau2piw0'),('clhewyb1c00fvptz5oyxru7az',100,0.54,5,'clgt9hvnj003tkrrhoxv92hje','clgs40ji8003ykr97xrs7ydyn'),('clhewyb1l00fzptz5w4tqmp9w',100,0.54,5,'clgt9i5fc004bkrrhqt9tcar2','clgs40ji8003ykr97xrs7ydyn'),('clhewyb1l00g1ptz50il35xex',100,0.54,5,'clgt9i2b50045krrhcjfq3dzd','clgs40ji8003ykr97xrs7ydyn'),('clhewyb1l00g2ptz5hkdhsipc',100,0.54,5,'clgt9i6fb004dkrrhwoiedg3j','clgs40ji8003ykr97xrs7ydyn'),('clhewyb1l00g4ptz5ni3rz76j',100,0.54,5,'clgt9i7do004fkrrhu1enwcw0','clgs40ji8003ykr97xrs7ydyn'),('clhewyb1l00g5ptz5gzoe0x1j',100,0.54,5,'clgt9i8cd004hkrrhdf0uz2vb','clgs40ji8003ykr97xrs7ydyn'),('clhewyb1l00g8ptz5nctfv8un',100,0.54,3,'clgt9igne004nkrrhvwehagig','clgs40ji8003nkr97qi2mlvb2'),('clhewyb1l00g9ptz5wlqcxt4p',100,0.54,5,'clgt9iadg004lkrrh0rg9eor8','clgs40ji8003ykr97xrs7ydyn'),('clhewyb1l00gcptz5svh4mrsa',100,0.54,3,'clgt9ihkr004pkrrhnnvlf3zt','clgs40ji8003nkr97qi2mlvb2'),('clhewyb1l00gdptz5ihamb8l8',100,0.54,3,'clgt9iibi004rkrrhfa1qpmvg','clgs40ji8003nkr97qi2mlvb2'),('clhewyb1t00gfptz590hjtv5v',100,0.54,3,'clgt9ijyz004vkrrhpvt095am','clgs40ji8003nkr97qi2mlvb2'),('clhewyb1x00ghptz51bk0h8i7',100,0.54,3,'clgt9iksx004xkrrhvtrgw1tj','clgs40ji8003nkr97qi2mlvb2'),('clhewyb1y00gjptz5gh9b7vbf',10,0.54,4,'clgt9iux30055krrh2sy2ia3w','clgs40ji80040kr97ucc4hs70'),('clhewyb1y00glptz5oiio2tfr',50,0.57,24,'clgt9g5kh003dkrrhztgex9ha','clgs40jgq001pkr97vlgygb4r'),('clhewyb1y00gnptz5gekopn8d',50,0.57,24,'clgt9g8vt003jkrrh62yyqwig','clgs40jgq001pkr97vlgygb4r'),('clhewyb2700grptz5071oj5s0',100,0.54,3,'clgt9ij5i004tkrrhgt17sblh','clgs40ji8003nkr97qi2mlvb2'),('clhewyb2700gsptz54xt4g26s',10,0.54,4,'clgt9itay0051krrhqkfqrqd6','clgs40ji80040kr97ucc4hs70'),('clhewyb2700gtptz550szf05l',10,0.54,4,'clgt9iu4k0053krrhv7szb76i','clgs40ji80040kr97ucc4hs70'),('clhewyb2700gyptz5yltoi0u2',10,0.54,4,'clgt9iwk90059krrh5943j82g','clgs40ji80040kr97ucc4hs70'),('clhewyb2700gzptz50mjml5ka',10,0.54,4,'clgt9ixec005bkrrhh3i6qbgv','clgs40ji80040kr97ucc4hs70'),('clhewyb2700h0ptz5mxwv9ejw',10,0.54,4,'clgt9iy6b005dkrrh1muivdmy','clgs40ji80040kr97ucc4hs70'),('clhewyb2700h4ptz59wva7eo8',10,0.54,4,'clgt9iyyb005fkrrh5pf0cctk','clgs40ji80040kr97ucc4hs70'),('clhewyb2700h5ptz5ypnbqxxb',10,0.54,4,'clgt9ivqq0057krrhs9buo6zd','clgs40ji80040kr97ucc4hs70'),('clhewyb2700h6ptz5krf9jk54',10,0.54,4,'clgt9j0h3005jkrrh1yatm0kp','clgs40ji80040kr97ucc4hs70'),('clhewyb2700h7ptz5kqpp71zs',10,0.54,4,'clgt9j18z005lkrrh89bbmk7c','clgs40ji80040kr97ucc4hs70'),('clhewyb2700haptz5itcfxz5y',10,0.54,4,'clgt9j1ya005nkrrhgfzlp4wk','clgs40ji80040kr97ucc4hs70'),('clhewyb2700hbptz5aa80jvv0',10,0.54,4,'clgt9j3j0005rkrrhzskgewa5','clgs40ji80040kr97ucc4hs70'),('clhewyb2c00hdptz57kjyoynh',101,0.54,4,'clgt9mnwy005xkrrh4zdkl1uj','clgs40jgq0027kr97bau2piw0'),('clhewyb2c00hgptz53bjm6zbj',100,0.54,3,'clgt9o5co0065krrhx6uk4ql5','clgs40ji8003nkr97qi2mlvb2'),('clhewyb2c00hhptz5u25gmdrs',80,0.56,11,'clgt9n5ja0063krrh935yhkug','clgs40jgq001lkr97t2dbn5zr'),('clhewyb2c00hkptz5dbei3ray',100,0.54,5,'clgt9i4dw0049krrh57wd955h','clgs40ji8003ykr97xrs7ydyn'),('clhewyb2c00hlptz5n1sp3pfa',100,0.54,5,'clgt9i9by004jkrrhwz6ilw8j','clgs40ji8003ykr97xrs7ydyn'),('clhewyb2l00hnptz5w473nspb',50,0.57,24,'clgt9mx330061krrh3wrej2kl','clgs40jgq001pkr97vlgygb4r'),('clhewyb2p00hrptz5doqqj6b9',10,0.54,4,'clgzd9nrj000dkr12va5v2kjx','clgs40ji80040kr97ucc4hs70'),('clhewyb2p00htptz5q95cr5no',100,0.54,5,'clh0x1rr9000hkr12t34sd99u','clgs40ji8003ykr97xrs7ydyn'),('clhewyb2p00huptz5a2mg4d3w',100,0.54,5,'clh1q8qgn000jkr12secokgcb','clgs40ji8003ykr97xrs7ydyn'),('clhewyb2p00hyptz5mc1o2um3',100,0.54,3,'clh2o1x46000lkr12phdiq8tn','clgs40ji8003nkr97qi2mlvb2'),('clhewyb2p00i0ptz5cw42jjw9',100,0.54,5,'clh35zd15000nkr12bqkoqsme','clgs40ji8003ykr97xrs7ydyn'),('clhewyb2p00i1ptz5d878vsu9',10,0.54,4,'clh5va5250005kr7cbj71bujm','clgs40ji80040kr97ucc4hs70'),('clhewyb2p00i2ptz5317h9m57',10,0.54,4,'clgt9j2qd005pkrrhs66a8tpp','clgs40ji80040kr97ucc4hs70'),('clhewyb2p00i3ptz5ph57n539',10,0.54,4,'clgt9izpt005hkrrh1tha14i6','clgs40ji80040kr97ucc4hs70'),('clhewyb2p00i5ptz5v30emv41',100,0.54,5,'clgt9lz0e005tkrrh3hys4h12','clgs40ji8003ykr97xrs7ydyn'),('clhewyb2q00iaptz5n6u3fyxt',10,0.54,4,'clgv1pt7o0005kr12j7xjkv5t','clgs40ji80040kr97ucc4hs70'),('clhewyb2q00ibptz5fo23pi10',100,0.54,5,'clguhwcm60001kr12tlsgb3fw','clgs40ji8003ykr97xrs7ydyn'),('clhewyb2q00icptz5q7p31lr0',80,0.56,11,'clgv1pnat0003kr125yfrugzl','clgs40jgq001lkr97t2dbn5zr'),('clhewyb2q00ieptz5vmcx12lc',101,0.54,4,'clgt9r6y90069krrh4elbmsck','clgs40jgq0027kr97bau2piw0'),('clhewyb2q00igptz57yfi6ctj',50,0.57,24,'clgys0kmr000bkr1268e3i8l5','clgs40jgq001pkr97vlgygb4r'),('clhewyb2q00iiptz558oyf173',100,0.54,5,'clgvv1em10007kr126eebmvgg','clgs40ji8003ykr97xrs7ydyn'),('clhewyb2q00ijptz572o7ag8w',10,0.54,4,'clgt9o9mk0067krrhxpkx0kfo','clgs40ji80040kr97ucc4hs70'),('clhewyb3700ilptz5tq361wva',10,0.54,4,'clh8s74ia000bkr7cj0tnhnu0','clgs40ji80040kr97ucc4hs70'),('clhewyb3b00iqptz5r8x4cu4n',50,0.57,24,'clh0x0a8k000fkr12x4z2l51g','clgs40jgq001pkr97vlgygb4r'),('clhewyb3b00isptz5iua55ebj',100,0.54,5,'clh5v9qun0003kr7c1gtnmq7p','clgs40ji8003ykr97xrs7ydyn'),('clhewyb3b00itptz5zh7rkrj8',80,0.56,11,'clgxwulir0009kr12807g103r','clgs40jgq001lkr97t2dbn5zr'),('clhewyb3b00iuptz5ip3pe8jc',100,0.54,5,'clh6hwjqj0007kr7cf7513lr3','clgs40ji8003ykr97xrs7ydyn'),('clhewyb3b00ivptz5x9szgyla',100,0.54,5,'clh3xdrmv0001kr7ca64fowwt','clgs40ji8003ykr97xrs7ydyn'),('clhewyb3b00j0ptz50yk4fza1',100,0.54,3,'clhb3eimx000fkr7cyao6br2h','clgs40ji8003nkr97qi2mlvb2'),('clhewyb3b00j2ptz5sav2idaw',100,0.54,3,'clhbqutr4000hkr7czgqnhl4v','clgs40ji8003nkr97qi2mlvb2'),('clhewyb3b00j3ptz5nsi53who',100,0.54,5,'clhb3eewm000dkr7c9ybl74jo','clgs40ji8003ykr97xrs7ydyn'),('clhewyb3b00j4ptz57i8hk25f',80,0.56,11,'clh6hwosk0009kr7cx6w4fu6h','clgs40jgq001lkr97t2dbn5zr'),('clhewyb3b00j6ptz5orsr8emc',10,0.54,4,'clhbquwjz000jkr7c4t376xvy','clgs40ji80040kr97ucc4hs70'),('clhewyb3b00j7ptz5ruindkj0',101,0.54,4,'clhbqyprf000lkr7c193e1ara','clgs40jgq0027kr97bau2piw0'),('clhewyb3b00jbptz5xwbqvp2b',100,0.54,3,'clhcidsgu000pkr7ch426iaz0','clgs40ji8003nkr97qi2mlvb2'),('clhewyb3b00jcptz5gp1icz7y',10,0.54,4,'clhd622kz000rkr7cy4pjlkvy','clgs40ji80040kr97ucc4hs70'),('clhewyb3b00jeptz5a5ex3cpm',80,0.56,11,'clhcidlpd000nkr7cpic43vzp','clgs40jgq001lkr97t2dbn5zr'),('clhewyb3c00jgptz55r14ja0r',100,0.54,5,'clhelhvf1000tkr7cgx7yvzgg','clgs40ji8003ykr97xrs7ydyn'),('clhewyb3c00jhptz570cw5bt1',10,0.54,4,'clheli1e1000vkr7c0gwrynxa','clgs40ji80040kr97ucc4hs70');
/*!40000 ALTER TABLE `SessionRow` ENABLE KEYS */;
UNLOCK TABLES;

--
-- Table structure for table `Transaction`
--

DROP TABLE IF EXISTS `Transaction`;
/*!40101 SET @saved_cs_client     = @@character_set_client */;
/*!50503 SET character_set_client = utf8mb4 */;
CREATE TABLE `Transaction` (
  `id` varchar(191) CHARACTER SET utf8mb4 COLLATE utf8mb4_unicode_ci NOT NULL,
  `type` enum('BUY','SELL','MINING') CHARACTER SET utf8mb4 COLLATE utf8mb4_unicode_ci NOT NULL,
  `sellStatus` enum('ENDED','PROGRESS','RETURNED') CHARACTER SET utf8mb4 COLLATE utf8mb4_unicode_ci DEFAULT NULL,
  `quantity` int NOT NULL,
  `fee` double DEFAULT NULL,
  `value` int NOT NULL,
  `createdAt` datetime(3) NOT NULL DEFAULT CURRENT_TIMESTAMP(3),
  `modifiedAt` datetime(3) DEFAULT NULL,
  `userId` varchar(191) CHARACTER SET utf8mb4 COLLATE utf8mb4_unicode_ci NOT NULL,
  `resourceId` varchar(191) CHARACTER SET utf8mb4 COLLATE utf8mb4_unicode_ci NOT NULL,
  PRIMARY KEY (`id`),
  KEY `Transaction_userId_fkey` (`userId`),
  KEY `Transaction_resourceId_fkey` (`resourceId`),
  CONSTRAINT `Transaction_resourceId_fkey` FOREIGN KEY (`resourceId`) REFERENCES `Resource` (`id`) ON DELETE RESTRICT ON UPDATE CASCADE,
  CONSTRAINT `Transaction_userId_fkey` FOREIGN KEY (`userId`) REFERENCES `User` (`id`) ON DELETE RESTRICT ON UPDATE CASCADE
) ENGINE=InnoDB DEFAULT CHARSET=utf8mb4 COLLATE=utf8mb4_unicode_ci;
/*!40101 SET character_set_client = @saved_cs_client */;

--
-- Dumping data for table `Transaction`
--

LOCK TABLES `Transaction` WRITE;
/*!40000 ALTER TABLE `Transaction` DISABLE KEYS */;
INSERT INTO `Transaction` VALUES ('clgs58dm50001krbo49yn5ob7','BUY',NULL,5001,0,102,'2023-04-22 15:36:45.293',NULL,'clgs40jg40005kr9726jsxqrh','clgs40ji8003nkr97qi2mlvb2'),('clgs58vt20003krbou3a7l8tr','BUY',NULL,4806,0,98,'2023-04-22 15:37:08.870',NULL,'clgs40jg40005kr9726jsxqrh','clgs40ji8003nkr97qi2mlvb2'),('clgs59zvn0005krbo2pq8nbpm','BUY',NULL,2513,0,103,'2023-04-22 15:38:00.803',NULL,'clgs40jg40005kr9726jsxqrh','clgs40ji8003ykr97xrs7ydyn'),('clgs5ajo30007krbojyg0ct0b','BUY',NULL,5445,0,222,'2023-04-22 15:38:26.451',NULL,'clgs40jg40005kr9726jsxqrh','clgs40ji8003ykr97xrs7ydyn'),('clgs5axy60009krboomqheej8','BUY',NULL,3144,0,128,'2023-04-22 15:38:44.958',NULL,'clgs40jg40005kr9726jsxqrh','clgs40ji8003ykr97xrs7ydyn'),('clgs5boac000bkrboeofr23zr','BUY',NULL,443,0,201,'2023-04-22 15:39:19.093',NULL,'clgs40jg40005kr9726jsxqrh','clgs40jgq001pkr97vlgygb4r'),('clgs5cf59000dkrbopz34pz5u','BUY',NULL,1415,0,642,'2023-04-22 15:39:53.901',NULL,'clgs40jg40005kr9726jsxqrh','clgs40jgq001pkr97vlgygb4r'),('clgs5cqmf000fkrbosxlsqds3','BUY',NULL,1001,0,454,'2023-04-22 15:40:08.776',NULL,'clgs40jg40005kr9726jsxqrh','clgs40jgq001pkr97vlgygb4r'),('clgs5d6dx000hkrbo80569spg','BUY',NULL,1501,0,182,'2023-04-22 15:40:29.205',NULL,'clgs40jg40005kr9726jsxqrh','clgs40jgq001lkr97t2dbn5zr'),('clgs5dt5j000jkrboply6mrij','BUY',NULL,1906,0,231,'2023-04-22 15:40:58.711',NULL,'clgs40jg40005kr9726jsxqrh','clgs40jgq001lkr97t2dbn5zr'),('clgs5em3o000lkrboccsa7b7t','BUY',NULL,2575,0,267,'2023-04-22 15:41:36.228',NULL,'clgs40jg40005kr9726jsxqrh','clgs40ji7003fkr97fqq3ihnl'),('clgs5fh8c000nkrbo9q5r0r8p','BUY',NULL,3001,0,93,'2023-04-22 15:42:16.572',NULL,'clgs40jg40005kr9726jsxqrh','clgs40jgq0027kr97bau2piw0'),('clgs5gda5000pkrbos624rfzx','BUY',NULL,500,0,155,'2023-04-22 15:42:58.109',NULL,'clgs40jg40005kr9726jsxqrh','clgs40ji80040kr97ucc4hs70'),('clgs5h8fi000rkrbo2gnodlwd','BUY',NULL,1000,0,308,'2023-04-22 15:43:38.478',NULL,'clgs40jg40005kr9726jsxqrh','clgs40ji80040kr97ucc4hs70'),('clgs5iqzl000tkrboh6qxeipa','SELL','ENDED',100,0.54,3,'2023-04-22 15:44:49.186','2023-04-22 15:47:18.061','clgs40jg40005kr9726jsxqrh','clgs40ji8003nkr97qi2mlvb2'),('clgs5ixq2000vkrbo1o1trvf4','SELL','ENDED',100,0.54,3,'2023-04-22 15:44:57.914','2023-04-22 15:47:20.798','clgs40jg40005kr9726jsxqrh','clgs40ji8003nkr97qi2mlvb2'),('clgs5j63b000xkrbo9rq34jyh','SELL','ENDED',100,0.54,3,'2023-04-22 15:45:08.759','2023-04-22 15:47:28.941','clgs40jg40005kr9726jsxqrh','clgs40ji8003nkr97qi2mlvb2'),('clgs5k5zz000zkrbotw2wmm48','SELL','ENDED',100,0.54,3,'2023-04-22 15:45:55.295','2023-04-22 15:47:33.666','clgs40jg40005kr9726jsxqrh','clgs40ji8003nkr97qi2mlvb2'),('clgs5kz9p0011krborbl039qn','SELL','ENDED',100,0.54,5,'2023-04-22 15:46:33.230','2023-04-22 15:47:38.319','clgs40jg40005kr9726jsxqrh','clgs40ji8003ykr97xrs7ydyn'),('clgs5lcvh0013krboryys9ovs','SELL','RETURNED',100,0.54,5,'2023-04-22 15:46:50.861','2023-04-22 15:47:44.345','clgs40jg40005kr9726jsxqrh','clgs40ji8003ykr97xrs7ydyn'),('clgs5lpcz0015krboyr0dy4em','SELL','ENDED',100,0.54,3,'2023-04-22 15:47:07.043','2023-04-22 15:47:46.308','clgs40jg40005kr9726jsxqrh','clgs40ji8003nkr97qi2mlvb2'),('clgs5nt3w0017krboa70257gh','SELL','ENDED',50,0.57,24,'2023-04-22 15:48:45.212','2023-04-22 15:50:36.012','clgs40jg40005kr9726jsxqrh','clgs40jgq001pkr97vlgygb4r'),('clgs5oflw0019krboqceb9nny','SELL','RETURNED',80,0.56,11,'2023-04-22 15:49:14.372','2023-04-22 15:50:40.230','clgs40jg40005kr9726jsxqrh','clgs40jgq001lkr97t2dbn5zr'),('clgs5p31f001bkrbol64ymxhw','SELL','RETURNED',101,0.54,11,'2023-04-22 15:49:44.739','2023-04-22 15:50:45.841','clgs40jg40005kr9726jsxqrh','clgs40ji7003fkr97fqq3ihnl'),('clgs5pmmy001dkrbooy4n66jr','SELL','ENDED',50,0.57,24,'2023-04-22 15:50:10.138','2023-04-22 15:50:48.698','clgs40jg40005kr9726jsxqrh','clgs40jgq001pkr97vlgygb4r'),('clgs5pxum001fkrbou6cybura','SELL','RETURNED',50,0.57,24,'2023-04-22 15:50:24.670','2023-04-22 15:50:52.042','clgs40jg40005kr9726jsxqrh','clgs40jgq001pkr97vlgygb4r'),('clgs5rdz6001hkrbox24xtj2q','SELL','ENDED',100,0.54,3,'2023-04-22 15:51:32.226','2023-04-22 15:55:37.872','clgs40jg40005kr9726jsxqrh','clgs40ji8003nkr97qi2mlvb2'),('clgs5rl04001jkrbo1drpwi87','SELL','ENDED',100,0.54,3,'2023-04-22 15:51:41.333','2023-04-22 15:55:39.070','clgs40jg40005kr9726jsxqrh','clgs40ji8003nkr97qi2mlvb2'),('clgs5rt69001lkrbo5k95t4ns','SELL','ENDED',100,0.54,3,'2023-04-22 15:51:51.921','2023-04-22 15:55:40.132','clgs40jg40005kr9726jsxqrh','clgs40ji8003nkr97qi2mlvb2'),('clgs5tc5m001nkrbodgm1rqi3','SELL','ENDED',101,0.54,11,'2023-04-22 15:53:03.178','2023-04-22 15:55:41.198','clgs40jg40005kr9726jsxqrh','clgs40ji7003fkr97fqq3ihnl'),('clgs5tkyj001pkrbocdttwjbh','SELL','ENDED',101,0.54,11,'2023-04-22 15:53:14.587','2023-04-22 15:55:43.026','clgs40jg40005kr9726jsxqrh','clgs40ji7003fkr97fqq3ihnl'),('clgs5ubtg001rkrboluce98x8','SELL','ENDED',100,0.54,5,'2023-04-22 15:53:49.396','2023-04-22 15:55:44.526','clgs40jg40005kr9726jsxqrh','clgs40ji8003ykr97xrs7ydyn'),('clgs5ufz1001tkrbooaeesavc','SELL','ENDED',100,0.54,5,'2023-04-22 15:53:54.782','2023-04-22 15:55:45.899','clgs40jg40005kr9726jsxqrh','clgs40ji8003ykr97xrs7ydyn'),('clgs5ve79001vkrbolg0vbth0','SELL','ENDED',80,0.56,11,'2023-04-22 15:54:39.141','2023-04-22 15:55:47.126','clgs40jg40005kr9726jsxqrh','clgs40jgq001lkr97t2dbn5zr'),('clgs5w4g9001xkrbo16s0mcjo','SELL','ENDED',50,0.57,24,'2023-04-22 15:55:13.161','2023-04-22 15:55:48.865','clgs40jg40005kr9726jsxqrh','clgs40jgq001pkr97vlgygb4r'),('clgs5wapm001zkrbow06w3y0i','SELL','ENDED',50,0.57,24,'2023-04-22 15:55:21.275','2023-04-22 15:55:50.446','clgs40jg40005kr9726jsxqrh','clgs40jgq001pkr97vlgygb4r'),('clgs5xie70021krbomxdauomv','SELL','RETURNED',80,0.56,11,'2023-04-22 15:56:17.887','2023-04-22 15:59:24.275','clgs40jg40005kr9726jsxqrh','clgs40jgq001lkr97t2dbn5zr'),('clgs5y4550023krbo9fak2wn9','SELL','ENDED',80,0.56,11,'2023-04-22 15:56:46.073','2023-04-22 15:59:29.399','clgs40jg40005kr9726jsxqrh','clgs40jgq001lkr97t2dbn5zr'),('clgs5yhxz0025krbodlqqmn1x','SELL','ENDED',50,0.57,24,'2023-04-22 15:57:03.959','2023-04-22 15:59:33.307','clgs40jg40005kr9726jsxqrh','clgs40jgq001pkr97vlgygb4r'),('clgs5z1pk0027krbosrywh3be','SELL','ENDED',100,0.54,5,'2023-04-22 15:57:29.576','2023-04-22 15:59:37.885','clgs40jg40005kr9726jsxqrh','clgs40ji8003ykr97xrs7ydyn'),('clgs5z7m90029krbourlfojpk','SELL','ENDED',100,0.54,5,'2023-04-22 15:57:37.233','2023-04-22 15:59:39.211','clgs40jg40005kr9726jsxqrh','clgs40ji8003ykr97xrs7ydyn'),('clgs5zjky002bkrbokabokoz9','SELL','ENDED',101,0.54,11,'2023-04-22 15:57:52.738','2023-04-22 15:59:40.469','clgs40jg40005kr9726jsxqrh','clgs40ji7003fkr97fqq3ihnl'),('clgs5zou2002dkrboctfw1udx','SELL','ENDED',101,0.54,11,'2023-04-22 15:57:59.546','2023-04-22 15:59:41.753','clgs40jg40005kr9726jsxqrh','clgs40ji7003fkr97fqq3ihnl'),('clgs5zvou002fkrbotma69kl2','SELL','ENDED',101,0.54,11,'2023-04-22 15:58:08.430','2023-04-22 15:59:43.011','clgs40jg40005kr9726jsxqrh','clgs40ji7003fkr97fqq3ihnl'),('clgs61cl9002hkrbo8h7yjy66','SELL','ENDED',100,0.54,3,'2023-04-22 15:59:16.989','2023-04-22 15:59:44.283','clgs40jg40005kr9726jsxqrh','clgs40ji8003nkr97qi2mlvb2'),('clgs62j2f002jkrbodwx58hb1','SELL','ENDED',100,0.54,3,'2023-04-22 16:00:12.040','2023-04-22 16:01:34.913','clgs40jg40005kr9726jsxqrh','clgs40ji8003nkr97qi2mlvb2'),('clgs62xh9002lkrbomxqr677p','SELL','RETURNED',80,0.56,11,'2023-04-22 16:00:30.717','2023-04-22 16:01:39.824','clgs40jg40005kr9726jsxqrh','clgs40jgq001lkr97t2dbn5zr'),('clgs63a22002nkrboamwwl2y2','SELL','ENDED',50,0.57,24,'2023-04-22 16:00:47.018','2023-04-22 16:01:42.123','clgs40jg40005kr9726jsxqrh','clgs40jgq001pkr97vlgygb4r'),('clgs6430k002pkrbodv2uhfg9','SELL','RETURNED',50,0.57,24,'2023-04-22 16:01:24.548','2023-04-22 16:01:43.672','clgs40jg40005kr9726jsxqrh','clgs40jgq001pkr97vlgygb4r'),('clgs664xo002rkrbo6g3tr0nb','SELL','ENDED',100,0.54,3,'2023-04-22 16:03:00.348','2023-04-22 16:12:04.228','clgs40jg40005kr9726jsxqrh','clgs40ji8003nkr97qi2mlvb2'),('clgs66fct002tkrbo6ilrsfui','SELL','ENDED',100,0.54,3,'2023-04-22 16:03:13.853','2023-04-22 16:12:05.441','clgs40jg40005kr9726jsxqrh','clgs40ji8003nkr97qi2mlvb2'),('clgs66k65002vkrbot2d3mkov','SELL','ENDED',100,0.54,3,'2023-04-22 16:03:20.093','2023-04-22 16:12:06.677','clgs40jg40005kr9726jsxqrh','clgs40ji8003nkr97qi2mlvb2'),('clgs66qbg002xkrbo3dq1xdrw','SELL','ENDED',100,0.54,3,'2023-04-22 16:03:28.060','2023-04-22 16:12:07.796','clgs40jg40005kr9726jsxqrh','clgs40ji8003nkr97qi2mlvb2'),('clgs67ad7002zkrboj9szn3qa','SELL','ENDED',100,0.54,3,'2023-04-22 16:03:54.043','2023-04-22 16:12:09.126','clgs40jg40005kr9726jsxqrh','clgs40ji8003nkr97qi2mlvb2'),('clgs67j090031krbokf6vg66c','SELL','ENDED',100,0.54,3,'2023-04-22 16:04:05.241','2023-04-22 16:12:10.230','clgs40jg40005kr9726jsxqrh','clgs40ji8003nkr97qi2mlvb2'),('clgs68jkp0033krbo169aw3ej','SELL','ENDED',100,0.54,5,'2023-04-22 16:04:52.633','2023-04-22 16:12:11.345','clgs40jg40005kr9726jsxqrh','clgs40ji8003ykr97xrs7ydyn'),('clgs68p1m0035krboolht5zlx','SELL','ENDED',100,0.54,5,'2023-04-22 16:04:59.723','2023-04-22 16:12:12.454','clgs40jg40005kr9726jsxqrh','clgs40ji8003ykr97xrs7ydyn'),('clgs68v4l0037krbojdtmpzsc','SELL','ENDED',100,0.54,5,'2023-04-22 16:05:07.605','2023-04-22 16:12:13.411','clgs40jg40005kr9726jsxqrh','clgs40ji8003ykr97xrs7ydyn'),('clgs690890039krbodlklyyyr','SELL','ENDED',100,0.54,5,'2023-04-22 16:05:14.217','2023-04-22 16:12:14.381','clgs40jg40005kr9726jsxqrh','clgs40ji8003ykr97xrs7ydyn'),('clgs6964k003bkrboqx8qchts','SELL','ENDED',100,0.54,5,'2023-04-22 16:05:21.860','2023-04-22 16:12:15.287','clgs40jg40005kr9726jsxqrh','clgs40ji8003ykr97xrs7ydyn'),('clgs69kgg003dkrbof70ss5di','SELL','ENDED',100,0.54,5,'2023-04-22 16:05:40.433','2023-04-22 16:12:16.194','clgs40jg40005kr9726jsxqrh','clgs40ji8003ykr97xrs7ydyn'),('clgs69q5l003fkrboat230lcw','SELL','ENDED',100,0.54,5,'2023-04-22 16:05:47.817','2023-04-22 16:12:17.222','clgs40jg40005kr9726jsxqrh','clgs40ji8003ykr97xrs7ydyn'),('clgs69v6m003hkrbovuwsqyf5','SELL','ENDED',100,0.54,5,'2023-04-22 16:05:54.334','2023-04-22 16:12:18.208','clgs40jg40005kr9726jsxqrh','clgs40ji8003ykr97xrs7ydyn'),('clgs6a8pz003jkrbojze2cvmu','SELL','ENDED',100,0.54,5,'2023-04-22 16:06:11.880','2023-04-22 16:12:19.214','clgs40jg40005kr9726jsxqrh','clgs40ji8003ykr97xrs7ydyn'),('clgs6asyc003lkrbo8hlkhlvq','SELL','ENDED',101,0.54,11,'2023-04-22 16:06:38.100','2023-04-22 16:12:20.157','clgs40jg40005kr9726jsxqrh','clgs40ji7003fkr97fqq3ihnl'),('clgs6b0fa003nkrbozsumttbo','SELL','ENDED',101,0.54,11,'2023-04-22 16:06:47.783','2023-04-22 16:12:21.031','clgs40jg40005kr9726jsxqrh','clgs40ji7003fkr97fqq3ihnl'),('clgs6b5zc003pkrbo3ccy7w9a','SELL','ENDED',101,0.54,11,'2023-04-22 16:06:54.984','2023-04-22 16:12:21.952','clgs40jg40005kr9726jsxqrh','clgs40ji7003fkr97fqq3ihnl'),('clgs6bcv8003rkrbok7k8rtje','SELL','ENDED',101,0.54,11,'2023-04-22 16:07:03.909','2023-04-22 16:12:22.970','clgs40jg40005kr9726jsxqrh','clgs40ji7003fkr97fqq3ihnl'),('clgs6c3tm003tkrboae9txkbv','SELL','ENDED',101,0.54,11,'2023-04-22 16:07:38.842','2023-04-22 16:12:23.938','clgs40jg40005kr9726jsxqrh','clgs40ji7003fkr97fqq3ihnl'),('clgs6c9ah003vkrboyhfvpizc','SELL','ENDED',101,0.54,11,'2023-04-22 16:07:45.929','2023-04-22 16:12:26.170','clgs40jg40005kr9726jsxqrh','clgs40ji7003fkr97fqq3ihnl'),('clgs6cqag003xkrbol23zdmfo','SELL','ENDED',101,0.54,11,'2023-04-22 16:08:07.960','2023-04-22 16:12:27.797','clgs40jg40005kr9726jsxqrh','clgs40ji7003fkr97fqq3ihnl'),('clgs6cu9a003zkrbo8vonw5sh','SELL','ENDED',101,0.54,11,'2023-04-22 16:08:13.103','2023-04-22 16:12:29.023','clgs40jg40005kr9726jsxqrh','clgs40ji7003fkr97fqq3ihnl'),('clgs6e6e10041krboovmzqfu5','SELL','ENDED',101,0.54,11,'2023-04-22 16:09:15.482','2023-04-22 16:12:30.393','clgs40jg40005kr9726jsxqrh','clgs40ji7003fkr97fqq3ihnl'),('clgs6er2h0043krboeqkmmkby','SELL','ENDED',80,0.56,11,'2023-04-22 16:09:42.281','2023-04-22 16:12:31.722','clgs40jg40005kr9726jsxqrh','clgs40jgq001lkr97t2dbn5zr'),('clgs6evf30045krboitvrmrus','SELL','ENDED',80,0.56,11,'2023-04-22 16:09:47.919','2023-04-22 16:12:35.590','clgs40jg40005kr9726jsxqrh','clgs40jgq001lkr97t2dbn5zr'),('clgs6f1ju0047krbodcol0a69','SELL','ENDED',80,0.56,11,'2023-04-22 16:09:55.866','2023-04-22 16:12:36.779','clgs40jg40005kr9726jsxqrh','clgs40jgq001lkr97t2dbn5zr'),('clgs6f5hr0049krbofvqvth0t','SELL','ENDED',80,0.56,11,'2023-04-22 16:10:00.976','2023-04-22 16:12:37.930','clgs40jg40005kr9726jsxqrh','clgs40jgq001lkr97t2dbn5zr'),('clgs6ftlp004bkrbo613xqvhu','SELL','ENDED',50,0.57,24,'2023-04-22 16:10:32.221','2023-04-22 16:12:38.957','clgs40jg40005kr9726jsxqrh','clgs40jgq001pkr97vlgygb4r'),('clgs6fy9z004dkrbosp10l14x','SELL','ENDED',50,0.57,24,'2023-04-22 16:10:38.280','2023-04-22 16:12:39.956','clgs40jg40005kr9726jsxqrh','clgs40jgq001pkr97vlgygb4r'),('clgs6g349004fkrboylb5lzur','SELL','ENDED',50,0.57,24,'2023-04-22 16:10:44.553','2023-04-22 16:12:41.089','clgs40jg40005kr9726jsxqrh','clgs40jgq001pkr97vlgygb4r'),('clgs6g8ao004hkrbonf7hs5hf','SELL','ENDED',50,0.57,24,'2023-04-22 16:10:51.264','2023-04-22 16:12:42.305','clgs40jg40005kr9726jsxqrh','clgs40jgq001pkr97vlgygb4r'),('clgs6jrfz004jkrboy9w7g4c4','SELL','RETURNED',80,0.56,11,'2023-04-22 16:13:36.048','2023-04-22 16:21:31.059','clgs40jg40005kr9726jsxqrh','clgs40jgq001lkr97t2dbn5zr'),('clgs6k46e004lkrboyhh2picq','SELL','RETURNED',50,0.57,24,'2023-04-22 16:13:52.551','2023-04-22 16:21:32.986','clgs40jg40005kr9726jsxqrh','clgs40jgq001pkr97vlgygb4r'),('clgs6knkp004nkrbo8m6b1owx','SELL','ENDED',50,0.57,24,'2023-04-22 16:14:17.689','2023-04-22 16:21:35.086','clgs40jg40005kr9726jsxqrh','clgs40jgq001pkr97vlgygb4r'),('clgs6krh9004pkrboowgwtwah','SELL','ENDED',50,0.57,24,'2023-04-22 16:14:22.749','2023-04-22 16:21:36.843','clgs40jg40005kr9726jsxqrh','clgs40jgq001pkr97vlgygb4r'),('clgs6kwj9004rkrboqos68g2s','SELL','ENDED',50,0.57,24,'2023-04-22 16:14:29.301','2023-04-22 16:21:38.004','clgs40jg40005kr9726jsxqrh','clgs40jgq001pkr97vlgygb4r'),('clgs6l0oz004tkrbojd53gzxq','SELL','ENDED',50,0.57,24,'2023-04-22 16:14:34.692','2023-04-22 16:21:39.061','clgs40jg40005kr9726jsxqrh','clgs40jgq001pkr97vlgygb4r'),('clgs6llde004vkrborzb7g2q1','SELL','ENDED',80,0.56,11,'2023-04-22 16:15:01.490','2023-04-22 16:21:40.072','clgs40jg40005kr9726jsxqrh','clgs40jgq001lkr97t2dbn5zr'),('clgs6lpxe004xkrboaegg2r9v','SELL','ENDED',80,0.56,11,'2023-04-22 16:15:07.394','2023-04-22 16:21:43.386','clgs40jg40005kr9726jsxqrh','clgs40jgq001lkr97t2dbn5zr'),('clgs6lw3l004zkrbomzy2ewua','SELL','ENDED',80,0.56,11,'2023-04-22 16:15:15.393','2023-04-22 16:21:44.466','clgs40jg40005kr9726jsxqrh','clgs40jgq001lkr97t2dbn5zr'),('clgs6ms6a0051krbodu7apnb8','SELL','ENDED',101,0.54,11,'2023-04-22 16:15:56.962','2023-04-22 16:21:45.483','clgs40jg40005kr9726jsxqrh','clgs40ji7003fkr97fqq3ihnl'),('clgs6mwik0053krbo8qt1yzal','SELL','ENDED',101,0.54,11,'2023-04-22 16:16:02.589','2023-04-22 16:21:46.518','clgs40jg40005kr9726jsxqrh','clgs40ji7003fkr97fqq3ihnl'),('clgs6n1z50055krborjyvk1xd','SELL','ENDED',101,0.54,11,'2023-04-22 16:16:09.665','2023-04-22 16:21:47.480','clgs40jg40005kr9726jsxqrh','clgs40ji7003fkr97fqq3ihnl'),('clgs6n7if0057krboslr1265t','SELL','ENDED',101,0.54,11,'2023-04-22 16:16:16.840','2023-04-22 16:21:48.432','clgs40jg40005kr9726jsxqrh','clgs40ji7003fkr97fqq3ihnl'),('clgs6nbcz0059krboiwf1kzos','SELL','ENDED',101,0.54,11,'2023-04-22 16:16:21.828','2023-04-22 16:21:49.337','clgs40jg40005kr9726jsxqrh','clgs40ji7003fkr97fqq3ihnl'),('clgs6nfvv005bkrboky8ytc43','SELL','ENDED',101,0.54,11,'2023-04-22 16:16:27.691','2023-04-22 16:21:50.241','clgs40jg40005kr9726jsxqrh','clgs40ji7003fkr97fqq3ihnl'),('clgs6pz2x005dkrbowihwex5p','SELL','ENDED',100,0.54,3,'2023-04-22 16:18:25.881','2023-04-22 16:21:51.393','clgs40jg40005kr9726jsxqrh','clgs40ji8003nkr97qi2mlvb2'),('clgs6q2cm005fkrbo6bqoqx3k','SELL','ENDED',100,0.54,3,'2023-04-22 16:18:30.119','2023-04-22 16:21:52.396','clgs40jg40005kr9726jsxqrh','clgs40ji8003nkr97qi2mlvb2'),('clgs6q7c3005hkrbouv78361y','SELL','ENDED',100,0.54,3,'2023-04-22 16:18:36.580','2023-04-22 16:21:53.396','clgs40jg40005kr9726jsxqrh','clgs40ji8003nkr97qi2mlvb2'),('clgs6qbto005jkrbopfyj8gel','SELL','ENDED',100,0.54,3,'2023-04-22 16:18:42.396','2023-04-22 16:21:54.306','clgs40jg40005kr9726jsxqrh','clgs40ji8003nkr97qi2mlvb2'),('clgs6qkst005lkrboravm1loj','SELL','ENDED',100,0.54,3,'2023-04-22 16:18:54.029','2023-04-22 16:21:55.159','clgs40jg40005kr9726jsxqrh','clgs40ji8003nkr97qi2mlvb2'),('clgs6ruyl005nkrbo8cvd9oj0','SELL','ENDED',100,0.54,5,'2023-04-22 16:19:53.853','2023-04-22 16:21:56.063','clgs40jg40005kr9726jsxqrh','clgs40ji8003ykr97xrs7ydyn'),('clgs6s0jh005pkrbo46znn6jj','SELL','ENDED',100,0.54,5,'2023-04-22 16:20:01.085','2023-04-22 16:21:56.970','clgs40jg40005kr9726jsxqrh','clgs40ji8003ykr97xrs7ydyn'),('clgs6s4hn005rkrboha4afomg','SELL','ENDED',100,0.54,5,'2023-04-22 16:20:06.204','2023-04-22 16:21:57.810','clgs40jg40005kr9726jsxqrh','clgs40ji8003ykr97xrs7ydyn'),('clgs6s8tk005tkrboimpzgwdg','SELL','ENDED',100,0.54,5,'2023-04-22 16:20:11.816','2023-04-22 16:21:58.655','clgs40jg40005kr9726jsxqrh','clgs40ji8003ykr97xrs7ydyn'),('clgs6sdvh005vkrbo7ktm0ddc','SELL','ENDED',100,0.54,5,'2023-04-22 16:20:18.365','2023-04-22 16:21:59.540','clgs40jg40005kr9726jsxqrh','clgs40ji8003ykr97xrs7ydyn'),('clgs6shs4005xkrbors3fbn2v','SELL','ENDED',100,0.54,5,'2023-04-22 16:20:23.428','2023-04-22 16:22:01.252','clgs40jg40005kr9726jsxqrh','clgs40ji8003ykr97xrs7ydyn'),('clgs6sl41005zkrbo0uk9vf9t','SELL','ENDED',100,0.54,5,'2023-04-22 16:20:27.745','2023-04-22 16:22:02.392','clgs40jg40005kr9726jsxqrh','clgs40ji8003ykr97xrs7ydyn'),('clgs6sons0061krbo47dqirvj','SELL','ENDED',100,0.54,5,'2023-04-22 16:20:32.344','2023-04-22 16:22:03.416','clgs40jg40005kr9726jsxqrh','clgs40ji8003ykr97xrs7ydyn'),('clgs6st8p0063krbo5t88y707','SELL','ENDED',100,0.54,5,'2023-04-22 16:20:38.281','2023-04-22 16:22:04.516','clgs40jg40005kr9726jsxqrh','clgs40ji8003ykr97xrs7ydyn'),('clgs6w5ek0065krbolgk22or3','SELL','RETURNED',101,0.54,11,'2023-04-22 16:23:14.013','2023-04-22 16:24:22.084','clgs40jg40005kr9726jsxqrh','clgs40ji7003fkr97fqq3ihnl'),('clgs6wj360067krbovffvltgh','SELL','RETURNED',100,0.54,5,'2023-04-22 16:23:31.747','2023-04-22 16:24:23.385','clgs40jg40005kr9726jsxqrh','clgs40ji8003ykr97xrs7ydyn'),('clgs6wutd0069krboyivjco5y','SELL','RETURNED',80,0.56,11,'2023-04-22 16:23:46.945','2023-04-22 16:24:24.933','clgs40jg40005kr9726jsxqrh','clgs40jgq001lkr97t2dbn5zr'),('clgs6x4m9006bkrbost3fn1rd','SELL','RETURNED',50,0.57,24,'2023-04-22 16:23:59.650','2023-04-22 16:24:26.400','clgs40jg40005kr9726jsxqrh','clgs40jgq001pkr97vlgygb4r'),('clgs6ybjk006dkrbosj8x8lqm','SELL','ENDED',80,0.56,11,'2023-04-22 16:24:55.281','2023-04-22 16:33:23.919','clgs40jg40005kr9726jsxqrh','clgs40jgq001lkr97t2dbn5zr'),('clgs6yggk006fkrboc6ejzxqo','SELL','ENDED',80,0.56,11,'2023-04-22 16:25:01.652','2023-04-22 16:33:25.503','clgs40jg40005kr9726jsxqrh','clgs40jgq001lkr97t2dbn5zr'),('clgs6z09i006hkrbozdbnqijw','SELL','ENDED',50,0.57,24,'2023-04-22 16:25:27.318','2023-04-22 16:33:26.586','clgs40jg40005kr9726jsxqrh','clgs40jgq001pkr97vlgygb4r'),('clgs6z5ng006jkrbons62srcg','SELL','ENDED',50,0.57,24,'2023-04-22 16:25:34.300','2023-04-22 16:33:27.690','clgs40jg40005kr9726jsxqrh','clgs40jgq001pkr97vlgygb4r'),('clgs6zbu0006lkrbog3tw1f6y','SELL','ENDED',50,0.57,24,'2023-04-22 16:25:42.311','2023-04-22 16:33:28.777','clgs40jg40005kr9726jsxqrh','clgs40jgq001pkr97vlgygb4r'),('clgs6zgjt006nkrboxr60pxea','SELL','ENDED',50,0.57,24,'2023-04-22 16:25:48.426','2023-04-22 16:33:29.804','clgs40jg40005kr9726jsxqrh','clgs40jgq001pkr97vlgygb4r'),('clgs6zmng006pkrbowxxlm8zn','SELL','ENDED',50,0.57,24,'2023-04-22 16:25:56.332','2023-04-22 16:33:30.821','clgs40jg40005kr9726jsxqrh','clgs40jgq001pkr97vlgygb4r'),('clgs6zu9z006rkrbota3o6rif','SELL','ENDED',50,0.57,24,'2023-04-22 16:26:06.216','2023-04-22 16:33:31.844','clgs40jg40005kr9726jsxqrh','clgs40jgq001pkr97vlgygb4r'),('clgs70d6j006tkrboz2bncuq5','SELL','ENDED',50,0.57,24,'2023-04-22 16:26:30.715','2023-04-22 16:33:32.859','clgs40jg40005kr9726jsxqrh','clgs40jgq001pkr97vlgygb4r'),('clgs716vh006vkrboyf6x4fme','SELL','ENDED',101,0.54,11,'2023-04-22 16:27:09.198','2023-04-22 16:33:34.611','clgs40jg40005kr9726jsxqrh','clgs40ji7003fkr97fqq3ihnl'),('clgs71lbc006xkrbohpben6aa','SELL','ENDED',101,0.54,11,'2023-04-22 16:27:27.912','2023-04-22 16:33:36.199','clgs40jg40005kr9726jsxqrh','clgs40ji7003fkr97fqq3ihnl'),('clgs71wdp006zkrbotwygdj6n','SELL','ENDED',101,0.54,11,'2023-04-22 16:27:42.253','2023-04-22 16:33:37.311','clgs40jg40005kr9726jsxqrh','clgs40ji7003fkr97fqq3ihnl'),('clgs72d7i0071krboznk7f09z','SELL','ENDED',101,0.54,11,'2023-04-22 16:28:04.062','2023-04-22 16:33:38.351','clgs40jg40005kr9726jsxqrh','clgs40ji7003fkr97fqq3ihnl'),('clgs72hid0073krbozhyq4vkx','SELL','ENDED',101,0.54,11,'2023-04-22 16:28:09.637','2023-04-22 16:33:39.452','clgs40jg40005kr9726jsxqrh','clgs40ji7003fkr97fqq3ihnl'),('clgs734gb0075krbokjq8mvm4','SELL','ENDED',100,0.54,3,'2023-04-22 16:28:39.372','2023-04-22 16:33:40.532','clgs40jg40005kr9726jsxqrh','clgs40ji8003nkr97qi2mlvb2'),('clgs7385r0077krboldn0hife','SELL','ENDED',100,0.54,3,'2023-04-22 16:28:44.176','2023-04-22 16:33:41.643','clgs40jg40005kr9726jsxqrh','clgs40ji8003nkr97qi2mlvb2'),('clgs73bh70079krbo8lk5fq2x','SELL','ENDED',100,0.54,3,'2023-04-22 16:28:48.475','2023-04-22 16:33:44.051','clgs40jg40005kr9726jsxqrh','clgs40ji8003nkr97qi2mlvb2'),('clgs73goe007bkrbovla34zoh','SELL','ENDED',100,0.54,3,'2023-04-22 16:28:55.214','2023-04-22 16:33:45.126','clgs40jg40005kr9726jsxqrh','clgs40ji8003nkr97qi2mlvb2'),('clgs73nd9007dkrbobgiqpvqj','SELL','ENDED',100,0.54,3,'2023-04-22 16:29:03.885','2023-04-22 16:33:46.178','clgs40jg40005kr9726jsxqrh','clgs40ji8003nkr97qi2mlvb2'),('clgs74iti007fkrboxvap4hdx','SELL','ENDED',100,0.54,5,'2023-04-22 16:29:44.646','2023-04-22 16:33:47.323','clgs40jg40005kr9726jsxqrh','clgs40ji8003ykr97xrs7ydyn'),('clgs74mz2007hkrbo7qrtnphx','SELL','ENDED',100,0.54,5,'2023-04-22 16:29:50.030','2023-04-22 16:33:48.563','clgs40jg40005kr9726jsxqrh','clgs40ji8003ykr97xrs7ydyn'),('clgs7ajrj007jkrbovdqafl5w','SELL','RETURNED',100,0.54,5,'2023-04-22 16:34:25.808','2023-04-22 16:34:31.291','clgs40jg40005kr9726jsxqrh','clgs40ji8003ykr97xrs7ydyn'),('clgt5onct0001krnj09do6o8z','SELL','ENDED',80,0.56,11,'2023-04-23 08:37:10.590','2023-04-23 08:56:44.482','clgs40jg40005kr9726jsxqrh','clgs40jgq001lkr97t2dbn5zr'),('clgt5opzl0003krnjn9o92k0e','SELL','ENDED',80,0.56,11,'2023-04-23 08:37:14.001','2023-04-23 08:56:46.063','clgs40jg40005kr9726jsxqrh','clgs40jgq001lkr97t2dbn5zr'),('clgt5otb20005krnjk5vrbhao','SELL','ENDED',80,0.56,11,'2023-04-23 08:37:18.303','2023-04-23 08:56:47.007','clgs40jg40005kr9726jsxqrh','clgs40jgq001lkr97t2dbn5zr'),('clgt5ovfy0007krnjtzeydwip','SELL','ENDED',80,0.56,11,'2023-04-23 08:37:21.070','2023-04-23 08:56:47.864','clgs40jg40005kr9726jsxqrh','clgs40jgq001lkr97t2dbn5zr'),('clgt5oxiu0009krnj3i89tgnc','SELL','ENDED',80,0.56,11,'2023-04-23 08:37:23.766','2023-04-23 08:56:48.693','clgs40jg40005kr9726jsxqrh','clgs40jgq001lkr97t2dbn5zr'),('clgt5ozk5000bkrnj6o3zkbie','SELL','ENDED',80,0.56,11,'2023-04-23 08:37:26.405','2023-04-23 08:56:50.273','clgs40jg40005kr9726jsxqrh','clgs40jgq001lkr97t2dbn5zr'),('clgt5p1dy000dkrnj23zx65wr','SELL','ENDED',80,0.56,11,'2023-04-23 08:37:28.774','2023-04-23 08:56:51.236','clgs40jg40005kr9726jsxqrh','clgs40jgq001lkr97t2dbn5zr'),('clgt5p32y000fkrnjfvyba4e2','SELL','ENDED',80,0.56,11,'2023-04-23 08:37:30.971','2023-04-23 08:56:52.013','clgs40jg40005kr9726jsxqrh','clgs40jgq001lkr97t2dbn5zr'),('clgt5p4pj000hkrnj6azhqsxi','SELL','ENDED',80,0.56,11,'2023-04-23 08:37:33.080','2023-04-23 08:56:52.920','clgs40jg40005kr9726jsxqrh','clgs40jgq001lkr97t2dbn5zr'),('clgt5p6fy000jkrnjpnxsxwky','SELL','ENDED',80,0.56,11,'2023-04-23 08:37:35.326','2023-04-23 08:56:53.734','clgs40jg40005kr9726jsxqrh','clgs40jgq001lkr97t2dbn5zr'),('clgt5qfcr000lkrnj4sw95y6m','SELL','ENDED',50,0.57,24,'2023-04-23 08:38:33.532','2023-04-23 08:56:54.484','clgs40jg40005kr9726jsxqrh','clgs40jgq001pkr97vlgygb4r'),('clgt5qgrx000nkrnjsg99f7wv','SELL','ENDED',50,0.57,24,'2023-04-23 08:38:35.374','2023-04-23 08:56:55.306','clgs40jg40005kr9726jsxqrh','clgs40jgq001pkr97vlgygb4r'),('clgt5qhte000pkrnji9moxwov','SELL','ENDED',50,0.57,24,'2023-04-23 08:38:36.723','2023-04-23 08:56:56.067','clgs40jg40005kr9726jsxqrh','clgs40jgq001pkr97vlgygb4r'),('clgt5qiz3000rkrnjffc15f9r','SELL','ENDED',50,0.57,24,'2023-04-23 08:38:38.223','2023-04-23 08:56:56.963','clgs40jg40005kr9726jsxqrh','clgs40jgq001pkr97vlgygb4r'),('clgt5qk2u000tkrnj49gec379','SELL','ENDED',50,0.57,24,'2023-04-23 08:38:39.655','2023-04-23 08:56:57.791','clgs40jg40005kr9726jsxqrh','clgs40jgq001pkr97vlgygb4r'),('clgt5qla9000vkrnjbfefs8r7','SELL','ENDED',50,0.57,24,'2023-04-23 08:38:41.217','2023-04-23 08:56:58.606','clgs40jg40005kr9726jsxqrh','clgs40jgq001pkr97vlgygb4r'),('clgt5qmo6000xkrnjat8mpo28','SELL','ENDED',50,0.57,24,'2023-04-23 08:38:43.014','2023-04-23 08:57:00.104','clgs40jg40005kr9726jsxqrh','clgs40jgq001pkr97vlgygb4r'),('clgt5qnz6000zkrnjxyerxxpt','SELL','ENDED',50,0.57,24,'2023-04-23 08:38:44.707','2023-04-23 08:57:01.027','clgs40jg40005kr9726jsxqrh','clgs40jgq001pkr97vlgygb4r'),('clgt5qp7d0011krnj941jtpem','SELL','ENDED',50,0.57,24,'2023-04-23 08:38:46.298','2023-04-23 08:57:01.858','clgs40jg40005kr9726jsxqrh','clgs40jgq001pkr97vlgygb4r'),('clgt5qqg80013krnj34t5jf7z','SELL','ENDED',50,0.57,24,'2023-04-23 08:38:47.913','2023-04-23 08:57:02.924','clgs40jg40005kr9726jsxqrh','clgs40jgq001pkr97vlgygb4r'),('clgt5qrms0015krnj2n71gt1q','SELL','ENDED',50,0.57,24,'2023-04-23 08:38:49.443','2023-04-23 08:57:03.814','clgs40jg40005kr9726jsxqrh','clgs40jgq001pkr97vlgygb4r'),('clgt5qsqu0017krnj93a2crdp','SELL','ENDED',50,0.57,24,'2023-04-23 08:38:50.886','2023-04-23 08:57:04.854','clgs40jg40005kr9726jsxqrh','clgs40jgq001pkr97vlgygb4r'),('clgt5sdhp0019krnjkkog2jfc','SELL','ENDED',101,0.54,4,'2023-04-23 08:40:04.429','2023-04-23 08:57:05.857','clgs40jg40005kr9726jsxqrh','clgs40jgq0027kr97bau2piw0'),('clgt5t5fu001bkrnjkzqpfa3s','SELL','ENDED',100,0.54,3,'2023-04-23 08:40:40.650','2023-04-23 08:57:07.603','clgs40jg40005kr9726jsxqrh','clgs40ji8003nkr97qi2mlvb2'),('clgt5t7h0001dkrnjdmwv3f66','SELL','ENDED',100,0.54,3,'2023-04-23 08:40:43.284','2023-04-23 08:57:08.549','clgs40jg40005kr9726jsxqrh','clgs40ji8003nkr97qi2mlvb2'),('clgt5t9dp001fkrnjzoxnppur','SELL','ENDED',100,0.54,3,'2023-04-23 08:40:45.757','2023-04-23 08:57:09.362','clgs40jg40005kr9726jsxqrh','clgs40ji8003nkr97qi2mlvb2'),('clgt5tbb2001hkrnj2qxfasij','SELL','ENDED',100,0.54,3,'2023-04-23 08:40:48.254','2023-04-23 08:57:10.211','clgs40jg40005kr9726jsxqrh','clgs40ji8003nkr97qi2mlvb2'),('clgt5tdfa001jkrnj9ds68qmo','SELL','ENDED',100,0.54,3,'2023-04-23 08:40:50.998','2023-04-23 08:57:11.490','clgs40jg40005kr9726jsxqrh','clgs40ji8003nkr97qi2mlvb2'),('clgt5tfqt001lkrnj6yurgd6y','SELL','ENDED',100,0.54,3,'2023-04-23 08:40:54.006','2023-04-23 08:57:13.375','clgs40jg40005kr9726jsxqrh','clgs40ji8003nkr97qi2mlvb2'),('clgt5ti25001nkrnj5aiv7zw3','SELL','ENDED',100,0.54,3,'2023-04-23 08:40:57.005','2023-04-23 08:57:14.277','clgs40jg40005kr9726jsxqrh','clgs40ji8003nkr97qi2mlvb2'),('clgt5u7jh001pkrnjma74yyp0','SELL','ENDED',100,0.54,5,'2023-04-23 08:41:30.030','2023-04-23 08:57:15.027','clgs40jg40005kr9726jsxqrh','clgs40ji8003ykr97xrs7ydyn'),('clgt5u98l001rkrnjp2qe376m','SELL','ENDED',100,0.54,5,'2023-04-23 08:41:32.230','2023-04-23 08:57:15.825','clgs40jg40005kr9726jsxqrh','clgs40ji8003ykr97xrs7ydyn'),('clgt5ualw001tkrnj6tma1mfg','SELL','ENDED',100,0.54,5,'2023-04-23 08:41:34.004','2023-04-23 08:57:16.589','clgs40jg40005kr9726jsxqrh','clgs40ji8003ykr97xrs7ydyn'),('clgt5ubxw001vkrnjxknf17qz','SELL','ENDED',100,0.54,5,'2023-04-23 08:41:35.733','2023-04-23 08:57:17.502','clgs40jg40005kr9726jsxqrh','clgs40ji8003ykr97xrs7ydyn'),('clgt5uden001xkrnj2p60o1j8','SELL','ENDED',100,0.54,5,'2023-04-23 08:41:37.631','2023-04-23 08:57:18.476','clgs40jg40005kr9726jsxqrh','clgs40ji8003ykr97xrs7ydyn'),('clgt5uetd001zkrnj7x4qfo1p','SELL','ENDED',100,0.54,5,'2023-04-23 08:41:39.458','2023-04-23 08:57:19.354','clgs40jg40005kr9726jsxqrh','clgs40ji8003ykr97xrs7ydyn'),('clgt5ug5c0021krnjlyq7gss3','SELL','ENDED',100,0.54,5,'2023-04-23 08:41:41.185','2023-04-23 08:57:20.253','clgs40jg40005kr9726jsxqrh','clgs40ji8003ykr97xrs7ydyn'),('clgt65n430023krnjewyvly3u','SELL','ENDED',10,0.54,4,'2023-04-23 08:50:23.427','2023-04-23 08:57:21.317','clgs40jg40005kr9726jsxqrh','clgs40ji80040kr97ucc4hs70'),('clgt6dbgh0025krnj1ekhpke0','SELL','ENDED',101,0.54,4,'2023-04-23 08:56:21.569','2023-04-23 08:57:22.215','clgs40jg40005kr9726jsxqrh','clgs40jgq0027kr97bau2piw0'),('clgt6fks80027krnjxkr6tnta','SELL','RETURNED',80,0.56,11,'2023-04-23 08:58:06.969','2023-04-23 09:03:08.776','clgs40jg40005kr9726jsxqrh','clgs40jgq001lkr97t2dbn5zr'),('clgt6gfk50029krnjsz3tahv1','SELL','ENDED',101,0.54,4,'2023-04-23 08:58:46.854','2023-04-23 09:03:55.518','clgs40jg40005kr9726jsxqrh','clgs40jgq0027kr97bau2piw0'),('clgt6gh4n002bkrnjwk02tuf5','SELL','ENDED',101,0.54,4,'2023-04-23 08:58:48.887','2023-04-23 09:03:56.770','clgs40jg40005kr9726jsxqrh','clgs40jgq0027kr97bau2piw0'),('clgt6h9rg002dkrnjbog3910r','SELL','ENDED',50,0.57,24,'2023-04-23 08:59:25.996','2023-04-23 09:03:57.860','clgs40jg40005kr9726jsxqrh','clgs40jgq001pkr97vlgygb4r'),('clgt6haqr002fkrnj28frf23v','SELL','ENDED',50,0.57,24,'2023-04-23 08:59:27.267','2023-04-23 09:03:58.911','clgs40jg40005kr9726jsxqrh','clgs40jgq001pkr97vlgygb4r'),('clgt6hbro002hkrnj6ch5y2dt','SELL','ENDED',50,0.57,24,'2023-04-23 08:59:28.596','2023-04-23 09:03:59.920','clgs40jg40005kr9726jsxqrh','clgs40jgq001pkr97vlgygb4r'),('clgt6hcqt002jkrnj59gxvzyq','SELL','ENDED',50,0.57,24,'2023-04-23 08:59:29.861','2023-04-23 09:04:00.880','clgs40jg40005kr9726jsxqrh','clgs40jgq001pkr97vlgygb4r'),('clgt6hdvi002lkrnjouyso7bv','SELL','ENDED',50,0.57,24,'2023-04-23 08:59:31.326','2023-04-23 09:04:01.828','clgs40jg40005kr9726jsxqrh','clgs40jgq001pkr97vlgygb4r'),('clgt6hex3002nkrnjagczyll8','SELL','ENDED',50,0.57,24,'2023-04-23 08:59:32.679','2023-04-23 09:04:02.747','clgs40jg40005kr9726jsxqrh','clgs40jgq001pkr97vlgygb4r'),('clgt6hg0i002pkrnj5fjiachi','SELL','ENDED',50,0.57,24,'2023-04-23 08:59:34.098','2023-04-23 09:04:03.657','clgs40jg40005kr9726jsxqrh','clgs40jgq001pkr97vlgygb4r'),('clgt6hhal002rkrnjwr040l3s','SELL','ENDED',50,0.57,24,'2023-04-23 08:59:35.757','2023-04-23 09:04:04.592','clgs40jg40005kr9726jsxqrh','clgs40jgq001pkr97vlgygb4r'),('clgt6hx73002tkrnjdsmb04lo','SELL','RETURNED',80,0.56,11,'2023-04-23 08:59:56.367','2023-04-23 09:03:12.582','clgs40jg40005kr9726jsxqrh','clgs40jgq001lkr97t2dbn5zr'),('clgt6jrtp002vkrnjn7072gy7','SELL','ENDED',101,0.54,4,'2023-04-23 09:01:22.717','2023-04-23 09:03:33.750','clgs40jg40005kr9726jsxqrh','clgs40jgq0027kr97bau2piw0'),('clgt6jso6002xkrnjjje86keg','SELL','RETURNED',101,0.54,4,'2023-04-23 09:01:23.815','2023-04-23 09:03:28.703','clgs40jg40005kr9726jsxqrh','clgs40jgq0027kr97bau2piw0'),('clgt6jtf6002zkrnjh4wq4nfx','SELL','RETURNED',101,0.54,4,'2023-04-23 09:01:24.786','2023-04-23 09:03:31.377','clgs40jg40005kr9726jsxqrh','clgs40jgq0027kr97bau2piw0'),('clgt6k5hh0031krnj39doebsp','SELL','RETURNED',100,0.54,5,'2023-04-23 09:01:40.422','2023-04-23 09:03:52.125','clgs40jg40005kr9726jsxqrh','clgs40ji8003ykr97xrs7ydyn'),('clgt6k6oq0033krnjr5uhtdek','SELL','ENDED',100,0.54,5,'2023-04-23 09:01:41.978','2023-04-23 09:04:05.473','clgs40jg40005kr9726jsxqrh','clgs40ji8003ykr97xrs7ydyn'),('clgt6k7yd0035krnjc1sjzqfp','SELL','ENDED',100,0.54,5,'2023-04-23 09:01:43.622','2023-04-23 09:04:06.396','clgs40jg40005kr9726jsxqrh','clgs40ji8003ykr97xrs7ydyn'),('clgt6k9fe0037krnjrknqfylk','SELL','ENDED',100,0.54,5,'2023-04-23 09:01:45.531','2023-04-23 09:04:10.433','clgs40jg40005kr9726jsxqrh','clgs40ji8003ykr97xrs7ydyn'),('clgt6khe70039krnjlqjcx13b','SELL','ENDED',100,0.54,3,'2023-04-23 09:01:55.855','2023-04-23 09:04:11.435','clgs40jg40005kr9726jsxqrh','clgs40ji8003nkr97qi2mlvb2'),('clgt6ki8l003bkrnjduhx5lid','SELL','ENDED',100,0.54,3,'2023-04-23 09:01:56.950','2023-04-23 09:04:12.406','clgs40jg40005kr9726jsxqrh','clgs40ji8003nkr97qi2mlvb2'),('clgt6kj2d003dkrnjpw9as3bl','SELL','ENDED',100,0.54,3,'2023-04-23 09:01:58.022','2023-04-23 09:04:13.348','clgs40jg40005kr9726jsxqrh','clgs40ji8003nkr97qi2mlvb2'),('clgt6kjyc003fkrnjjfebnfnw','SELL','ENDED',100,0.54,3,'2023-04-23 09:01:59.172','2023-04-23 09:04:14.289','clgs40jg40005kr9726jsxqrh','clgs40ji8003nkr97qi2mlvb2'),('clgt6kkul003hkrnjj0jfwavm','SELL','ENDED',100,0.54,3,'2023-04-23 09:02:00.334','2023-04-23 09:04:15.277','clgs40jg40005kr9726jsxqrh','clgs40ji8003nkr97qi2mlvb2'),('clgt6klne003jkrnjsncp8495','SELL','ENDED',100,0.54,3,'2023-04-23 09:02:01.370','2023-04-23 09:04:16.185','clgs40jg40005kr9726jsxqrh','clgs40ji8003nkr97qi2mlvb2'),('clgt6kmid003lkrnjrpnxcza9','SELL','ENDED',100,0.54,3,'2023-04-23 09:02:02.485','2023-04-23 09:04:17.401','clgs40jg40005kr9726jsxqrh','clgs40ji8003nkr97qi2mlvb2'),('clgt6kne1003nkrnjwra9juqa','SELL','ENDED',100,0.54,3,'2023-04-23 09:02:03.626','2023-04-23 09:04:18.383','clgs40jg40005kr9726jsxqrh','clgs40ji8003nkr97qi2mlvb2'),('clgt6kw8n003pkrnj1x4h0gxv','SELL','ENDED',10,0.54,4,'2023-04-23 09:02:15.095','2023-04-23 09:04:19.759','clgs40jg40005kr9726jsxqrh','clgs40ji80040kr97ucc4hs70'),('clgt6kx6t003rkrnjcg7fgiya','SELL','ENDED',10,0.54,4,'2023-04-23 09:02:16.326','2023-04-23 09:04:20.684','clgs40jg40005kr9726jsxqrh','clgs40ji80040kr97ucc4hs70'),('clgt6ky8q003tkrnjbip0xy2c','SELL','ENDED',10,0.54,4,'2023-04-23 09:02:17.690','2023-04-23 09:04:21.605','clgs40jg40005kr9726jsxqrh','clgs40ji80040kr97ucc4hs70'),('clgt6kz9s003vkrnjsntz5ztv','SELL','ENDED',10,0.54,4,'2023-04-23 09:02:19.025','2023-04-23 09:04:23.667','clgs40jg40005kr9726jsxqrh','clgs40ji80040kr97ucc4hs70'),('clgt6l095003xkrnjbdxp5s97','SELL','ENDED',10,0.54,4,'2023-04-23 09:02:20.297','2023-04-23 09:04:24.619','clgs40jg40005kr9726jsxqrh','clgs40ji80040kr97ucc4hs70'),('clgt6l188003zkrnjixcf9jku','SELL','ENDED',10,0.54,4,'2023-04-23 09:02:21.560','2023-04-23 09:04:25.595','clgs40jg40005kr9726jsxqrh','clgs40ji80040kr97ucc4hs70'),('clgt6l20a0041krnjch3yy3ls','SELL','ENDED',10,0.54,4,'2023-04-23 09:02:22.571','2023-04-23 09:04:26.517','clgs40jg40005kr9726jsxqrh','clgs40ji80040kr97ucc4hs70'),('clgt6l2yy0043krnjy2nx8ey6','SELL','ENDED',10,0.54,4,'2023-04-23 09:02:23.818','2023-04-23 09:04:27.630','clgs40jg40005kr9726jsxqrh','clgs40ji80040kr97ucc4hs70'),('clgt6l4090045krnjqn495elo','SELL','ENDED',10,0.54,4,'2023-04-23 09:02:25.161','2023-04-23 09:04:28.865','clgs40jg40005kr9726jsxqrh','clgs40ji80040kr97ucc4hs70'),('clgt98bz90001krrhxww29wfs','SELL','ENDED',80,0.56,11,'2023-04-23 10:16:27.813','2023-04-23 10:18:49.345','clgs40jg40005kr9726jsxqrh','clgs40jgq001lkr97t2dbn5zr'),('clgt98d1t0003krrhpjrh6l0m','SELL','ENDED',80,0.56,11,'2023-04-23 10:16:29.201','2023-04-23 10:18:51.283','clgs40jg40005kr9726jsxqrh','clgs40jgq001lkr97t2dbn5zr'),('clgt98e0i0005krrhe8um1l5d','SELL','RETURNED',80,0.56,11,'2023-04-23 10:16:30.450','2023-04-23 10:18:46.713','clgs40jg40005kr9726jsxqrh','clgs40jgq001lkr97t2dbn5zr'),('clgt98f0d0007krrhf88o7lw8','SELL','ENDED',80,0.56,11,'2023-04-23 10:16:31.741','2023-04-23 10:18:52.789','clgs40jg40005kr9726jsxqrh','clgs40jgq001lkr97t2dbn5zr'),('clgt98g4r0009krrhp2m7p1xl','SELL','ENDED',80,0.56,11,'2023-04-23 10:16:33.195','2023-04-23 10:18:54.262','clgs40jg40005kr9726jsxqrh','clgs40jgq001lkr97t2dbn5zr'),('clgt98ha9000bkrrhbshs9ujk','SELL','ENDED',80,0.56,11,'2023-04-23 10:16:34.689','2023-04-23 10:18:55.939','clgs40jg40005kr9726jsxqrh','clgs40jgq001lkr97t2dbn5zr'),('clgt98pqh000dkrrhqdociwos','SELL','ENDED',50,0.57,24,'2023-04-23 10:16:45.641','2023-04-23 10:19:06.540','clgs40jg40005kr9726jsxqrh','clgs40jgq001pkr97vlgygb4r'),('clgt98qm3000fkrrhvdwf2lyd','SELL','ENDED',50,0.57,24,'2023-04-23 10:16:46.779','2023-04-23 10:19:07.766','clgs40jg40005kr9726jsxqrh','clgs40jgq001pkr97vlgygb4r'),('clgt98rs4000hkrrh0epxadfi','SELL','RETURNED',50,0.57,24,'2023-04-23 10:16:48.292','2023-04-23 10:19:04.287','clgs40jg40005kr9726jsxqrh','clgs40jgq001pkr97vlgygb4r'),('clgt98spk000jkrrhot0bql3n','SELL','ENDED',50,0.57,24,'2023-04-23 10:16:49.496','2023-04-23 10:19:09.031','clgs40jg40005kr9726jsxqrh','clgs40jgq001pkr97vlgygb4r'),('clgt98tl2000lkrrhnj2lx9k6','SELL','ENDED',50,0.57,24,'2023-04-23 10:16:50.631','2023-04-23 10:19:11.213','clgs40jg40005kr9726jsxqrh','clgs40jgq001pkr97vlgygb4r'),('clgt98uey000nkrrhvv25fayd','SELL','ENDED',50,0.57,24,'2023-04-23 10:16:51.706','2023-04-23 10:19:12.385','clgs40jg40005kr9726jsxqrh','clgs40jgq001pkr97vlgygb4r'),('clgt994hb000pkrrhab45j1c4','SELL','ENDED',101,0.54,4,'2023-04-23 10:17:04.752','2023-04-23 10:19:17.878','clgs40jg40005kr9726jsxqrh','clgs40jgq0027kr97bau2piw0'),('clgt995by000rkrrhnplp3773','SELL','RETURNED',101,0.54,4,'2023-04-23 10:17:05.855','2023-04-23 10:19:19.905','clgs40jg40005kr9726jsxqrh','clgs40jgq0027kr97bau2piw0'),('clgt99jje000tkrrhk48n4qp5','SELL','ENDED',100,0.54,5,'2023-04-23 10:17:24.266','2023-04-23 10:19:24.217','clgs40jg40005kr9726jsxqrh','clgs40ji8003ykr97xrs7ydyn'),('clgt99kb2000vkrrh7rk5giua','SELL','ENDED',100,0.54,5,'2023-04-23 10:17:25.262','2023-04-23 10:19:25.674','clgs40jg40005kr9726jsxqrh','clgs40ji8003ykr97xrs7ydyn'),('clgt99l24000xkrrhk3gtc2b2','SELL','ENDED',100,0.54,5,'2023-04-23 10:17:26.236',NULL,'clgs40jg40005kr9726jsxqrh','clgs40ji8003ykr97xrs7ydyn'),('clgt99lus000zkrrhz2o7u6mo','SELL','ENDED',100,0.54,5,'2023-04-23 10:17:27.269',NULL,'clgs40jg40005kr9726jsxqrh','clgs40ji8003ykr97xrs7ydyn'),('clgt99mma0011krrh5vrchu2r','SELL','ENDED',100,0.54,5,'2023-04-23 10:17:28.258',NULL,'clgs40jg40005kr9726jsxqrh','clgs40ji8003ykr97xrs7ydyn'),('clgt99ndu0013krrhnqf9cdv8','SELL','ENDED',100,0.54,5,'2023-04-23 10:17:29.251',NULL,'clgs40jg40005kr9726jsxqrh','clgs40ji8003ykr97xrs7ydyn'),('clgt99o850015krrhdq06ri7y','SELL','ENDED',100,0.54,5,'2023-04-23 10:17:30.341',NULL,'clgs40jg40005kr9726jsxqrh','clgs40ji8003ykr97xrs7ydyn'),('clgt99oxw0017krrhz5gn887y','SELL','ENDED',100,0.54,5,'2023-04-23 10:17:31.269',NULL,'clgs40jg40005kr9726jsxqrh','clgs40ji8003ykr97xrs7ydyn'),('clgt99pr10019krrhn202u89k','SELL','ENDED',100,0.54,5,'2023-04-23 10:17:32.318',NULL,'clgs40jg40005kr9726jsxqrh','clgs40ji8003ykr97xrs7ydyn'),('clgt99qhp001bkrrh9ig06hdp','SELL','ENDED',100,0.54,5,'2023-04-23 10:17:33.277',NULL,'clgs40jg40005kr9726jsxqrh','clgs40ji8003ykr97xrs7ydyn'),('clgt99raj001dkrrh2uhdavrn','SELL','ENDED',100,0.54,5,'2023-04-23 10:17:34.315',NULL,'clgs40jg40005kr9726jsxqrh','clgs40ji8003ykr97xrs7ydyn'),('clgt99s3s001fkrrhtw64oemk','SELL','ENDED',100,0.54,5,'2023-04-23 10:17:35.369',NULL,'clgs40jg40005kr9726jsxqrh','clgs40ji8003ykr97xrs7ydyn'),('clgt99sx2001hkrrh3kj38m5h','SELL','ENDED',100,0.54,5,'2023-04-23 10:17:36.423',NULL,'clgs40jg40005kr9726jsxqrh','clgs40ji8003ykr97xrs7ydyn'),('clgt9a6o3001jkrrhr7t32ou3','SELL','ENDED',100,0.54,3,'2023-04-23 10:17:54.243',NULL,'clgs40jg40005kr9726jsxqrh','clgs40ji8003nkr97qi2mlvb2'),('clgt9a7hl001lkrrh3nq06ob4','SELL','ENDED',100,0.54,3,'2023-04-23 10:17:55.305',NULL,'clgs40jg40005kr9726jsxqrh','clgs40ji8003nkr97qi2mlvb2'),('clgt9a8cb001nkrrhebxbr9bz','SELL','ENDED',100,0.54,3,'2023-04-23 10:17:56.412',NULL,'clgs40jg40005kr9726jsxqrh','clgs40ji8003nkr97qi2mlvb2'),('clgt9a97b001pkrrhwoxizycz','SELL','ENDED',100,0.54,3,'2023-04-23 10:17:57.527',NULL,'clgs40jg40005kr9726jsxqrh','clgs40ji8003nkr97qi2mlvb2'),('clgt9aa0b001rkrrhb9jhtnpi','SELL','ENDED',100,0.54,3,'2023-04-23 10:17:58.571',NULL,'clgs40jg40005kr9726jsxqrh','clgs40ji8003nkr97qi2mlvb2'),('clgt9aaqh001tkrrhjbj8s957','SELL','ENDED',100,0.54,3,'2023-04-23 10:17:59.513',NULL,'clgs40jg40005kr9726jsxqrh','clgs40ji8003nkr97qi2mlvb2'),('clgt9abht001vkrrhlcsck96t','SELL','ENDED',100,0.54,3,'2023-04-23 10:18:00.497',NULL,'clgs40jg40005kr9726jsxqrh','clgs40ji8003nkr97qi2mlvb2'),('clgt9ac68001xkrrhnbi6pbzo','SELL','ENDED',100,0.54,3,'2023-04-23 10:18:01.377',NULL,'clgs40jg40005kr9726jsxqrh','clgs40ji8003nkr97qi2mlvb2'),('clgt9acsu001zkrrhxwmc3ha4','SELL','ENDED',100,0.54,3,'2023-04-23 10:18:02.191',NULL,'clgs40jg40005kr9726jsxqrh','clgs40ji8003nkr97qi2mlvb2'),('clgt9aknc0021krrh8v05zslq','SELL','ENDED',10,0.54,4,'2023-04-23 10:18:12.360',NULL,'clgs40jg40005kr9726jsxqrh','clgs40ji80040kr97ucc4hs70'),('clgt9ali80023krrhstu65wnj','SELL','ENDED',10,0.54,4,'2023-04-23 10:18:13.473',NULL,'clgs40jg40005kr9726jsxqrh','clgs40ji80040kr97ucc4hs70'),('clgt9am9w0025krrhtmg8e5g1','SELL','ENDED',10,0.54,4,'2023-04-23 10:18:14.468',NULL,'clgs40jg40005kr9726jsxqrh','clgs40ji80040kr97ucc4hs70'),('clgt9an8x0027krrhnqru0g2n','SELL','ENDED',10,0.54,4,'2023-04-23 10:18:15.729',NULL,'clgs40jg40005kr9726jsxqrh','clgs40ji80040kr97ucc4hs70'),('clgt9ao7t0029krrh8v7ih09v','SELL','ENDED',10,0.54,4,'2023-04-23 10:18:16.986',NULL,'clgs40jg40005kr9726jsxqrh','clgs40ji80040kr97ucc4hs70'),('clgt9ap27002bkrrhdttbptn1','SELL','ENDED',10,0.54,4,'2023-04-23 10:18:18.079',NULL,'clgs40jg40005kr9726jsxqrh','clgs40ji80040kr97ucc4hs70'),('clgt9apxc002dkrrhzs2prvlx','SELL','ENDED',10,0.54,4,'2023-04-23 10:18:19.201',NULL,'clgs40jg40005kr9726jsxqrh','clgs40ji80040kr97ucc4hs70'),('clgt9aqt3002fkrrh8seg9ydr','SELL','ENDED',10,0.54,4,'2023-04-23 10:18:20.344',NULL,'clgs40jg40005kr9726jsxqrh','clgs40ji80040kr97ucc4hs70'),('clgt9arla002hkrrh1a5kv1c5','SELL','ENDED',10,0.54,4,'2023-04-23 10:18:21.358',NULL,'clgs40jg40005kr9726jsxqrh','clgs40ji80040kr97ucc4hs70'),('clgt9asmo002jkrrhd8z4evu5','SELL','ENDED',10,0.54,4,'2023-04-23 10:18:22.704',NULL,'clgs40jg40005kr9726jsxqrh','clgs40ji80040kr97ucc4hs70'),('clgt9atm3002lkrrhrkwqtn5h','SELL','ENDED',10,0.54,4,'2023-04-23 10:18:23.979',NULL,'clgs40jg40005kr9726jsxqrh','clgs40ji80040kr97ucc4hs70'),('clgt9auhy002nkrrhe371jpii','SELL','ENDED',10,0.54,4,'2023-04-23 10:18:25.126',NULL,'clgs40jg40005kr9726jsxqrh','clgs40ji80040kr97ucc4hs70'),('clgt9avdg002pkrrhn9ysic9v','SELL','ENDED',10,0.54,4,'2023-04-23 10:18:26.260',NULL,'clgs40jg40005kr9726jsxqrh','clgs40ji80040kr97ucc4hs70'),('clgt9aw8z002rkrrhaydjo35t','SELL','ENDED',10,0.54,4,'2023-04-23 10:18:27.396',NULL,'clgs40jg40005kr9726jsxqrh','clgs40ji80040kr97ucc4hs70'),('clgt9fogr002tkrrh07b9brxp','SELL','ENDED',80,0.56,11,'2023-04-23 10:22:10.588',NULL,'clgs40jg40005kr9726jsxqrh','clgs40jgq001lkr97t2dbn5zr'),('clgt9fpis002vkrrh1w6pw3lp','SELL','RETURNED',80,0.56,11,'2023-04-23 10:22:11.957','2023-04-23 10:24:57.516','clgs40jg40005kr9726jsxqrh','clgs40jgq001lkr97t2dbn5zr'),('clgt9fqcb002xkrrhs97370zu','SELL','ENDED',80,0.56,11,'2023-04-23 10:22:13.020',NULL,'clgs40jg40005kr9726jsxqrh','clgs40jgq001lkr97t2dbn5zr'),('clgt9fraz002zkrrh9j4wpcfw','SELL','RETURNED',80,0.56,11,'2023-04-23 10:22:14.267','2023-04-23 10:25:04.078','clgs40jg40005kr9726jsxqrh','clgs40jgq001lkr97t2dbn5zr'),('clgt9fs750031krrhk8fc99dr','SELL','ENDED',80,0.56,11,'2023-04-23 10:22:15.426',NULL,'clgs40jg40005kr9726jsxqrh','clgs40jgq001lkr97t2dbn5zr'),('clgt9g0bx0033krrh6x9018hs','SELL','ENDED',50,0.57,24,'2023-04-23 10:22:25.965',NULL,'clgs40jg40005kr9726jsxqrh','clgs40jgq001pkr97vlgygb4r'),('clgt9g1fh0035krrhb3bb43ys','SELL','ENDED',50,0.57,24,'2023-04-23 10:22:27.389',NULL,'clgs40jg40005kr9726jsxqrh','clgs40jgq001pkr97vlgygb4r'),('clgt9g2hu0037krrhdyx6ru4d','SELL','ENDED',50,0.57,24,'2023-04-23 10:22:28.770',NULL,'clgs40jg40005kr9726jsxqrh','clgs40jgq001pkr97vlgygb4r'),('clgt9g3k00039krrhddoei4m2','SELL','ENDED',50,0.57,24,'2023-04-23 10:22:30.144',NULL,'clgs40jg40005kr9726jsxqrh','clgs40jgq001pkr97vlgygb4r'),('clgt9g4n5003bkrrh8avewfpt','SELL','RETURNED',50,0.57,24,'2023-04-23 10:22:31.554','2023-04-23 10:25:17.091','clgs40jg40005kr9726jsxqrh','clgs40jgq001pkr97vlgygb4r'),('clgt9g5kh003dkrrhztgex9ha','SELL','ENDED',50,0.57,24,'2023-04-23 10:22:32.753',NULL,'clgs40jg40005kr9726jsxqrh','clgs40jgq001pkr97vlgygb4r'),('clgt9g6q4003fkrrh3l12xqnf','SELL','ENDED',50,0.57,24,'2023-04-23 10:22:34.253',NULL,'clgs40jg40005kr9726jsxqrh','clgs40jgq001pkr97vlgygb4r'),('clgt9g7s8003hkrrhcglic6ro','SELL','ENDED',50,0.57,24,'2023-04-23 10:22:35.621',NULL,'clgs40jg40005kr9726jsxqrh','clgs40jgq001pkr97vlgygb4r'),('clgt9g8vt003jkrrh62yyqwig','SELL','ENDED',50,0.57,24,'2023-04-23 10:22:37.049',NULL,'clgs40jg40005kr9726jsxqrh','clgs40jgq001pkr97vlgygb4r'),('clgt9gh1d003lkrrhpefqfd6t','SELL','ENDED',101,0.54,4,'2023-04-23 10:22:47.617',NULL,'clgs40jg40005kr9726jsxqrh','clgs40jgq0027kr97bau2piw0'),('clgt9ghwb003nkrrhe7mxz9ct','SELL','ENDED',101,0.54,4,'2023-04-23 10:22:48.731',NULL,'clgs40jg40005kr9726jsxqrh','clgs40jgq0027kr97bau2piw0'),('clgt9giuk003pkrrhbviiapfz','SELL','ENDED',101,0.54,4,'2023-04-23 10:22:49.965',NULL,'clgs40jg40005kr9726jsxqrh','clgs40jgq0027kr97bau2piw0'),('clgt9hbhd003rkrrhqu8bqu65','SELL','RETURNED',101,0.54,5,'2023-04-23 10:23:27.073','2023-04-23 10:25:25.841','clgs40jg40005kr9726jsxqrh','clgs40jgq0027kr97bau2piw0'),('clgt9hvnj003tkrrhoxv92hje','SELL','ENDED',100,0.54,5,'2023-04-23 10:23:53.216',NULL,'clgs40jg40005kr9726jsxqrh','clgs40ji8003ykr97xrs7ydyn'),('clgt9hwue003vkrrhdfdd66yd','SELL','ENDED',100,0.54,5,'2023-04-23 10:23:54.758',NULL,'clgs40jg40005kr9726jsxqrh','clgs40ji8003ykr97xrs7ydyn'),('clgt9hxxc003xkrrh7x5o3ru1','SELL','ENDED',100,0.54,5,'2023-04-23 10:23:56.160',NULL,'clgs40jg40005kr9726jsxqrh','clgs40ji8003ykr97xrs7ydyn'),('clgt9hz2g003zkrrh6wwl54rq','SELL','ENDED',100,0.54,5,'2023-04-23 10:23:57.640',NULL,'clgs40jg40005kr9726jsxqrh','clgs40ji8003ykr97xrs7ydyn'),('clgt9i05z0041krrhp7zi35j5','SELL','ENDED',100,0.54,5,'2023-04-23 10:23:59.063',NULL,'clgs40jg40005kr9726jsxqrh','clgs40ji8003ykr97xrs7ydyn'),('clgt9i1ag0043krrhkw1nwyvi','SELL','ENDED',100,0.54,5,'2023-04-23 10:24:00.521',NULL,'clgs40jg40005kr9726jsxqrh','clgs40ji8003ykr97xrs7ydyn'),('clgt9i2b50045krrhcjfq3dzd','SELL','ENDED',100,0.54,5,'2023-04-23 10:24:01.841',NULL,'clgs40jg40005kr9726jsxqrh','clgs40ji8003ykr97xrs7ydyn'),('clgt9i3e60047krrhu7hs9175','SELL','ENDED',100,0.54,5,'2023-04-23 10:24:03.246',NULL,'clgs40jg40005kr9726jsxqrh','clgs40ji8003ykr97xrs7ydyn'),('clgt9i4dw0049krrh57wd955h','SELL','ENDED',100,0.54,5,'2023-04-23 10:24:04.533',NULL,'clgs40jg40005kr9726jsxqrh','clgs40ji8003ykr97xrs7ydyn'),('clgt9i5fc004bkrrhqt9tcar2','SELL','ENDED',100,0.54,5,'2023-04-23 10:24:05.880',NULL,'clgs40jg40005kr9726jsxqrh','clgs40ji8003ykr97xrs7ydyn'),('clgt9i6fb004dkrrhwoiedg3j','SELL','ENDED',100,0.54,5,'2023-04-23 10:24:07.176',NULL,'clgs40jg40005kr9726jsxqrh','clgs40ji8003ykr97xrs7ydyn'),('clgt9i7do004fkrrhu1enwcw0','SELL','ENDED',100,0.54,5,'2023-04-23 10:24:08.412',NULL,'clgs40jg40005kr9726jsxqrh','clgs40ji8003ykr97xrs7ydyn'),('clgt9i8cd004hkrrhdf0uz2vb','SELL','ENDED',100,0.54,5,'2023-04-23 10:24:09.662',NULL,'clgs40jg40005kr9726jsxqrh','clgs40ji8003ykr97xrs7ydyn'),('clgt9i9by004jkrrhwz6ilw8j','SELL','ENDED',100,0.54,5,'2023-04-23 10:24:10.942',NULL,'clgs40jg40005kr9726jsxqrh','clgs40ji8003ykr97xrs7ydyn'),('clgt9iadg004lkrrh0rg9eor8','SELL','ENDED',100,0.54,5,'2023-04-23 10:24:12.292',NULL,'clgs40jg40005kr9726jsxqrh','clgs40ji8003ykr97xrs7ydyn'),('clgt9igne004nkrrhvwehagig','SELL','ENDED',100,0.54,3,'2023-04-23 10:24:20.427',NULL,'clgs40jg40005kr9726jsxqrh','clgs40ji8003nkr97qi2mlvb2'),('clgt9ihkr004pkrrhnnvlf3zt','SELL','ENDED',100,0.54,3,'2023-04-23 10:24:21.627',NULL,'clgs40jg40005kr9726jsxqrh','clgs40ji8003nkr97qi2mlvb2'),('clgt9iibi004rkrrhfa1qpmvg','SELL','ENDED',100,0.54,3,'2023-04-23 10:24:22.591',NULL,'clgs40jg40005kr9726jsxqrh','clgs40ji8003nkr97qi2mlvb2'),('clgt9ij5i004tkrrhgt17sblh','SELL','ENDED',100,0.54,3,'2023-04-23 10:24:23.671',NULL,'clgs40jg40005kr9726jsxqrh','clgs40ji8003nkr97qi2mlvb2'),('clgt9ijyz004vkrrhpvt095am','SELL','ENDED',100,0.54,3,'2023-04-23 10:24:24.731',NULL,'clgs40jg40005kr9726jsxqrh','clgs40ji8003nkr97qi2mlvb2'),('clgt9iksx004xkrrhvtrgw1tj','SELL','ENDED',100,0.54,3,'2023-04-23 10:24:25.810',NULL,'clgs40jg40005kr9726jsxqrh','clgs40ji8003nkr97qi2mlvb2'),('clgt9ilo8004zkrrhbm5eruz0','SELL','ENDED',100,0.54,3,'2023-04-23 10:24:26.936',NULL,'clgs40jg40005kr9726jsxqrh','clgs40ji8003nkr97qi2mlvb2'),('clgt9itay0051krrhqkfqrqd6','SELL','ENDED',10,0.54,4,'2023-04-23 10:24:36.827',NULL,'clgs40jg40005kr9726jsxqrh','clgs40ji80040kr97ucc4hs70'),('clgt9iu4k0053krrhv7szb76i','SELL','ENDED',10,0.54,4,'2023-04-23 10:24:37.893',NULL,'clgs40jg40005kr9726jsxqrh','clgs40ji80040kr97ucc4hs70'),('clgt9iux30055krrh2sy2ia3w','SELL','ENDED',10,0.54,4,'2023-04-23 10:24:38.920',NULL,'clgs40jg40005kr9726jsxqrh','clgs40ji80040kr97ucc4hs70'),('clgt9ivqq0057krrhs9buo6zd','SELL','ENDED',10,0.54,4,'2023-04-23 10:24:39.986',NULL,'clgs40jg40005kr9726jsxqrh','clgs40ji80040kr97ucc4hs70'),('clgt9iwk90059krrh5943j82g','SELL','ENDED',10,0.54,4,'2023-04-23 10:24:41.049',NULL,'clgs40jg40005kr9726jsxqrh','clgs40ji80040kr97ucc4hs70'),('clgt9ixec005bkrrhh3i6qbgv','SELL','ENDED',10,0.54,4,'2023-04-23 10:24:42.133',NULL,'clgs40jg40005kr9726jsxqrh','clgs40ji80040kr97ucc4hs70'),('clgt9iy6b005dkrrh1muivdmy','SELL','ENDED',10,0.54,4,'2023-04-23 10:24:43.140',NULL,'clgs40jg40005kr9726jsxqrh','clgs40ji80040kr97ucc4hs70'),('clgt9iyyb005fkrrh5pf0cctk','SELL','ENDED',10,0.54,4,'2023-04-23 10:24:44.147',NULL,'clgs40jg40005kr9726jsxqrh','clgs40ji80040kr97ucc4hs70'),('clgt9izpt005hkrrh1tha14i6','SELL','ENDED',10,0.54,4,'2023-04-23 10:24:45.138',NULL,'clgs40jg40005kr9726jsxqrh','clgs40ji80040kr97ucc4hs70'),('clgt9j0h3005jkrrh1yatm0kp','SELL','ENDED',10,0.54,4,'2023-04-23 10:24:46.120',NULL,'clgs40jg40005kr9726jsxqrh','clgs40ji80040kr97ucc4hs70'),('clgt9j18z005lkrrh89bbmk7c','SELL','ENDED',10,0.54,4,'2023-04-23 10:24:47.123',NULL,'clgs40jg40005kr9726jsxqrh','clgs40ji80040kr97ucc4hs70'),('clgt9j1ya005nkrrhgfzlp4wk','SELL','ENDED',10,0.54,4,'2023-04-23 10:24:48.034',NULL,'clgs40jg40005kr9726jsxqrh','clgs40ji80040kr97ucc4hs70'),('clgt9j2qd005pkrrhs66a8tpp','SELL','ENDED',10,0.54,4,'2023-04-23 10:24:49.045',NULL,'clgs40jg40005kr9726jsxqrh','clgs40ji80040kr97ucc4hs70'),('clgt9j3j0005rkrrhzskgewa5','SELL','ENDED',10,0.54,4,'2023-04-23 10:24:50.076',NULL,'clgs40jg40005kr9726jsxqrh','clgs40ji80040kr97ucc4hs70'),('clgt9lz0e005tkrrh3hys4h12','SELL','ENDED',100,0.54,5,'2023-04-23 10:27:04.190','2023-04-24 07:07:04.481','clgs40jg40005kr9726jsxqrh','clgs40ji8003ykr97xrs7ydyn'),('clgt9mnwy005xkrrh4zdkl1uj','SELL','ENDED',101,0.54,4,'2023-04-23 10:27:36.466','2023-04-23 10:28:24.942','clgs40jg40005kr9726jsxqrh','clgs40jgq0027kr97bau2piw0'),('clgt9mx330061krrh3wrej2kl','SELL','ENDED',50,0.57,24,'2023-04-23 10:27:48.351','2023-04-27 07:01:00.884','clgs40jg40005kr9726jsxqrh','clgs40jgq001pkr97vlgygb4r'),('clgt9n5ja0063krrh935yhkug','SELL','ENDED',80,0.56,11,'2023-04-23 10:27:59.303','2023-04-24 16:21:06.183','clgs40jg40005kr9726jsxqrh','clgs40jgq001lkr97t2dbn5zr'),('clgt9o5co0065krrhx6uk4ql5','SELL','ENDED',100,0.54,3,'2023-04-23 10:28:45.720','2023-04-30 00:21:05.577','clgs40jg40005kr9726jsxqrh','clgs40ji8003nkr97qi2mlvb2'),('clgt9o9mk0067krrhxpkx0kfo','SELL','ENDED',10,0.54,4,'2023-04-23 10:28:51.261','2023-04-24 16:21:11.603','clgs40jg40005kr9726jsxqrh','clgs40ji80040kr97ucc4hs70'),('clgt9r6y90069krrh4elbmsck','SELL','RETURNED',101,0.54,4,'2023-04-23 10:31:07.761','2023-04-30 21:30:02.684','clgs40jg40005kr9726jsxqrh','clgs40jgq0027kr97bau2piw0'),('clguhwcm60001kr12tlsgb3fw','SELL','ENDED',100,0.54,5,'2023-04-24 07:06:51.487','2023-04-25 06:02:17.168','clgs40jg40005kr9726jsxqrh','clgs40ji8003ykr97xrs7ydyn'),('clgv1pnat0003kr125yfrugzl','SELL','ENDED',80,0.56,11,'2023-04-24 16:21:31.062','2023-04-26 16:28:34.037','clgs40jg40005kr9726jsxqrh','clgs40jgq001lkr97t2dbn5zr'),('clgv1pt7o0005kr12j7xjkv5t','SELL','ENDED',10,0.54,4,'2023-04-24 16:21:38.725','2023-04-27 16:55:53.630','clgs40jg40005kr9726jsxqrh','clgs40ji80040kr97ucc4hs70'),('clgvv1em10007kr126eebmvgg','SELL','ENDED',100,0.54,5,'2023-04-25 06:02:28.536','2023-04-28 18:56:01.396','clgs40jg40005kr9726jsxqrh','clgs40ji8003ykr97xrs7ydyn'),('clgxwulir0009kr12807g103r','SELL','ENDED',80,0.56,11,'2023-04-26 16:28:42.484','2023-05-02 16:39:07.389','clgs40jg40005kr9726jsxqrh','clgs40jgq001lkr97t2dbn5zr'),('clgys0kmr000bkr1268e3i8l5','SELL','ENDED',50,0.57,24,'2023-04-27 07:01:09.363','2023-04-28 18:56:04.179','clgs40jg40005kr9726jsxqrh','clgs40jgq001pkr97vlgygb4r'),('clgzd9nrj000dkr12va5v2kjx','SELL','ENDED',10,0.54,4,'2023-04-27 16:56:05.263','2023-05-02 06:05:53.768','clgs40jg40005kr9726jsxqrh','clgs40ji80040kr97ucc4hs70'),('clh0x0a8k000fkr12x4z2l51g','SELL','ENDED',50,0.57,24,'2023-04-28 18:56:26.324','2023-04-29 08:34:05.094','clgs40jg40005kr9726jsxqrh','clgs40jgq001pkr97vlgygb4r'),('clh0x1rr9000hkr12t34sd99u','SELL','ENDED',100,0.54,5,'2023-04-28 18:57:35.685','2023-04-29 08:34:11.416','clgs40jg40005kr9726jsxqrh','clgs40ji8003ykr97xrs7ydyn'),('clh1q8qgn000jkr12secokgcb','SELL','ENDED',100,0.54,5,'2023-04-29 08:34:49.463','2023-04-30 08:43:01.366','clgs40jg40005kr9726jsxqrh','clgs40ji8003ykr97xrs7ydyn'),('clh2o1x46000lkr12phdiq8tn','SELL','ENDED',100,0.54,3,'2023-04-30 00:21:18.438','2023-05-05 21:52:45.970','clgs40jg40005kr9726jsxqrh','clgs40ji8003nkr97qi2mlvb2'),('clh35zd15000nkr12bqkoqsme','SELL','ENDED',100,0.54,5,'2023-04-30 08:43:12.185','2023-04-30 21:29:57.309','clgs40jg40005kr9726jsxqrh','clgs40ji8003ykr97xrs7ydyn'),('clh3xdrmv0001kr7ca64fowwt','SELL','ENDED',100,0.54,5,'2023-04-30 21:30:13.928','2023-05-02 06:06:19.993','clgs40jg40005kr9726jsxqrh','clgs40ji8003ykr97xrs7ydyn'),('clh5v9qun0003kr7c1gtnmq7p','SELL','ENDED',100,0.54,5,'2023-05-02 06:06:39.407','2023-05-02 16:39:13.259','clgs40jg40005kr9726jsxqrh','clgs40ji8003ykr97xrs7ydyn'),('clh5va5250005kr7cbj71bujm','SELL','ENDED',10,0.54,4,'2023-05-02 06:06:57.821','2023-05-04 07:03:47.051','clgs40jg40005kr9726jsxqrh','clgs40ji80040kr97ucc4hs70'),('clh6hwjqj0007kr7cf7513lr3','SELL','ENDED',100,0.54,5,'2023-05-02 16:40:14.827','2023-05-05 21:52:48.787','clgs40jg40005kr9726jsxqrh','clgs40ji8003ykr97xrs7ydyn'),('clh6hwosk0009kr7cx6w4fu6h','SELL','ENDED',80,0.56,11,'2023-05-02 16:40:21.381','2023-05-06 21:39:40.710','clgs40jg40005kr9726jsxqrh','clgs40jgq001lkr97t2dbn5zr'),('clh8s74ia000bkr7cj0tnhnu0','SELL','ENDED',10,0.54,4,'2023-05-04 07:03:56.818','2023-05-06 08:48:50.194','clgs40jg40005kr9726jsxqrh','clgs40ji80040kr97ucc4hs70'),('clhb3eewm000dkr7c9ybl74jo','SELL','ENDED',100,0.54,5,'2023-05-05 21:53:05.015','2023-05-08 08:42:15.831','clgs40jg40005kr9726jsxqrh','clgs40ji8003ykr97xrs7ydyn'),('clhb3eimx000fkr7cyao6br2h','SELL','ENDED',100,0.54,3,'2023-05-05 21:53:09.850','2023-05-06 08:48:53.810','clgs40jg40005kr9726jsxqrh','clgs40ji8003nkr97qi2mlvb2'),('clhbqutr4000hkr7czgqnhl4v','SELL','ENDED',100,0.54,3,'2023-05-06 08:49:41.921','2023-05-06 21:39:46.675','clgs40jg40005kr9726jsxqrh','clgs40ji8003nkr97qi2mlvb2'),('clhbquwjz000jkr7c4t376xvy','SELL','ENDED',10,0.54,4,'2023-05-06 08:49:45.551','2023-05-07 08:42:45.920','clgs40jg40005kr9726jsxqrh','clgs40ji80040kr97ucc4hs70'),('clhbqyprf000lkr7c193e1ara','SELL','PROGRESS',101,0.54,4,'2023-05-06 08:52:43.371',NULL,'clgs40jg40005kr9726jsxqrh','clgs40jgq0027kr97bau2piw0'),('clhcidlpd000nkr7cpic43vzp','SELL','PROGRESS',80,0.56,11,'2023-05-06 21:40:07.586',NULL,'clgs40jg40005kr9726jsxqrh','clgs40jgq001lkr97t2dbn5zr'),('clhcidsgu000pkr7ch426iaz0','SELL','PROGRESS',100,0.54,3,'2023-05-06 21:40:16.350',NULL,'clgs40jg40005kr9726jsxqrh','clgs40ji8003nkr97qi2mlvb2'),('clhd622kz000rkr7cy4pjlkvy','SELL','ENDED',10,0.54,4,'2023-05-07 08:43:00.372','2023-05-08 08:42:18.127','clgs40jg40005kr9726jsxqrh','clgs40ji80040kr97ucc4hs70'),('clhelhvf1000tkr7cgx7yvzgg','SELL','PROGRESS',100,0.54,5,'2023-05-08 08:42:57.997',NULL,'clgs40jg40005kr9726jsxqrh','clgs40ji8003ykr97xrs7ydyn'),('clheli1e1000vkr7c0gwrynxa','SELL','PROGRESS',10,0.54,4,'2023-05-08 08:43:05.737',NULL,'clgs40jg40005kr9726jsxqrh','clgs40ji80040kr97ucc4hs70');
/*!40000 ALTER TABLE `Transaction` ENABLE KEYS */;
UNLOCK TABLES;

--
-- Table structure for table `User`
--

DROP TABLE IF EXISTS `User`;
/*!40101 SET @saved_cs_client     = @@character_set_client */;
/*!50503 SET character_set_client = utf8mb4 */;
CREATE TABLE `User` (
  `id` varchar(191) CHARACTER SET utf8mb4 COLLATE utf8mb4_unicode_ci NOT NULL,
  `firstname` varchar(50) CHARACTER SET utf8mb4 COLLATE utf8mb4_unicode_ci DEFAULT NULL,
  `lastname` varchar(50) CHARACTER SET utf8mb4 COLLATE utf8mb4_unicode_ci DEFAULT NULL,
  `pseudo` varchar(50) CHARACTER SET utf8mb4 COLLATE utf8mb4_unicode_ci DEFAULT NULL,
  `email` varchar(255) CHARACTER SET utf8mb4 COLLATE utf8mb4_unicode_ci NOT NULL,
  `createdAt` datetime(3) NOT NULL DEFAULT CURRENT_TIMESTAMP(3),
  `updatedAt` datetime(3) DEFAULT NULL,
  `isActive` tinyint(1) NOT NULL DEFAULT '1',
  `password` varchar(255) CHARACTER SET utf8mb4 COLLATE utf8mb4_unicode_ci NOT NULL,
  PRIMARY KEY (`id`),
  UNIQUE KEY `User_email_key` (`email`)
) ENGINE=InnoDB DEFAULT CHARSET=utf8mb4 COLLATE=utf8mb4_unicode_ci;
/*!40101 SET character_set_client = @saved_cs_client */;

--
-- Dumping data for table `User`
--

LOCK TABLES `User` WRITE;
/*!40000 ALTER TABLE `User` DISABLE KEYS */;
INSERT INTO `User` VALUES ('clgs40jg40004kr97wwgmpp5n','admin','site',NULL,'appmail@gmail.com','2023-04-22 15:02:39.986',NULL,1,'$2b$10$ygM6FGcN/5x0gYyIu3lv3.sBgi5gGbATAG9xi6q/zlnEDnOyOMgYC'),('clgs40jg40005kr9726jsxqrh','David','MOSCA',NULL,'david.mosca69@gmail.com','2023-04-22 15:02:39.986',NULL,1,'$2b$10$q0mz1SgBCvZ05BseTAfl7u86C605HW7DwtTGTTppKlG9cMbI71AAG'),('clgs40jg40006kr979o62f9rw','test','test',NULL,'test@test.com','2023-04-22 15:02:39.986',NULL,1,'$2b$10$bT3FWcDIzRviOVRajtO/JezCRlGrc.3g78us/tM/9/Y1o/u/5B63O');
/*!40000 ALTER TABLE `User` ENABLE KEYS */;
UNLOCK TABLES;

--
-- Table structure for table `_prisma_migrations`
--

DROP TABLE IF EXISTS `_prisma_migrations`;
/*!40101 SET @saved_cs_client     = @@character_set_client */;
/*!50503 SET character_set_client = utf8mb4 */;
CREATE TABLE `_prisma_migrations` (
  `id` varchar(36) CHARACTER SET utf8mb4 COLLATE utf8mb4_unicode_ci NOT NULL,
  `checksum` varchar(64) CHARACTER SET utf8mb4 COLLATE utf8mb4_unicode_ci NOT NULL,
  `finished_at` datetime(3) DEFAULT NULL,
  `migration_name` varchar(255) CHARACTER SET utf8mb4 COLLATE utf8mb4_unicode_ci NOT NULL,
  `logs` text CHARACTER SET utf8mb4 COLLATE utf8mb4_unicode_ci,
  `rolled_back_at` datetime(3) DEFAULT NULL,
  `started_at` datetime(3) NOT NULL DEFAULT CURRENT_TIMESTAMP(3),
  `applied_steps_count` int unsigned NOT NULL DEFAULT '0',
  PRIMARY KEY (`id`)
) ENGINE=InnoDB DEFAULT CHARSET=utf8mb4 COLLATE=utf8mb4_unicode_ci;
/*!40101 SET character_set_client = @saved_cs_client */;

--
-- Dumping data for table `_prisma_migrations`
--

LOCK TABLES `_prisma_migrations` WRITE;
/*!40000 ALTER TABLE `_prisma_migrations` DISABLE KEYS */;
INSERT INTO `_prisma_migrations` VALUES ('2fb3360b-cba6-4f83-9c12-cd8b3e29522b','2593028c90152d7cedb757a27f23e2d86a89844355091a28a4eea9d27af4dd22','2023-04-22 15:02:35.537','20230401164730_init',NULL,NULL,'2023-04-22 15:02:32.589',1),('df497001-cbac-445b-8ab2-63c490d25474','4821d88dfaf07310fe719f19802dc352f9614d49569a74f1ed6dfc76485b79c3','2023-05-08 10:40:13.446','20230508104012_refacto_base',NULL,NULL,'2023-05-08 10:40:12.096',1),('f415b65e-ae70-4dfb-b181-97b29ebfdc28','2dce5342cddc40fd8cb54fc6db686cd41fe2fc5d63a17680c57e4b85f5f6f0ba','2023-05-08 12:24:06.089','20230508122405_rename_table_and_add_fk_in_item_type',NULL,NULL,'2023-05-08 12:24:05.620',1);
/*!40000 ALTER TABLE `_prisma_migrations` ENABLE KEYS */;
UNLOCK TABLES;
/*!40103 SET TIME_ZONE=@OLD_TIME_ZONE */;

/*!40101 SET SQL_MODE=@OLD_SQL_MODE */;
/*!40014 SET FOREIGN_KEY_CHECKS=@OLD_FOREIGN_KEY_CHECKS */;
/*!40014 SET UNIQUE_CHECKS=@OLD_UNIQUE_CHECKS */;
/*!40101 SET CHARACTER_SET_CLIENT=@OLD_CHARACTER_SET_CLIENT */;
/*!40101 SET CHARACTER_SET_RESULTS=@OLD_CHARACTER_SET_RESULTS */;
/*!40101 SET COLLATION_CONNECTION=@OLD_COLLATION_CONNECTION */;
/*!40111 SET SQL_NOTES=@OLD_SQL_NOTES */;

-- Dump completed on 2023-05-08 16:07:27
