-- MySQL dump 10.13  Distrib 8.0.33, for Linux (x86_64)
--
-- Host: localhost    Database: eu_trade_next
-- ------------------------------------------------------
-- Server version	8.0.33-0ubuntu0.22.04.2

/*!40101 SET @OLD_CHARACTER_SET_CLIENT=@@CHARACTER_SET_CLIENT */;
/*!40101 SET @OLD_CHARACTER_SET_RESULTS=@@CHARACTER_SET_RESULTS */;
/*!40101 SET @OLD_COLLATION_CONNECTION=@@COLLATION_CONNECTION */;
/*!50503 SET NAMES utf8mb4 */;
/*!40103 SET @OLD_TIME_ZONE=@@TIME_ZONE */;
/*!40103 SET TIME_ZONE='+00:00' */;
/*!40014 SET @OLD_UNIQUE_CHECKS=@@UNIQUE_CHECKS, UNIQUE_CHECKS=0 */;
/*!40014 SET @OLD_FOREIGN_KEY_CHECKS=@@FOREIGN_KEY_CHECKS, FOREIGN_KEY_CHECKS=0 */;
/*!40101 SET @OLD_SQL_MODE=@@SQL_MODE, SQL_MODE='NO_AUTO_VALUE_ON_ZERO' */;
/*!40111 SET @OLD_SQL_NOTES=@@SQL_NOTES, SQL_NOTES=0 */;

--
-- Table structure for table `Item`
--

DROP TABLE IF EXISTS `Item`;
/*!40101 SET @saved_cs_client     = @@character_set_client */;
/*!50503 SET character_set_client = utf8mb4 */;
CREATE TABLE `Item` (
  `id` varchar(191) COLLATE utf8mb4_unicode_ci NOT NULL,
  `name` varchar(191) COLLATE utf8mb4_unicode_ci NOT NULL,
  `value` double NOT NULL DEFAULT '0',
  `imageUrlId` varchar(191) COLLATE utf8mb4_unicode_ci DEFAULT NULL,
  `isActive` tinyint(1) NOT NULL DEFAULT '1',
  `isLimied` tinyint(1) NOT NULL DEFAULT '0',
  `createdAt` datetime(3) NOT NULL DEFAULT CURRENT_TIMESTAMP(3),
  `modifiedAt` datetime(3) DEFAULT NULL,
  `itemTypeId` varchar(191) COLLATE utf8mb4_unicode_ci NOT NULL,
  PRIMARY KEY (`id`),
  UNIQUE KEY `Item_name_key` (`name`),
  KEY `Item_itemTypeId_fkey` (`itemTypeId`),
  CONSTRAINT `Item_itemTypeId_fkey` FOREIGN KEY (`itemTypeId`) REFERENCES `ItemType` (`id`) ON DELETE RESTRICT ON UPDATE CASCADE
) ENGINE=InnoDB DEFAULT CHARSET=utf8mb4 COLLATE=utf8mb4_unicode_ci;
/*!40101 SET character_set_client = @saved_cs_client */;

--
-- Dumping data for table `Item`
--

LOCK TABLES `Item` WRITE;
/*!40000 ALTER TABLE `Item` DISABLE KEYS */;
INSERT INTO `Item` VALUES ('clgs40jgi0007kr97cgt6kp7r','Adomasite Stone',0.6,'1818',1,0,'2023-04-22 15:02:40.002',NULL,'clgs40jfv0002kr97xp7k1oct'),('clgs40jgi0008kr97iw2qwdq1','Alferix Stone',0.95,'1637',1,0,'2023-04-22 15:02:40.002',NULL,'clgs40jfv0002kr97xp7k1oct'),('clgs40jgi0009kr97u0hxfm8e','Azzurdite Stone',1.02,'1381',1,0,'2023-04-22 15:02:40.002',NULL,'clgs40jfv0002kr97xp7k1oct'),('clgs40jgi000akr97gfddrgcr','Belkar Stone',0.02,'1545',1,0,'2023-04-22 15:02:40.002',NULL,'clgs40jfv0002kr97xp7k1oct'),('clgs40jgi000bkr97si0mg42w','Blausariam Stone',0.04,'1546',1,0,'2023-04-22 15:02:40.002',NULL,'clgs40jfv0002kr97xp7k1oct'),('clgs40jgi000ckr97q9oeh57l','Caldorite Stone',0.17,'1543',1,0,'2023-04-22 15:02:40.002',NULL,'clgs40jfv0002kr97xp7k1oct'),('clgs40jgi000dkr97mzye7wvk','Cobalt Stone',0.2,'1638',1,0,'2023-04-22 15:02:40.002',NULL,'clgs40jfv0002kr97xp7k1oct'),('clgs40jgi000ekr97nupdpuow','Copper Stone',0.16,'1554',1,0,'2023-04-22 15:02:40.002',NULL,'clgs40jfv0002kr97xp7k1oct'),('clgs40jgi000fkr97hwrkgffq','Cumbriz Stone',0.15,'1550',1,0,'2023-04-22 15:02:40.002',NULL,'clgs40jfv0002kr97xp7k1oct'),('clgs40jgi000gkr976qiqxs69','Dianum Ore',1.25,'1952',1,0,'2023-04-22 15:02:40.002',NULL,'clgs40jfv0002kr97xp7k1oct'),('clgs40jgi000hkr972rw7qbyn','Durulium Stone',0.8,'1548',1,0,'2023-04-22 15:02:40.002',NULL,'clgs40jfv0002kr97xp7k1oct'),('clgs40jgi000ikr971f2440ts','Erdorium Stone',0.4,'1636',1,0,'2023-04-22 15:02:40.002',NULL,'clgs40jfv0002kr97xp7k1oct'),('clgs40jgi000jkr97kwotlxf2','Erionite Stone',0.2,'3231',1,0,'2023-04-22 15:02:40.002',NULL,'clgs40jfv0002kr97xp7k1oct'),('clgs40jgi000kkr97bh4215vn','Frigulite Stone',0.12,'1951',1,0,'2023-04-22 15:02:40.002',NULL,'clgs40jfv0002kr97xp7k1oct'),('clgs40jgi000lkr97rzm6tdq2','Ganganite Stone',0.12,'1257',1,0,'2023-04-22 15:02:40.002',NULL,'clgs40jfv0002kr97xp7k1oct'),('clgs40jgi000mkr976tzmlpv4','Gazzurdite Stone',0.25,'1544',1,0,'2023-04-22 15:02:40.002',NULL,'clgs40jfv0002kr97xp7k1oct'),('clgs40jgi000nkr97kvvji4ly','Gold Stone',1,'1553',1,0,'2023-04-22 15:02:40.002',NULL,'clgs40jfv0002kr97xp7k1oct'),('clgs40jgi000okr974dwnd1cq','Hansidian Rock',0.01,'1719',1,0,'2023-04-22 15:02:40.002',NULL,'clgs40jfv0002kr97xp7k1oct'),('clgs40jgi000pkr97qzlyy138','Himi Rock',0.142,'2308',1,0,'2023-04-22 15:02:40.002',NULL,'clgs40jfv0002kr97xp7k1oct'),('clgs40jgi000qkr97ctvajanf','Ignisium Stone',0.7,'1549',1,0,'2023-04-22 15:02:40.002',NULL,'clgs40jfv0002kr97xp7k1oct'),('clgs40jgi000rkr973qxtlhdd','Iolite Stone',0.2,'3233',1,0,'2023-04-22 15:02:40.002',NULL,'clgs40jfv0002kr97xp7k1oct'),('clgs40jgi000skr972zsmq852','Iron Stone',0.13,'1541',1,0,'2023-04-22 15:02:40.002',NULL,'clgs40jfv0002kr97xp7k1oct'),('clgs40jgi000tkr975x409sqk','Kanerium Ore',2.5,'1541',1,0,'2023-04-22 15:02:40.002',NULL,'clgs40jfv0002kr97xp7k1oct'),('clgs40jgi000ukr97x4e841ou','Kirtz Stone',5.6,'1817',1,0,'2023-04-22 15:02:40.002',NULL,'clgs40jfv0002kr97xp7k1oct'),('clgs40jgi000vkr97fk2kfa59','Langotz Stone',0.9,'1552',1,0,'2023-04-22 15:02:40.002',NULL,'clgs40jfv0002kr97xp7k1oct'),('clgs40jgi000wkr97l7asxmt7','Lanorium Stone',0.22,'1273',1,0,'2023-04-22 15:02:40.002',NULL,'clgs40jfv0002kr97xp7k1oct'),('clgs40jgi000xkr971iw08830','Lysterium Stone',0.01,'1540',1,0,'2023-04-22 15:02:40.002',NULL,'clgs40jfv0002kr97xp7k1oct'),('clgs40jgi000ykr97nbk8tdkj','Maganite Ore',1.05,'1539',1,0,'2023-04-22 15:02:40.002',NULL,'clgs40jfv0002kr97xp7k1oct'),('clgs40jgi000zkr97f541nwol','Megan Stone',0.18,'1542',1,0,'2023-04-22 15:02:40.002',NULL,'clgs40jfv0002kr97xp7k1oct'),('clgs40jgi0010kr97lsmtpt42','Morpheus Stone',0.83,'1966',1,0,'2023-04-22 15:02:40.002',NULL,'clgs40jfv0002kr97xp7k1oct'),('clgs40jgi0011kr979zkut7r0','Narcanisum Stone',0.08,'1556',1,0,'2023-04-22 15:02:40.002',NULL,'clgs40jfv0002kr97xp7k1oct'),('clgs40jgi0012kr97r7xn7ze4','Niksarium Stone',0.65,'1551',1,0,'2023-04-22 15:02:40.002',NULL,'clgs40jfv0002kr97xp7k1oct'),('clgs40jgi0013kr97kozikdg5','Petonium Stone',1.79,'1256',1,0,'2023-04-22 15:02:40.002',NULL,'clgs40jfv0002kr97xp7k1oct'),('clgs40jgi0014kr97ljoyfwmd','Platinum Stone',3,'1950',1,0,'2023-04-22 15:02:40.002',NULL,'clgs40jfv0002kr97xp7k1oct'),('clgs40jgi0015kr978wbg5vfm','Pyrite Stone',0.2,'3235',1,0,'2023-04-22 15:02:40.002',NULL,'clgs40jfv0002kr97xp7k1oct'),('clgs40jgi0016kr97ed789ikp','Quantium Stone',0.6,'1639',1,0,'2023-04-22 15:02:40.002',NULL,'clgs40jfv0002kr97xp7k1oct'),('clgs40jgi0017kr977dcktuyp','Redulite Ore',2.2,'2848',1,0,'2023-04-22 15:02:40.002',NULL,'clgs40jfv0002kr97xp7k1oct'),('clgs40jgi0018kr97jzu4v2ps','Rugaritz Ore',1.5,'3235',1,0,'2023-04-22 15:02:40.002',NULL,'clgs40jfv0002kr97xp7k1oct'),('clgs40jgi0019kr973hqbh75b','Terrudite Stone',1.1,'1555',1,0,'2023-04-22 15:02:40.002',NULL,'clgs40jfv0002kr97xp7k1oct'),('clgs40jgi001akr97gfq9un6q','Tridenite Ore',2,'2655',1,0,'2023-04-22 15:02:40.002',NULL,'clgs40jfv0002kr97xp7k1oct'),('clgs40jgi001bkr97syrsnamd','Valurite Stone',6,'1640',1,0,'2023-04-22 15:02:40.002',NULL,'clgs40jfv0002kr97xp7k1oct'),('clgs40jgi001ckr97vjmb4cnf','Vesperdite Ore',1.8,'2844',1,0,'2023-04-22 15:02:40.002',NULL,'clgs40jfv0002kr97xp7k1oct'),('clgs40jgi001dkr97xu2babq1','Xemerite Ore',4,'2567',1,0,'2023-04-22 15:02:40.002',NULL,'clgs40jfv0002kr97xp7k1oct'),('clgs40jgi001ekr9757yl5xas','Zanderium Ore',2.5,'2696',1,0,'2023-04-22 15:02:40.002',NULL,'clgs40jfv0002kr97xp7k1oct'),('clgs40jgi001fkr977mmran30','Zinc Stone',0.1,'1547',1,0,'2023-04-22 15:02:40.002',NULL,'clgs40jfv0002kr97xp7k1oct'),('clgs40jgq001gkr97i2upy556','Alternative Rock',0.01,'3732',1,0,'2023-04-22 15:02:40.010',NULL,'clgs40jfv0003kr975qoce83q'),('clgs40jgq001hkr978p2a4v4j','Adomasite Ingot',1.8,'1731',1,0,'2023-04-22 15:02:40.010',NULL,'clgs40jfv0003kr975qoce83q'),('clgs40jgq001ikr97xlwvbqtm','Alferix Ingot',2.85,'1500',1,0,'2023-04-22 15:02:40.010',NULL,'clgs40jfv0003kr975qoce83q'),('clgs40jgq001jkr979zvek9i3','Azzurdite Ingot',3.06,'1501',1,0,'2023-04-22 15:02:40.010',NULL,'clgs40jfv0003kr975qoce83q'),('clgs40jgq001kkr973p9t6hyv','Belkar Ingot',0.06,'1502',1,0,'2023-04-22 15:02:40.010',NULL,'clgs40jfv0003kr975qoce83q'),('clgs40jgq001lkr97t2dbn5zr','Blausariam Ingot',0.12,'1503',1,0,'2023-04-22 15:02:40.010',NULL,'clgs40jfv0003kr975qoce83q'),('clgs40jgq001mkr97sacey874','Caldorite Ingot',0.51,'1504',1,0,'2023-04-22 15:02:40.010',NULL,'clgs40jfv0003kr975qoce83q'),('clgs40jgq001nkr97wdjq85td','Cobalt Ingot',0.6,'1505',1,0,'2023-04-22 15:02:40.010',NULL,'clgs40jfv0003kr975qoce83q'),('clgs40jgq001okr97inbvwjez','Copper Ingot',0.48,'1506',1,0,'2023-04-22 15:02:40.010',NULL,'clgs40jfv0003kr975qoce83q'),('clgs40jgq001pkr97vlgygb4r','Cumbriz Ingot',0.45,'1507',1,0,'2023-04-22 15:02:40.010',NULL,'clgs40jfv0003kr975qoce83q'),('clgs40jgq001qkr974ki2xcvn','Dianum Ingot',3.75,'1509',1,0,'2023-04-22 15:02:40.010',NULL,'clgs40jfv0003kr975qoce83q'),('clgs40jgq001rkr97j16z2d8u','Durulium Ingot',2.4,'1510',1,0,'2023-04-22 15:02:40.010',NULL,'clgs40jfv0003kr975qoce83q'),('clgs40jgq001skr97vwgjuc0v','Erdorium Ingot',0.24,'1511',1,0,'2023-04-22 15:02:40.010',NULL,'clgs40jfv0003kr975qoce83q'),('clgs40jgq001tkr97vmn8tqyv','Erionite Ingot',0.6,'3232',1,0,'2023-04-22 15:02:40.010',NULL,'clgs40jfv0003kr975qoce83q'),('clgs40jgq001ukr97c3tll85i','Frigulite Ingot',0.36,'1512',1,0,'2023-04-22 15:02:40.010',NULL,'clgs40jfv0003kr975qoce83q'),('clgs40jgq001vkr97tare7jku','Ganganite Ingot',0.36,'1513',1,0,'2023-04-22 15:02:40.010',NULL,'clgs40jfv0003kr975qoce83q'),('clgs40jgq001wkr97tn76haa6','Gazzurdite Ingot',0.75,'1514',1,0,'2023-04-22 15:02:40.010',NULL,'clgs40jfv0003kr975qoce83q'),('clgs40jgq001xkr97badmv198','Gold Ingot',3,'1515',1,0,'2023-04-22 15:02:40.010',NULL,'clgs40jfv0003kr975qoce83q'),('clgs40jgq001ykr97lecpi3xt','Himi Ingot',0.426,'1949',1,0,'2023-04-22 15:02:40.010',NULL,'clgs40jfv0003kr975qoce83q'),('clgs40jgq001zkr973v4yz8sr','Hansidian Ingot',0.03,'1720',1,0,'2023-04-22 15:02:40.010',NULL,'clgs40jfv0003kr975qoce83q'),('clgs40jgq0020kr97gvphyuei','Ignisium Ingot',0.21,'1516',1,0,'2023-04-22 15:02:40.010',NULL,'clgs40jfv0003kr975qoce83q'),('clgs40jgq0021kr97gfaee7ed','Iolite Ingot',0.6,'3234',1,0,'2023-04-22 15:02:40.010',NULL,'clgs40jfv0003kr975qoce83q'),('clgs40jgq0022kr972kw9k6ss','Iron Ingot',0.36,'1517',1,0,'2023-04-22 15:02:40.010',NULL,'clgs40jfv0003kr975qoce83q'),('clgs40jgq0023kr9710bslli7','Kanerium Ingot',7.5,'929',1,0,'2023-04-22 15:02:40.010',NULL,'clgs40jfv0003kr975qoce83q'),('clgs40jgq0024kr97oic2feo1','Kirtz Ingot',16.8,'1519',1,0,'2023-04-22 15:02:40.010',NULL,'clgs40jfv0003kr975qoce83q'),('clgs40jgq0025kr97wepvo1gu','Langotz Ingot',2.7,'1520',1,0,'2023-04-22 15:02:40.010',NULL,'clgs40jfv0003kr975qoce83q'),('clgs40jgq0026kr97mzatasnz','Lanorium Ingot',0.66,'1521',1,0,'2023-04-22 15:02:40.010',NULL,'clgs40jfv0003kr975qoce83q'),('clgs40jgq0027kr97bau2piw0','Lysterium Ingot',0.03,'1522',1,0,'2023-04-22 15:02:40.010',NULL,'clgs40jfv0003kr975qoce83q'),('clgs40jgq0028kr97m3czgb1j','Maganite Ingot',3.06,'1523',1,0,'2023-04-22 15:02:40.010',NULL,'clgs40jfv0003kr975qoce83q'),('clgs40jgq0029kr974351roe5','Megan Ingot',0.54,'1524',1,0,'2023-04-22 15:02:40.010',NULL,'clgs40jfv0003kr975qoce83q'),('clgs40jgq002akr97t13hrdc4','Morpheus Ingot',2.49,'1967',1,0,'2023-04-22 15:02:40.010',NULL,'clgs40jfv0003kr975qoce83q'),('clgs40jgq002bkr97m69hogya','Narcanisum Ingot',0.24,'1525',1,0,'2023-04-22 15:02:40.010',NULL,'clgs40jfv0003kr975qoce83q'),('clgs40jgq002ckr97heb0nquf','Niksarium Ingot',1.98,'1526',1,0,'2023-04-22 15:02:40.010',NULL,'clgs40jfv0003kr975qoce83q'),('clgs40jgq002dkr97ejr42r7s','Petonium Ingot',5.37,'1527',1,0,'2023-04-22 15:02:40.010',NULL,'clgs40jfv0003kr975qoce83q'),('clgs40jgq002ekr9709nwn777','Platinum Ingot',9,'1908',1,0,'2023-04-22 15:02:40.010',NULL,'clgs40jfv0003kr975qoce83q'),('clgs40jgq002fkr97x464yuqh','Pyrite Ingot',0.6,'3236',1,0,'2023-04-22 15:02:40.010',NULL,'clgs40jfv0003kr975qoce83q'),('clgs40jgq002gkr97i36gutcv','Quantium Ingot',1.8,'1528',1,0,'2023-04-22 15:02:40.010',NULL,'clgs40jfv0003kr975qoce83q'),('clgs40jgq002hkr97488sljqx','Redulite Ingot',6.6,'2846',1,0,'2023-04-22 15:02:40.010',NULL,'clgs40jfv0003kr975qoce83q'),('clgs40jgq002ikr97llbplptw','Rugaritz Ingot',4.5,'1529',1,0,'2023-04-22 15:02:40.010',NULL,'clgs40jfv0003kr975qoce83q'),('clgs40jgq002jkr97o6bliqb6','Terrudite Ingot',3.3,'1530',1,0,'2023-04-22 15:02:40.010',NULL,'clgs40jfv0003kr975qoce83q'),('clgs40jgq002kkr975ceebuej','Tridenite Ingot',6,'2309',1,0,'2023-04-22 15:02:40.010',NULL,'clgs40jfv0003kr975qoce83q'),('clgs40jgq002lkr973s7wzkvm','Valurite Ingot',18,'1531',1,0,'2023-04-22 15:02:40.010',NULL,'clgs40jfv0003kr975qoce83q'),('clgs40jgq002mkr97qjzwtfjt','Vesperdite Ingot',5.4,'2845',1,0,'2023-04-22 15:02:40.010',NULL,'clgs40jfv0003kr975qoce83q'),('clgs40jgq002nkr97umgqqkhe','Xemerite Ingot',12,'1909',1,0,'2023-04-22 15:02:40.010',NULL,'clgs40jfv0003kr975qoce83q'),('clgs40jgq002okr97qqxxrsp1','Zanderium Ingot',7.5,'3050',1,0,'2023-04-22 15:02:40.010',NULL,'clgs40jfv0003kr975qoce83q'),('clgs40jgq002pkr97btpy0pk9','Zinc Ingot',0.3,'1532',1,0,'2023-04-22 15:02:40.010',NULL,'clgs40jfv0003kr975qoce83q'),('clgs40jgy002qkr9732ov5ipf','Acid Root',0.32,'1271',1,0,'2023-04-22 15:02:40.011',NULL,'clgs40jfv0000kr97eiehfpyd'),('clgs40jgy002rkr97u2v5yz9n','Alicenies Liquid',0.05,'368',1,0,'2023-04-22 15:02:40.011',NULL,'clgs40jfv0000kr97eiehfpyd'),('clgs40jgy002skr97k1v9msxw','Angelic Grit',0.5,'707',1,0,'2023-04-22 15:02:40.011',NULL,'clgs40jfv0000kr97eiehfpyd'),('clgs40jgy002tkr97k151r9jo','Angel Scales',0.01,'1900',1,0,'2023-04-22 15:02:40.011',NULL,'clgs40jfv0000kr97eiehfpyd'),('clgs40jgy002ukr97j0fy4y08','Ares Head',0.26,'708',1,0,'2023-04-22 15:02:40.011',NULL,'clgs40jfv0000kr97eiehfpyd'),('clgs40jgy002vkr97l31voguj','Azur Pearl',0.96,'1255',1,0,'2023-04-22 15:02:40.011',NULL,'clgs40jfv0000kr97eiehfpyd'),('clgs40jgy002wkr97i53dt2e1','Binary Fluid',0.75,'1392',1,0,'2023-04-22 15:02:40.011',NULL,'clgs40jfv0000kr97eiehfpyd'),('clgs40jgy002xkr97cfh65szq','Blood Moss',0.09,'1820',1,0,'2023-04-22 15:02:40.011',NULL,'clgs40jfv0000kr97eiehfpyd'),('clgs40jgy002ykr97184a1ka6','Cave Sap',0.39,'1270',1,0,'2023-04-22 15:02:40.011',NULL,'clgs40jfv0000kr97eiehfpyd'),('clgs40jgy002zkr97lhzz9shk','Crude Oil',0.01,'395',1,0,'2023-04-22 15:02:40.011',NULL,'clgs40jfv0000kr97eiehfpyd'),('clgs40jgy0030kr97sx2yi7qo','Dianthus Liquid',0.3,'3202',1,0,'2023-04-22 15:02:40.011',NULL,'clgs40jfv0000kr97eiehfpyd'),('clgs40jgy0031kr979f0l3rrj','Dunkel Particle',0.55,'3526',1,0,'2023-04-22 15:02:40.011',NULL,'clgs40jfv0000kr97eiehfpyd'),('clgs40jgy0032kr97ndwaje55','Energized Crystal',0.3,'3203',1,0,'2023-04-22 15:02:40.011',NULL,'clgs40jfv0000kr97eiehfpyd'),('clgs40jgy0033kr97irlje79n','Ferrum Nuts',1,'1965',1,0,'2023-04-22 15:02:40.011',NULL,'clgs40jfv0000kr97eiehfpyd'),('clgs40jgy0034kr97k5tsglja','File Root Globule',0.3,'3230',1,0,'2023-04-22 15:02:40.011',NULL,'clgs40jfv0000kr97eiehfpyd'),('clgs40jgy0035kr97m76kr3y9','Garcen Grease',0.1,'699',1,0,'2023-04-22 15:02:40.011',NULL,'clgs40jfv0000kr97eiehfpyd'),('clgs40jgy0036kr97irujibl0','Henren Stems',0.63,'2697',1,0,'2023-04-22 15:02:40.011',NULL,'clgs40jfv0000kr97eiehfpyd'),('clgs40jgy0037kr97p5bqrtz0','Lumis Leach',0.42,'1488',1,0,'2023-04-22 15:02:40.011',NULL,'clgs40jfv0000kr97eiehfpyd'),('clgs40jgy0038kr97jjf9oscl','Lytairian Dust',0.19,'949',1,0,'2023-04-22 15:02:40.011',NULL,'clgs40jfv0000kr97eiehfpyd'),('clgs40jgy0039kr978kzmey05','Magerian Mist',0.25,'526',1,0,'2023-04-22 15:02:40.011',NULL,'clgs40jfv0000kr97eiehfpyd'),('clgs40jgy003akr97douxsl5l','Melchi Water',0.02,'706',1,0,'2023-04-22 15:02:40.011',NULL,'clgs40jfv0000kr97eiehfpyd'),('clgs40jgy003bkr977tfeiatu','Solis Bean',0.78,'2044',1,0,'2023-04-22 15:02:40.011',NULL,'clgs40jfv0000kr97eiehfpyd'),('clgs40jgy003ckr97ij33v59b','Typonolic Steam',0.15,'1254',1,0,'2023-04-22 15:02:40.011',NULL,'clgs40jfv0000kr97eiehfpyd'),('clgs40jgy003dkr97foql1vqm','Vegetation Spores',0.4,'2307',1,0,'2023-04-22 15:02:40.011',NULL,'clgs40jfv0000kr97eiehfpyd'),('clgs40ji7003ekr971fvz9njl','Root Acid',0.64,'1276',1,0,'2023-04-22 15:02:40.013',NULL,'clgs40jfv0001kr97e8lxbn1i'),('clgs40ji7003fkr97fqq3ihnl','Alicenies Gel',0.1,'1373',1,0,'2023-04-22 15:02:40.013',NULL,'clgs40jfv0001kr97e8lxbn1i'),('clgs40ji8003gkr9762n8kx03','Angelic Flakes',1,'364',1,0,'2023-04-22 15:02:40.013',NULL,'clgs40jfv0001kr97e8lxbn1i'),('clgs40ji8003hkr97z3qmejnh','Light Mail',0.02,'1902',1,0,'2023-04-22 15:02:40.013',NULL,'clgs40jfv0001kr97e8lxbn1i'),('clgs40ji8003ikr97wpi3ao3c','Ares Powder',0.52,'1375',1,0,'2023-04-22 15:02:40.013',NULL,'clgs40jfv0001kr97e8lxbn1i'),('clgs40ji8003jkr97d31docn3','Pearl Sand',1.92,'1252',1,0,'2023-04-22 15:02:40.013',NULL,'clgs40jfv0001kr97e8lxbn1i'),('clgs40ji8003kkr97b5rbz6b0','Binary Energy',1.5,'1177',1,0,'2023-04-22 15:02:40.013',NULL,'clgs40jfv0001kr97e8lxbn1i'),('clgs40ji8003lkr97nlo9jzs2','Medical Compress',0.18,'1819',1,0,'2023-04-22 15:02:40.013',NULL,'clgs40jfv0001kr97e8lxbn1i'),('clgs40ji8003mkr973eg67gpd','Putty',0.78,'1277',1,0,'2023-04-22 15:02:40.013',NULL,'clgs40jfv0001kr97e8lxbn1i'),('clgs40ji8003nkr97qi2mlvb2','Oil',0.02,'371',1,0,'2023-04-22 15:02:40.013',NULL,'clgs40jfv0001kr97e8lxbn1i'),('clgs40ji8003okr97pwfsihz2','Dianthus Crystal Powder',0.6,'3205',1,0,'2023-04-22 15:02:40.013',NULL,'clgs40jfv0001kr97e8lxbn1i'),('clgs40ji8003pkr97yh7btxqb','Dunkel Plastix',1.1,'1656',1,0,'2023-04-22 15:02:40.013',NULL,'clgs40jfv0001kr97e8lxbn1i'),('clgs40ji8003qkr97eeyt5ndt','Energized Crystal Cell',0.6,'3206',1,0,'2023-04-22 15:02:40.013',NULL,'clgs40jfv0001kr97e8lxbn1i'),('clgs40ji8003rkr97wyur1kit','Antimagnetic Oil',2,'1903',1,0,'2023-04-22 15:02:40.013',NULL,'clgs40jfv0001kr97e8lxbn1i'),('clgs40ji8003skr97tdd5wcli','File Root Pellet',0.6,'3204',1,0,'2023-04-22 15:02:40.013',NULL,'clgs40jfv0001kr97e8lxbn1i'),('clgs40ji8003tkr971p7vov59','Garcen Lubricant',0.2,'1227',1,0,'2023-04-22 15:02:40.013',NULL,'clgs40jfv0001kr97e8lxbn1i'),('clgs40ji8003ukr97m1e3sfax','Henren Cube',1.26,'2693',1,0,'2023-04-22 15:02:40.013',NULL,'clgs40jfv0001kr97e8lxbn1i'),('clgs40ji8003vkr97bh0pqp0k','Light Liquid',0.84,'1498',1,0,'2023-04-22 15:02:40.013',NULL,'clgs40jfv0001kr97e8lxbn1i'),('clgs40ji8003wkr97o90rg0fh','Lytairian Powder',0.38,'950',1,0,'2023-04-22 15:02:40.013',NULL,'clgs40jfv0001kr97e8lxbn1i'),('clgs40ji8003xkr97w9irx5l9','Magerian Spray',0.5,'1660',1,0,'2023-04-22 15:02:40.013',NULL,'clgs40jfv0001kr97e8lxbn1i'),('clgs40ji8003ykr97xrs7ydyn','Melchi Crystal',0.04,'1904',1,0,'2023-04-22 15:02:40.013',NULL,'clgs40jfv0001kr97e8lxbn1i'),('clgs40ji8003zkr976gedgijk','Chalmon',1.56,'1730',1,0,'2023-04-22 15:02:40.013',NULL,'clgs40jfv0001kr97e8lxbn1i'),('clgs40ji80040kr97ucc4hs70','Typonolic Gas',0.3,'1662',1,0,'2023-04-22 15:02:40.013',NULL,'clgs40jfv0001kr97e8lxbn1i'),('clgs40ji80041kr97v8lshglb','Inhaler',0.8,'1901',1,0,'2023-04-22 15:02:40.013',NULL,'clgs40jfv0001kr97e8lxbn1i');
/*!40000 ALTER TABLE `Item` ENABLE KEYS */;
UNLOCK TABLES;

--
-- Table structure for table `ItemCategory`
--

DROP TABLE IF EXISTS `ItemCategory`;
/*!40101 SET @saved_cs_client     = @@character_set_client */;
/*!50503 SET character_set_client = utf8mb4 */;
CREATE TABLE `ItemCategory` (
  `id` varchar(191) COLLATE utf8mb4_unicode_ci NOT NULL,
  `name` varchar(191) COLLATE utf8mb4_unicode_ci NOT NULL,
  `isActive` tinyint(1) NOT NULL DEFAULT '1',
  `createdAt` datetime(3) NOT NULL DEFAULT CURRENT_TIMESTAMP(3),
  `modifiedAt` datetime(3) DEFAULT NULL,
  PRIMARY KEY (`id`),
  UNIQUE KEY `ItemCategory_name_key` (`name`)
) ENGINE=InnoDB DEFAULT CHARSET=utf8mb4 COLLATE=utf8mb4_unicode_ci;
/*!40101 SET character_set_client = @saved_cs_client */;

--
-- Dumping data for table `ItemCategory`
--

LOCK TABLES `ItemCategory` WRITE;
/*!40000 ALTER TABLE `ItemCategory` DISABLE KEYS */;
INSERT INTO `ItemCategory` VALUES ('clhm6yszq0000ptj5zaq2gzwa','Ressources',1,'2023-05-13 16:18:23.175',NULL);
/*!40000 ALTER TABLE `ItemCategory` ENABLE KEYS */;
UNLOCK TABLES;

--
-- Table structure for table `ItemType`
--

DROP TABLE IF EXISTS `ItemType`;
/*!40101 SET @saved_cs_client     = @@character_set_client */;
/*!50503 SET character_set_client = utf8mb4 */;
CREATE TABLE `ItemType` (
  `id` varchar(191) COLLATE utf8mb4_unicode_ci NOT NULL,
  `name` varchar(191) COLLATE utf8mb4_unicode_ci NOT NULL,
  `isActive` tinyint(1) NOT NULL DEFAULT '1',
  `isStackable` tinyint(1) NOT NULL DEFAULT '1',
  `createdAt` datetime(3) NOT NULL DEFAULT CURRENT_TIMESTAMP(3),
  `modifiedAt` datetime(3) DEFAULT NULL,
  `itemCategoryId` varchar(191) COLLATE utf8mb4_unicode_ci NOT NULL,
  PRIMARY KEY (`id`),
  UNIQUE KEY `ItemType_name_key` (`name`),
  KEY `ItemType_itemCategoryId_fkey` (`itemCategoryId`),
  CONSTRAINT `ItemType_itemCategoryId_fkey` FOREIGN KEY (`itemCategoryId`) REFERENCES `ItemCategory` (`id`) ON DELETE RESTRICT ON UPDATE CASCADE
) ENGINE=InnoDB DEFAULT CHARSET=utf8mb4 COLLATE=utf8mb4_unicode_ci;
/*!40101 SET character_set_client = @saved_cs_client */;

--
-- Dumping data for table `ItemType`
--

LOCK TABLES `ItemType` WRITE;
/*!40000 ALTER TABLE `ItemType` DISABLE KEYS */;
INSERT INTO `ItemType` VALUES ('clgs40jfv0000kr97eiehfpyd','Enmatter',1,1,'2023-04-22 15:02:39.980',NULL,'clhm6yszq0000ptj5zaq2gzwa'),('clgs40jfv0001kr97e8lxbn1i','Refined Enmatter',1,1,'2023-04-22 15:02:39.980',NULL,'clhm6yszq0000ptj5zaq2gzwa'),('clgs40jfv0002kr97xp7k1oct','Ore',1,1,'2023-04-22 15:02:39.980',NULL,'clhm6yszq0000ptj5zaq2gzwa'),('clgs40jfv0003kr975qoce83q','Refined Ore',1,1,'2023-04-22 15:02:39.980',NULL,'clhm6yszq0000ptj5zaq2gzwa');
/*!40000 ALTER TABLE `ItemType` ENABLE KEYS */;
UNLOCK TABLES;

--
-- Table structure for table `Session`
--

DROP TABLE IF EXISTS `Session`;
/*!40101 SET @saved_cs_client     = @@character_set_client */;
/*!50503 SET character_set_client = utf8mb4 */;
CREATE TABLE `Session` (
  `id` varchar(191) COLLATE utf8mb4_unicode_ci NOT NULL,
  `clickCount` int DEFAULT NULL,
  `context` enum('TRADE','MINING','CRAFT') COLLATE utf8mb4_unicode_ci DEFAULT NULL,
  `status` enum('ACTIVE','SOLDED') COLLATE utf8mb4_unicode_ci DEFAULT NULL,
  `state` enum('OPEN','CLOSE') COLLATE utf8mb4_unicode_ci DEFAULT NULL,
  `totalOutTT` double DEFAULT '0',
  `totalOutTTC` double DEFAULT '0',
  `totalInTT` double DEFAULT '0',
  `totalInTTC` double DEFAULT '0',
  `totalFee` double DEFAULT '0',
  PRIMARY KEY (`id`)
) ENGINE=InnoDB DEFAULT CHARSET=utf8mb4 COLLATE=utf8mb4_unicode_ci;
/*!40101 SET character_set_client = @saved_cs_client */;

--
-- Dumping data for table `Session`
--

LOCK TABLES `Session` WRITE;
/*!40000 ALTER TABLE `Session` DISABLE KEYS */;
INSERT INTO `Session` VALUES ('clhx8l3do0000ptn9gl2eky1w',NULL,'TRADE','ACTIVE','CLOSE',0,0,0,0,0),('clhx8l3du0002ptn9wt929l32',NULL,'TRADE','ACTIVE','CLOSE',0,0,0,0,0),('clhx8l3du0003ptn956y7aqof',NULL,'TRADE','ACTIVE','CLOSE',0,0,0,0,0),('clhx8l3du0005ptn9rytwze20',NULL,'TRADE','SOLDED','CLOSE',0,0,0,0,0),('clhx8l3du0008ptn9wuhkeyqq',NULL,'TRADE','ACTIVE','CLOSE',0,0,0,0,0),('clhx8l3du0009ptn9gt7mee1x',NULL,'TRADE','ACTIVE','CLOSE',0,0,0,0,0),('clhx8l3du000cptn9cbuk0sas',NULL,'TRADE','SOLDED','CLOSE',0,0,0,0,0),('clhx8l3du000eptn9fwyd9fiv',NULL,'TRADE','ACTIVE','CLOSE',0,0,0,0,0),('clhx8l3du000fptn95rm738t1',NULL,'TRADE','ACTIVE','CLOSE',0,0,0,0,0),('clhx8l3du000gptn9qsj77l27',NULL,'TRADE','ACTIVE','CLOSE',0,0,0,0,0),('clhx8l3du000jptn9asq1d6l8',NULL,'TRADE','SOLDED','CLOSE',0,0,0,0,0),('clhx8l3dv000lptn9vnv85np1',NULL,'TRADE','ACTIVE','CLOSE',0,0,0,0,0),('clhx8l3dv000nptn9ehsbl6g5',NULL,'TRADE','ACTIVE','CLOSE',0,0,0,0,0),('clhx8l3dv000qptn9uapfxpcx',NULL,'TRADE','ACTIVE','CLOSE',0,0,0,0,0),('clhx8l3dv000rptn9bow1g671',NULL,'TRADE','ACTIVE','CLOSE',0,0,0,0,0),('clhx8l3dv000uptn9pfyv7prq',NULL,'TRADE','ACTIVE','CLOSE',0,0,0,0,0),('clhx8l3dv000wptn972aj8kgk',NULL,'TRADE','ACTIVE','CLOSE',0,0,0,0,0),('clhx8l3e7000yptn9lax89bzw',NULL,'TRADE','SOLDED','CLOSE',0,0,0,0,0),('clhx8l3ec0010ptn9wcs9187y',NULL,'TRADE','SOLDED','CLOSE',0,0,0,0,0),('clhx8l3ec0011ptn9i2caesek',NULL,'TRADE','SOLDED','CLOSE',0,0,0,0,0),('clhx8l3ec0012ptn9i6echbsg',NULL,'TRADE','SOLDED','CLOSE',0,0,0,0,0),('clhx8l3ec0015ptn9d7km8vg5',NULL,'TRADE','SOLDED','CLOSE',0,0,0,0,0),('clhx8l3ec0016ptn9jkophadf',NULL,'TRADE','SOLDED','CLOSE',0,0,0,0,0),('clhx8l3ec0018ptn9fstv6ddk',NULL,'TRADE','SOLDED','CLOSE',0,0,0,0,0),('clhx8l3ec001bptn9vjigmtis',NULL,'TRADE','SOLDED','CLOSE',0,0,0,0,0),('clhx8l3ec001dptn9quet5cg7',NULL,'TRADE','SOLDED','CLOSE',0,0,0,0,0),('clhx8l3el001gptn939zhcizr',NULL,'TRADE','SOLDED','CLOSE',0,0,0,0,0),('clhx8l3eu001iptn9qn3t8owh',NULL,'TRADE','SOLDED','CLOSE',0,0,0,0,0),('clhx8l3eu001jptn9x3dih3xo',NULL,'TRADE','SOLDED','CLOSE',0,0,0,0,0),('clhx8l3eu001kptn9725c4s59',NULL,'TRADE','SOLDED','CLOSE',0,0,0,0,0),('clhx8l3eu001lptn9p98yaw95',NULL,'TRADE','SOLDED','CLOSE',0,0,0,0,0),('clhx8l3eu001mptn975bdkkqs',NULL,'TRADE','SOLDED','CLOSE',0,0,0,0,0),('clhx8l3eu001optn97urp0om9',NULL,'TRADE','SOLDED','CLOSE',0,0,0,0,0),('clhx8l3eu001rptn9bm1kn1m7',NULL,'TRADE','SOLDED','CLOSE',0,0,0,0,0),('clhx8l3eu001sptn9ol7pryft',NULL,'TRADE','SOLDED','CLOSE',0,0,0,0,0),('clhx8l3f4001yptn9r8af3ikh',NULL,'TRADE','SOLDED','CLOSE',0,0,0,0,0),('clhx8l3f4001zptn9rg98k8ll',NULL,'TRADE','SOLDED','CLOSE',0,0,0,0,0),('clhx8l3f40020ptn9w525ff0t',NULL,'TRADE','SOLDED','CLOSE',0,0,0,0,0),('clhx8l3f40021ptn9vspez6aq',NULL,'TRADE','SOLDED','CLOSE',0,0,0,0,0),('clhx8l3f40022ptn9limj0ujt',NULL,'TRADE','SOLDED','CLOSE',0,0,0,0,0),('clhx8l3f40023ptn9fxjus3ql',NULL,'TRADE','SOLDED','CLOSE',0,0,0,0,0),('clhx8l3f40024ptn9swwk1j74',NULL,'TRADE','SOLDED','CLOSE',0,0,0,0,0),('clhx8l3f40025ptn98o5azdu6',NULL,'TRADE','SOLDED','CLOSE',0,0,0,0,0),('clhx8l3f9002eptn9ojno095i',NULL,'TRADE','SOLDED','CLOSE',0,0,0,0,0),('clhx8l3fk002gptn9rjnc51ev',NULL,'TRADE','SOLDED','CLOSE',0,0,0,0,0),('clhx8l3fs002iptn976pomy7c',NULL,'TRADE','SOLDED','CLOSE',0,0,0,0,0),('clhx8l3fs002jptn9w4p0uicu',NULL,'TRADE','SOLDED','CLOSE',0,0,0,0,0),('clhx8l3fs002kptn9rqxbb570',NULL,'TRADE','SOLDED','CLOSE',0,0,0,0,0),('clhx8l3fs002mptn93st20706',NULL,'TRADE','SOLDED','CLOSE',0,0,0,0,0),('clhx8l3fs002nptn9lrkfgcs4',NULL,'TRADE','SOLDED','CLOSE',0,0,0,0,0),('clhx8l3fs002pptn9smzwljcn',NULL,'TRADE','SOLDED','CLOSE',0,0,0,0,0),('clhx8l3fs002qptn92i7eb2p5',NULL,'TRADE','SOLDED','CLOSE',0,0,0,0,0),('clhx8l3fs002tptn9cboadsen',NULL,'TRADE','SOLDED','CLOSE',0,0,0,0,0),('clhx8l3fs002vptn9ptwnsala',NULL,'TRADE','SOLDED','CLOSE',0,0,0,0,0),('clhx8l3fs002xptn9uvkij5fp',NULL,'TRADE','SOLDED','CLOSE',0,0,0,0,0),('clhx8l3fs002yptn9huwocnjz',NULL,'TRADE','SOLDED','CLOSE',0,0,0,0,0),('clhx8l3fs0034ptn950qsei5i',NULL,'TRADE','SOLDED','CLOSE',0,0,0,0,0),('clhx8l3fs0035ptn9wrd8ran9',NULL,'TRADE','SOLDED','CLOSE',0,0,0,0,0),('clhx8l3fs0036ptn9jyl9jjqz',NULL,'TRADE','SOLDED','CLOSE',0,0,0,0,0),('clhx8l3fs0037ptn9jq93d1gr',NULL,'TRADE','SOLDED','CLOSE',0,0,0,0,0),('clhx8l3fs0038ptn9df1y6r1z',NULL,'TRADE','SOLDED','CLOSE',0,0,0,0,0),('clhx8l3g5003eptn9i30moigq',NULL,'TRADE','SOLDED','CLOSE',0,0,0,0,0),('clhx8l3ga003gptn9wtbtea0o',NULL,'TRADE','SOLDED','CLOSE',0,0,0,0,0),('clhx8l3ga003hptn9z7p04fxi',NULL,'TRADE','SOLDED','CLOSE',0,0,0,0,0),('clhx8l3ga003iptn9ttlwr2nl',NULL,'TRADE','SOLDED','CLOSE',0,0,0,0,0),('clhx8l3ga003jptn94wwsrhq7',NULL,'TRADE','SOLDED','CLOSE',0,0,0,0,0),('clhx8l3gb003lptn9amoro7xe',NULL,'TRADE','SOLDED','CLOSE',0,0,0,0,0),('clhx8l3gb003mptn93in85tgb',NULL,'TRADE','SOLDED','CLOSE',0,0,0,0,0),('clhx8l3gb003qptn92opjzruv',NULL,'TRADE','SOLDED','CLOSE',0,0,0,0,0),('clhx8l3gb003rptn9qj3lv0u4',NULL,'TRADE','SOLDED','CLOSE',0,0,0,0,0),('clhx8l3gb003sptn997w9eokb',NULL,'TRADE','SOLDED','CLOSE',0,0,0,0,0),('clhx8l3gb003vptn9hj6cxcpq',NULL,'TRADE','SOLDED','CLOSE',0,0,0,0,0),('clhx8l3gb003xptn9ekt62u37',NULL,'TRADE','SOLDED','CLOSE',0,0,0,0,0),('clhx8l3gb003yptn9ca6qujn5',NULL,'TRADE','SOLDED','CLOSE',0,0,0,0,0),('clhx8l3gb003zptn984qlfmxn',NULL,'TRADE','SOLDED','CLOSE',0,0,0,0,0),('clhx8l3gb0040ptn9902tqle4',NULL,'TRADE','SOLDED','CLOSE',0,0,0,0,0),('clhx8l3gb0048ptn9hqpjwsx1',NULL,'TRADE','SOLDED','CLOSE',0,0,0,0,0),('clhx8l3gb0049ptn9y10yoyr8',NULL,'TRADE','SOLDED','CLOSE',0,0,0,0,0),('clhx8l3gs004cptn9oie4rl13',NULL,'TRADE','SOLDED','CLOSE',0,0,0,0,0),('clhx8l3h0004eptn95baoudxp',NULL,'TRADE','SOLDED','CLOSE',0,0,0,0,0),('clhx8l3h0004fptn946d7tuy5',NULL,'TRADE','SOLDED','CLOSE',0,0,0,0,0),('clhx8l3h0004gptn9wobqwyux',NULL,'TRADE','SOLDED','CLOSE',0,0,0,0,0),('clhx8l3h0004hptn9jvfjzxao',NULL,'TRADE','SOLDED','CLOSE',0,0,0,0,0),('clhx8l3h0004lptn9dxwbjn1o',NULL,'TRADE','SOLDED','CLOSE',0,0,0,0,0),('clhx8l3h0004mptn9cor3rd61',NULL,'TRADE','SOLDED','CLOSE',0,0,0,0,0),('clhx8l3h0004optn9nrk3ztx4',NULL,'TRADE','SOLDED','CLOSE',0,0,0,0,0),('clhx8l3h0004qptn9iafcvvx2',NULL,'TRADE','SOLDED','CLOSE',0,0,0,0,0),('clhx8l3h0004sptn91o5mfkzc',NULL,'TRADE','SOLDED','CLOSE',0,0,0,0,0),('clhx8l3h0004tptn9ki7mlbng',NULL,'TRADE','SOLDED','CLOSE',0,0,0,0,0),('clhx8l3h0004uptn90cx3v8rw',NULL,'TRADE','SOLDED','CLOSE',0,0,0,0,0),('clhx8l3h0004wptn9vzdlfx0s',NULL,'TRADE','SOLDED','CLOSE',0,0,0,0,0),('clhx8l3h0004yptn98t3mogju',NULL,'TRADE','SOLDED','CLOSE',0,0,0,0,0),('clhx8l3h0004zptn9n2im76x4',NULL,'TRADE','SOLDED','CLOSE',0,0,0,0,0),('clhx8l3h00051ptn9puqtyvhi',NULL,'TRADE','SOLDED','CLOSE',0,0,0,0,0),('clhx8l3h00052ptn94ml62xmn',NULL,'TRADE','SOLDED','CLOSE',0,0,0,0,0),('clhx8l3hl005aptn9roqhjn3d',NULL,'TRADE','SOLDED','CLOSE',0,0,0,0,0),('clhx8l3hu005cptn99gvlcn8v',NULL,'TRADE','SOLDED','CLOSE',0,0,0,0,0),('clhx8l3hu005dptn9lm9uw1ab',NULL,'TRADE','SOLDED','CLOSE',0,0,0,0,0),('clhx8l3hu005eptn9hfqstw33',NULL,'TRADE','SOLDED','CLOSE',0,0,0,0,0),('clhx8l3hu005fptn9pf9q7ql8',NULL,'TRADE','SOLDED','CLOSE',0,0,0,0,0),('clhx8l3hu005jptn9pl9k4y4w',NULL,'TRADE','SOLDED','CLOSE',0,0,0,0,0),('clhx8l3hu005lptn90w655amx',NULL,'TRADE','SOLDED','CLOSE',0,0,0,0,0),('clhx8l3hu005mptn98035cwcv',NULL,'TRADE','SOLDED','CLOSE',0,0,0,0,0),('clhx8l3hu005nptn9ckjpcfnu',NULL,'TRADE','SOLDED','CLOSE',0,0,0,0,0),('clhx8l3hu005optn9ln1hvhcr',NULL,'TRADE','SOLDED','CLOSE',0,0,0,0,0),('clhx8l3hu005pptn94ie0x0qw',NULL,'TRADE','SOLDED','CLOSE',0,0,0,0,0),('clhx8l3hu005qptn9pmmq29v8',NULL,'TRADE','SOLDED','CLOSE',0,0,0,0,0),('clhx8l3hu005rptn94co3mlxd',NULL,'TRADE','SOLDED','CLOSE',0,0,0,0,0),('clhx8l3hu005tptn9j6yy0ou3',NULL,'TRADE','SOLDED','CLOSE',0,0,0,0,0),('clhx8l3hu005xptn9ubdqp0n8',NULL,'TRADE','SOLDED','CLOSE',0,0,0,0,0),('clhx8l3hu005yptn9iuyjig95',NULL,'TRADE','SOLDED','CLOSE',0,0,0,0,0),('clhx8l3hu0061ptn92g2hp0cs',NULL,'TRADE','SOLDED','CLOSE',0,0,0,0,0),('clhx8l3i60068ptn9vgc42l1s',NULL,'TRADE','SOLDED','CLOSE',0,0,0,0,0),('clhx8l3ij006aptn9behiso2u',NULL,'TRADE','SOLDED','CLOSE',0,0,0,0,0),('clhx8l3ij006bptn9e0fa92ji',NULL,'TRADE','SOLDED','CLOSE',0,0,0,0,0),('clhx8l3ij006cptn9zq3wviqw',NULL,'TRADE','SOLDED','CLOSE',0,0,0,0,0),('clhx8l3ik006dptn90hkhq2ks',NULL,'TRADE','SOLDED','CLOSE',0,0,0,0,0),('clhx8l3ik006gptn91ti0ivmz',NULL,'TRADE','SOLDED','CLOSE',0,0,0,0,0),('clhx8l3ik006iptn9qf6yiqpu',NULL,'TRADE','SOLDED','CLOSE',0,0,0,0,0),('clhx8l3ik006jptn9e69uqy1c',NULL,'TRADE','SOLDED','CLOSE',0,0,0,0,0),('clhx8l3ik006kptn9w38t5pfw',NULL,'TRADE','SOLDED','CLOSE',0,0,0,0,0),('clhx8l3ik006nptn9kcszozaq',NULL,'TRADE','SOLDED','CLOSE',0,0,0,0,0),('clhx8l3ik006optn9doctmyuq',NULL,'TRADE','SOLDED','CLOSE',0,0,0,0,0),('clhx8l3ik006qptn9k56axaj0',NULL,'TRADE','SOLDED','CLOSE',0,0,0,0,0),('clhx8l3ik006rptn9hkppx6dc',NULL,'TRADE','SOLDED','CLOSE',0,0,0,0,0),('clhx8l3ik006tptn99qz6bi8m',NULL,'TRADE','SOLDED','CLOSE',0,0,0,0,0),('clhx8l3ik006yptn9w8scp5h6',NULL,'TRADE','SOLDED','CLOSE',0,0,0,0,0),('clhx8l3ik0070ptn9uora3hxt',NULL,'TRADE','SOLDED','CLOSE',0,0,0,0,0),('clhx8l3io0074ptn961usitwu',NULL,'TRADE','SOLDED','CLOSE',0,0,0,0,0),('clhx8l3io0075ptn9vdhkq5dd',NULL,'TRADE','SOLDED','CLOSE',0,0,0,0,0),('clhx8l3j20078ptn9ii2sogyx',NULL,'TRADE','SOLDED','CLOSE',0,0,0,0,0),('clhx8l3j8007aptn9o4q6nfvt',NULL,'TRADE','SOLDED','CLOSE',0,0,0,0,0),('clhx8l3j8007bptn99tno8bb5',NULL,'TRADE','SOLDED','CLOSE',0,0,0,0,0),('clhx8l3j8007cptn95k264sps',NULL,'TRADE','SOLDED','CLOSE',0,0,0,0,0),('clhx8l3j8007dptn9scztzivt',NULL,'TRADE','SOLDED','CLOSE',0,0,0,0,0),('clhx8l3j9007fptn97p1zuhsj',NULL,'TRADE','SOLDED','CLOSE',0,0,0,0,0),('clhx8l3j9007gptn9r96v3ie3',NULL,'TRADE','SOLDED','CLOSE',0,0,0,0,0),('clhx8l3j9007mptn9f9m8wuuk',NULL,'TRADE','SOLDED','CLOSE',0,0,0,0,0),('clhx8l3j9007nptn93gftpuev',NULL,'TRADE','SOLDED','CLOSE',0,0,0,0,0),('clhx8l3j9007optn9morgvx3d',NULL,'TRADE','SOLDED','CLOSE',0,0,0,0,0),('clhx8l3j9007pptn975wusdx4',NULL,'TRADE','SOLDED','CLOSE',0,0,0,0,0),('clhx8l3j9007qptn96tjowlv6',NULL,'TRADE','SOLDED','CLOSE',0,0,0,0,0),('clhx8l3j9007rptn90jiwd1zf',NULL,'TRADE','SOLDED','CLOSE',0,0,0,0,0),('clhx8l3j9007tptn94qyubdlb',NULL,'TRADE','SOLDED','CLOSE',0,0,0,0,0),('clhx8l3j9007wptn9f00ntje5',NULL,'TRADE','SOLDED','CLOSE',0,0,0,0,0),('clhx8l3j9007zptn9cm3ll3dm',NULL,'TRADE','SOLDED','CLOSE',0,0,0,0,0),('clhx8l3j90081ptn9hnbvhu7f',NULL,'TRADE','SOLDED','CLOSE',0,0,0,0,0),('clhx8l3jm0086ptn9sy4czyks',NULL,'TRADE','SOLDED','CLOSE',0,0,0,0,0),('clhx8l3jr0088ptn9xa5ijnky',NULL,'TRADE','SOLDED','CLOSE',0,0,0,0,0),('clhx8l3js0089ptn9lrg9wvg7',NULL,'TRADE','SOLDED','CLOSE',0,0,0,0,0),('clhx8l3js008aptn9mt9ipyiw',NULL,'TRADE','SOLDED','CLOSE',0,0,0,0,0),('clhx8l3js008bptn9vspyybi8',NULL,'TRADE','SOLDED','CLOSE',0,0,0,0,0),('clhx8l3js008dptn99axytvg4',NULL,'TRADE','SOLDED','CLOSE',0,0,0,0,0),('clhx8l3js008hptn921z885ca',NULL,'TRADE','SOLDED','CLOSE',0,0,0,0,0),('clhx8l3js008iptn9llbpgbz1',NULL,'TRADE','SOLDED','CLOSE',0,0,0,0,0),('clhx8l3js008kptn9143xh9el',NULL,'TRADE','SOLDED','CLOSE',0,0,0,0,0),('clhx8l3js008lptn917w15lfl',NULL,'TRADE','SOLDED','CLOSE',0,0,0,0,0),('clhx8l3js008mptn9y82c979t',NULL,'TRADE','SOLDED','CLOSE',0,0,0,0,0),('clhx8l3js008pptn9b9ufp04g',NULL,'TRADE','SOLDED','CLOSE',0,0,0,0,0),('clhx8l3js008qptn9dsshx2gi',NULL,'TRADE','SOLDED','CLOSE',0,0,0,0,0),('clhx8l3js008rptn9oh2413oa',NULL,'TRADE','SOLDED','CLOSE',0,0,0,0,0),('clhx8l3js008sptn9j4gdlpjs',NULL,'TRADE','SOLDED','CLOSE',0,0,0,0,0),('clhx8l3js008xptn9frp2up8m',NULL,'TRADE','SOLDED','CLOSE',0,0,0,0,0),('clhx8l3js0092ptn94y1gvb6i',NULL,'TRADE','SOLDED','CLOSE',0,0,0,0,0),('clhx8l3k60094ptn91ffao5s8',NULL,'TRADE','SOLDED','CLOSE',0,0,0,0,0),('clhx8l3kb0096ptn9rrczhlj7',NULL,'TRADE','SOLDED','CLOSE',0,0,0,0,0),('clhx8l3kb0097ptn9t97muys1',NULL,'TRADE','SOLDED','CLOSE',0,0,0,0,0),('clhx8l3kb0098ptn9y06frrdf',NULL,'TRADE','SOLDED','CLOSE',0,0,0,0,0),('clhx8l3kb0099ptn9x0i12668',NULL,'TRADE','SOLDED','CLOSE',0,0,0,0,0),('clhx8l3kb009aptn9ptd98e37',NULL,'TRADE','SOLDED','CLOSE',0,0,0,0,0),('clhx8l3kb009eptn9xeic6oc8',NULL,'TRADE','SOLDED','CLOSE',0,0,0,0,0),('clhx8l3kb009fptn9vnkph060',NULL,'TRADE','SOLDED','CLOSE',0,0,0,0,0),('clhx8l3kb009hptn936wafvl7',NULL,'TRADE','SOLDED','CLOSE',0,0,0,0,0),('clhx8l3kb009jptn93qeru6hd',NULL,'TRADE','SOLDED','CLOSE',0,0,0,0,0),('clhx8l3kb009kptn91l2oc3t3',NULL,'TRADE','SOLDED','CLOSE',0,0,0,0,0),('clhx8l3kb009mptn9s6yq6wh2',NULL,'TRADE','SOLDED','CLOSE',0,0,0,0,0),('clhx8l3kb009pptn92px6ws4h',NULL,'TRADE','SOLDED','CLOSE',0,0,0,0,0),('clhx8l3kb009qptn96ph12s9g',NULL,'TRADE','SOLDED','CLOSE',0,0,0,0,0),('clhx8l3kb009sptn9whoxn1rv',NULL,'TRADE','SOLDED','CLOSE',0,0,0,0,0),('clhx8l3kb009tptn95mfm39bk',NULL,'TRADE','SOLDED','CLOSE',0,0,0,0,0),('clhx8l3kc009wptn970bzslaq',NULL,'TRADE','SOLDED','CLOSE',0,0,0,0,0),('clhx8l3kv00a2ptn9igpr1t14',NULL,'TRADE','SOLDED','CLOSE',0,0,0,0,0),('clhx8l3l000a4ptn93ce7dhnh',NULL,'TRADE','SOLDED','CLOSE',0,0,0,0,0),('clhx8l3l100a5ptn97b6604nu',NULL,'TRADE','SOLDED','CLOSE',0,0,0,0,0),('clhx8l3l100a6ptn9hvwqqv37',NULL,'TRADE','SOLDED','CLOSE',0,0,0,0,0),('clhx8l3l100a7ptn9bew34edj',NULL,'TRADE','SOLDED','CLOSE',0,0,0,0,0),('clhx8l3l100a8ptn95njglw7m',NULL,'TRADE','SOLDED','CLOSE',0,0,0,0,0),('clhx8l3l100aaptn9w4j4l4ja',NULL,'TRADE','SOLDED','CLOSE',0,0,0,0,0),('clhx8l3l100abptn9koqge885',NULL,'TRADE','SOLDED','CLOSE',0,0,0,0,0),('clhx8l3l100adptn9z93lsk3k',NULL,'TRADE','SOLDED','CLOSE',0,0,0,0,0),('clhx8l3l100afptn9k1fos3fy',NULL,'TRADE','SOLDED','CLOSE',0,0,0,0,0),('clhx8l3l100aiptn9km7u8yrv',NULL,'TRADE','SOLDED','CLOSE',0,0,0,0,0),('clhx8l3l100ajptn9zv935paf',NULL,'TRADE','SOLDED','CLOSE',0,0,0,0,0),('clhx8l3l100anptn94tuspp7m',NULL,'TRADE','SOLDED','CLOSE',0,0,0,0,0),('clhx8l3l100aoptn9oflf6q93',NULL,'TRADE','SOLDED','CLOSE',0,0,0,0,0),('clhx8l3l100apptn99w9rr515',NULL,'TRADE','SOLDED','CLOSE',0,0,0,0,0),('clhx8l3l100asptn94yis8nj9',NULL,'TRADE','SOLDED','CLOSE',0,0,0,0,0),('clhx8l3l100auptn9bio1fnko',NULL,'TRADE','SOLDED','CLOSE',0,0,0,0,0),('clhx8l3lf00b0ptn95wad6d3l',NULL,'TRADE','SOLDED','CLOSE',0,0,0,0,0),('clhx8l3lk00b2ptn9m51u9isj',NULL,'TRADE','SOLDED','CLOSE',0,0,0,0,0),('clhx8l3lk00b3ptn9e4w3gg3y',NULL,'TRADE','SOLDED','CLOSE',0,0,0,0,0),('clhx8l3lk00b4ptn9wvaisvam',NULL,'TRADE','SOLDED','CLOSE',0,0,0,0,0),('clhx8l3lk00b5ptn9nq1i5lq5',NULL,'TRADE','SOLDED','CLOSE',0,0,0,0,0),('clhx8l3lk00b6ptn91u3uij7q',NULL,'TRADE','SOLDED','CLOSE',0,0,0,0,0),('clhx8l3lk00b9ptn9ss4vg37c',NULL,'TRADE','SOLDED','CLOSE',0,0,0,0,0),('clhx8l3lk00bcptn94pejx9ro',NULL,'TRADE','SOLDED','CLOSE',0,0,0,0,0),('clhx8l3lk00bfptn9toaatr7w',NULL,'TRADE','SOLDED','CLOSE',0,0,0,0,0),('clhx8l3lk00bgptn9y0zlhy36',NULL,'TRADE','SOLDED','CLOSE',0,0,0,0,0),('clhx8l3lk00bhptn9naixxny0',NULL,'TRADE','SOLDED','CLOSE',0,0,0,0,0),('clhx8l3lk00biptn98nbbv72u',NULL,'TRADE','SOLDED','CLOSE',0,0,0,0,0),('clhx8l3lk00bjptn945hmovur',NULL,'TRADE','SOLDED','CLOSE',0,0,0,0,0),('clhx8l3lk00blptn9w37vbdhf',NULL,'TRADE','SOLDED','CLOSE',0,0,0,0,0),('clhx8l3lk00bmptn93rn6yqmf',NULL,'TRADE','SOLDED','CLOSE',0,0,0,0,0),('clhx8l3lk00bpptn9bqsammy8',NULL,'TRADE','SOLDED','CLOSE',0,0,0,0,0),('clhx8l3ll00bwptn9skonbwxy',NULL,'TRADE','SOLDED','CLOSE',0,0,0,0,0),('clhx8l3lz00byptn9h70akyd7',NULL,'TRADE','SOLDED','CLOSE',0,0,0,0,0),('clhx8l3m400c0ptn932aqoh27',NULL,'TRADE','SOLDED','CLOSE',0,0,0,0,0),('clhx8l3m400c1ptn99reapr0h',NULL,'TRADE','SOLDED','CLOSE',0,0,0,0,0),('clhx8l3m400c2ptn9y40ucdu1',NULL,'TRADE','SOLDED','CLOSE',0,0,0,0,0),('clhx8l3m400c3ptn9fxlc1x6y',NULL,'TRADE','SOLDED','CLOSE',0,0,0,0,0),('clhx8l3m400c5ptn9c9qblm4i',NULL,'TRADE','SOLDED','CLOSE',0,0,0,0,0),('clhx8l3m400c6ptn97yz0u4d6',NULL,'TRADE','SOLDED','CLOSE',0,0,0,0,0),('clhx8l3m400c7ptn9dz8d9t6c',NULL,'TRADE','SOLDED','CLOSE',0,0,0,0,0),('clhx8l3m400ccptn99xy54ce9',NULL,'TRADE','SOLDED','CLOSE',0,0,0,0,0),('clhx8l3m400ceptn978cs0n5g',NULL,'TRADE','SOLDED','CLOSE',0,0,0,0,0),('clhx8l3m400cfptn9i88wa0cx',NULL,'TRADE','SOLDED','CLOSE',0,0,0,0,0),('clhx8l3m400cgptn9uaeyv40n',NULL,'TRADE','SOLDED','CLOSE',0,0,0,0,0),('clhx8l3m400ciptn94xqz5lz3',NULL,'TRADE','SOLDED','CLOSE',0,0,0,0,0),('clhx8l3m400ckptn9socelfjn',NULL,'TRADE','SOLDED','CLOSE',0,0,0,0,0),('clhx8l3m400cmptn9wv7qrz7j',NULL,'TRADE','SOLDED','CLOSE',0,0,0,0,0),('clhx8l3m400cnptn9lmjzmh12',NULL,'TRADE','SOLDED','CLOSE',0,0,0,0,0),('clhx8l3m400coptn90ow3q7e4',NULL,'TRADE','SOLDED','CLOSE',0,0,0,0,0),('clhx8l3mi00cwptn97focv5vd',NULL,'TRADE','SOLDED','CLOSE',0,0,0,0,0),('clhx8l3mn00cyptn9lpplu4p1',NULL,'TRADE','SOLDED','CLOSE',0,0,0,0,0),('clhx8l3mn00czptn9lb91forz',NULL,'TRADE','SOLDED','CLOSE',0,0,0,0,0),('clhx8l3mn00d0ptn9hrio5q5s',NULL,'TRADE','SOLDED','CLOSE',0,0,0,0,0),('clhx8l3mn00d1ptn99r3iif14',NULL,'TRADE','SOLDED','CLOSE',0,0,0,0,0),('clhx8l3mn00d3ptn9jffes1ei',NULL,'TRADE','SOLDED','CLOSE',0,0,0,0,0),('clhx8l3mn00d4ptn9hwq0onvv',NULL,'TRADE','SOLDED','CLOSE',0,0,0,0,0),('clhx8l3mn00d6ptn91es5tke0',NULL,'TRADE','SOLDED','CLOSE',0,0,0,0,0),('clhx8l3mn00d7ptn9euqhpjix',NULL,'TRADE','SOLDED','CLOSE',0,0,0,0,0),('clhx8l3mn00d8ptn9yjl1habv',NULL,'TRADE','SOLDED','CLOSE',0,0,0,0,0),('clhx8l3mn00ddptn95onwzwui',NULL,'TRADE','SOLDED','CLOSE',0,0,0,0,0),('clhx8l3mn00deptn9iho78iaq',NULL,'TRADE','SOLDED','CLOSE',0,0,0,0,0),('clhx8l3mn00dfptn9gsh09jvn',NULL,'TRADE','SOLDED','CLOSE',0,0,0,0,0),('clhx8l3mn00djptn92p3f3k1s',NULL,'TRADE','SOLDED','CLOSE',0,0,0,0,0),('clhx8l3mn00dkptn9v9memh5g',NULL,'TRADE','SOLDED','CLOSE',0,0,0,0,0),('clhx8l3mn00dnptn9awkv7h2a',NULL,'TRADE','SOLDED','CLOSE',0,0,0,0,0),('clhx8l3mn00doptn9p81f0ru9',NULL,'TRADE','SOLDED','CLOSE',0,0,0,0,0),('clhx8l3n200duptn9x4fu0lb6',NULL,'TRADE','SOLDED','CLOSE',0,0,0,0,0),('clhx8l3n700dwptn9ooc0cwnk',NULL,'TRADE','SOLDED','CLOSE',0,0,0,0,0),('clhx8l3n700dxptn9un7yf135',NULL,'TRADE','SOLDED','CLOSE',0,0,0,0,0),('clhx8l3n700dyptn9ws11ck7e',NULL,'TRADE','SOLDED','CLOSE',0,0,0,0,0),('clhx8l3n700dzptn9fcejy7jz',NULL,'TRADE','SOLDED','CLOSE',0,0,0,0,0),('clhx8l3n700e1ptn9z2q1gvs8',NULL,'TRADE','SOLDED','CLOSE',0,0,0,0,0),('clhx8l3n700e3ptn9gof1spom',NULL,'TRADE','SOLDED','CLOSE',0,0,0,0,0),('clhx8l3n700e4ptn9momb6sqs',NULL,'TRADE','SOLDED','CLOSE',0,0,0,0,0),('clhx8l3n700e7ptn9clvf5q4n',NULL,'TRADE','SOLDED','CLOSE',0,0,0,0,0),('clhx8l3n700e8ptn9ey9e2rob',NULL,'TRADE','SOLDED','CLOSE',0,0,0,0,0),('clhx8l3n700eaptn908kxrac5',NULL,'TRADE','SOLDED','CLOSE',0,0,0,0,0),('clhx8l3n700edptn90854rm6v',NULL,'TRADE','SOLDED','CLOSE',0,0,0,0,0),('clhx8l3n700eeptn9nbb8lfad',NULL,'TRADE','SOLDED','CLOSE',0,0,0,0,0),('clhx8l3n700ehptn9o0piivgh',NULL,'TRADE','SOLDED','CLOSE',0,0,0,0,0),('clhx8l3n700eiptn92ucd62pk',NULL,'TRADE','SOLDED','CLOSE',0,0,0,0,0),('clhx8l3n700emptn9qe2v5wod',NULL,'TRADE','SOLDED','CLOSE',0,0,0,0,0),('clhx8l3n700enptn9282wys6i',NULL,'TRADE','SOLDED','CLOSE',0,0,0,0,0),('clhx8l3nm00esptn9ggoy6v40',NULL,'TRADE','SOLDED','CLOSE',0,0,0,0,0),('clhx8l3o000euptn96es1yy5c',NULL,'TRADE','SOLDED','CLOSE',0,0,0,0,0),('clhx8l3oe00ewptn95o5qukbu',NULL,'TRADE','SOLDED','CLOSE',0,0,0,0,0),('clhx8l3oe00exptn9oa8hwiao',NULL,'TRADE','SOLDED','CLOSE',0,0,0,0,0),('clhx8l3oe00eyptn9eyqvzxrb',NULL,'TRADE','SOLDED','CLOSE',0,0,0,0,0),('clhx8l3oe00ezptn9dpebhroo',NULL,'TRADE','SOLDED','CLOSE',0,0,0,0,0),('clhx8l3oj00f4ptn94a5otqgu',NULL,'TRADE','SOLDED','CLOSE',0,0,0,0,0),('clhx8l3oj00f5ptn9qz36qxqm',NULL,'TRADE','SOLDED','CLOSE',0,0,0,0,0),('clhx8l3oj00f6ptn9bcnksiyn',NULL,'TRADE','SOLDED','CLOSE',0,0,0,0,0),('clhx8l3oj00f7ptn9y88h59p5',NULL,'TRADE','SOLDED','CLOSE',0,0,0,0,0),('clhx8l3oj00f8ptn9ksq9258e',NULL,'TRADE','SOLDED','CLOSE',0,0,0,0,0),('clhx8l3ok00f9ptn93vi5znga',NULL,'TRADE','SOLDED','CLOSE',0,0,0,0,0),('clhx8l3ok00fdptn9vilm6ail',NULL,'TRADE','SOLDED','CLOSE',0,0,0,0,0),('clhx8l3ok00ffptn9iotwlzu6',NULL,'TRADE','SOLDED','CLOSE',0,0,0,0,0),('clhx8l3ok00fhptn93ogic0r7',NULL,'TRADE','SOLDED','CLOSE',0,0,0,0,0),('clhx8l3ok00fjptn9k4j1plxo',NULL,'TRADE','SOLDED','CLOSE',0,0,0,0,0),('clhx8l3ok00flptn9ib9zuz66',NULL,'TRADE','SOLDED','CLOSE',0,0,0,0,0),('clhx8l3ok00fmptn9rmw23k29',NULL,'TRADE','SOLDED','CLOSE',0,0,0,0,0),('clhx8l3ok00fnptn9ixodq0ml',NULL,'TRADE','SOLDED','CLOSE',0,0,0,0,0),('clhx8l3oy00fuptn9eowz074o',NULL,'TRADE','SOLDED','CLOSE',0,0,0,0,0),('clhx8l3p300fwptn9tcegb3l8',NULL,'TRADE','SOLDED','CLOSE',0,0,0,0,0),('clhx8l3p300fxptn9wniee5gw',NULL,'TRADE','SOLDED','CLOSE',0,0,0,0,0),('clhx8l3p300fyptn9ehsgj48l',NULL,'TRADE','SOLDED','CLOSE',0,0,0,0,0),('clhx8l3p300fzptn921s7tm2j',NULL,'TRADE','SOLDED','CLOSE',0,0,0,0,0),('clhx8l3p300g0ptn9qkuf29qk',NULL,'TRADE','SOLDED','CLOSE',0,0,0,0,0),('clhx8l3p300g1ptn9ar0zksfu',NULL,'TRADE','SOLDED','CLOSE',0,0,0,0,0),('clhx8l3p300g5ptn9dibrzd2y',NULL,'TRADE','SOLDED','CLOSE',0,0,0,0,0),('clhx8l3p300g6ptn9j9wxgjzg',NULL,'TRADE','SOLDED','CLOSE',0,0,0,0,0),('clhx8l3p300g7ptn9igcux0lu',NULL,'TRADE','SOLDED','CLOSE',0,0,0,0,0),('clhx8l3p300gaptn9zffcidb2',NULL,'TRADE','SOLDED','CLOSE',0,0,0,0,0),('clhx8l3p300gbptn9j9nlodbt',NULL,'TRADE','SOLDED','CLOSE',0,0,0,0,0),('clhx8l3p300geptn9s980c51s',NULL,'TRADE','SOLDED','CLOSE',0,0,0,0,0),('clhx8l3p300ggptn9rwb4akrs',NULL,'TRADE','SOLDED','CLOSE',0,0,0,0,0),('clhx8l3p300ghptn9hzqcnbgh',NULL,'TRADE','SOLDED','CLOSE',0,0,0,0,0),('clhx8l3p300gkptn9wbe18a45',NULL,'TRADE','SOLDED','CLOSE',0,0,0,0,0),('clhx8l3p300gmptn9ty3bszou',NULL,'TRADE','SOLDED','CLOSE',0,0,0,0,0),('clhx8l3ph00gsptn95xhfczo5',NULL,'TRADE','SOLDED','CLOSE',0,0,0,0,0),('clhx8l3pm00guptn9erx9d2xi',NULL,'TRADE','SOLDED','CLOSE',0,0,0,0,0),('clhx8l3pm00gvptn9nnmwc6bg',NULL,'TRADE','SOLDED','CLOSE',0,0,0,0,0),('clhx8l3pm00gwptn9ne4bzir8',NULL,'TRADE','SOLDED','CLOSE',0,0,0,0,0),('clhx8l3pm00gxptn9js0s0jy8',NULL,'TRADE','SOLDED','CLOSE',0,0,0,0,0),('clhx8l3pm00gzptn97wyep5x2',NULL,'TRADE','SOLDED','CLOSE',0,0,0,0,0),('clhx8l3pm00h2ptn97macrp68',NULL,'TRADE','SOLDED','CLOSE',0,0,0,0,0),('clhx8l3pm00h3ptn97tzw8vib',NULL,'TRADE','SOLDED','CLOSE',0,0,0,0,0),('clhx8l3pn00h5ptn9ojw2pmzq',NULL,'TRADE','SOLDED','CLOSE',0,0,0,0,0),('clhx8l3pn00h6ptn97p5l6awg',NULL,'TRADE','SOLDED','CLOSE',0,0,0,0,0),('clhx8l3pn00h9ptn9mbeovjja',NULL,'TRADE','SOLDED','CLOSE',0,0,0,0,0),('clhx8l3pn00haptn9eydaceeu',NULL,'TRADE','SOLDED','CLOSE',0,0,0,0,0),('clhx8l3pn00hdptn9rhjy02jk',NULL,'TRADE','SOLDED','CLOSE',0,0,0,0,0),('clhx8l3pn00hfptn95e0gh8ut',NULL,'TRADE','SOLDED','CLOSE',0,0,0,0,0),('clhx8l3pn00hgptn95y92qbun',NULL,'TRADE','SOLDED','CLOSE',0,0,0,0,0),('clhx8l3pn00hhptn9b110k118',NULL,'TRADE','SOLDED','CLOSE',0,0,0,0,0),('clhx8l3pn00hkptn94e2cw073',NULL,'TRADE','SOLDED','CLOSE',0,0,0,0,0),('clhx8l3q100hqptn9uq4wjsab',NULL,'TRADE','SOLDED','CLOSE',0,0,0,0,0),('clhx8l3q600hsptn9qsic87h6',NULL,'TRADE','SOLDED','CLOSE',0,0,0,0,0),('clhx8l3q600htptn9ypc0okzh',NULL,'TRADE','SOLDED','CLOSE',0,0,0,0,0),('clhx8l3q600huptn9frdkwkvu',NULL,'TRADE','SOLDED','CLOSE',0,0,0,0,0),('clhx8l3q600hvptn9jurflrsn',NULL,'TRADE','SOLDED','CLOSE',0,0,0,0,0),('clhx8l3q600hwptn9951ieijq',NULL,'TRADE','SOLDED','CLOSE',0,0,0,0,0),('clhx8l3q600hxptn95rv2wbk5',NULL,'TRADE','SOLDED','CLOSE',0,0,0,0,0),('clhx8l3q600i0ptn93zxnqe12',NULL,'TRADE','SOLDED','CLOSE',0,0,0,0,0),('clhx8l3q600i2ptn9961r5gya',NULL,'TRADE','SOLDED','CLOSE',0,0,0,0,0),('clhx8l3q600i6ptn9cq1wtgg3',NULL,'TRADE','SOLDED','CLOSE',0,0,0,0,0),('clhx8l3q600i7ptn95dtmravg',NULL,'TRADE','SOLDED','CLOSE',0,0,0,0,0),('clhx8l3q600i9ptn9wpujpub6',NULL,'TRADE','SOLDED','CLOSE',0,0,0,0,0),('clhx8l3q600ibptn96ba2muk7',NULL,'TRADE','SOLDED','CLOSE',0,0,0,0,0),('clhx8l3q600icptn9m1avyh32',NULL,'TRADE','SOLDED','CLOSE',0,0,0,0,0),('clhx8l3q600idptn9maq2zcym',NULL,'TRADE','SOLDED','CLOSE',0,0,0,0,0),('clhx8l3q600ieptn9r5p7l1n7',NULL,'TRADE','SOLDED','CLOSE',0,0,0,0,0),('clhx8l3q600iiptn9d9ls85cd',NULL,'TRADE','SOLDED','CLOSE',0,0,0,0,0),('clhx8l3qk00ioptn94pb7bbyl',NULL,'TRADE','SOLDED','CLOSE',0,0,0,0,0),('clhx8l3qq00iqptn91hxc0vec',NULL,'TRADE','SOLDED','CLOSE',0,0,0,0,0),('clhx8l3qq00irptn9oe6d7bac',NULL,'TRADE','ACTIVE','CLOSE',0,0,0,0,0),('clhx8l3qq00isptn9gc1zg9cs',NULL,'TRADE','SOLDED','CLOSE',0,0,0,0,0),('clhx8l3qq00itptn912qg2swg',NULL,'TRADE','SOLDED','CLOSE',0,0,0,0,0),('clhx8l3qq00iuptn9vr64gmc5',NULL,'TRADE','SOLDED','CLOSE',0,0,0,0,0),('clhx8l3qq00ixptn9vgi8pl2b',NULL,'TRADE','SOLDED','CLOSE',0,0,0,0,0),('clhx8l3qq00j0ptn9ut57xs0j',NULL,'TRADE','SOLDED','CLOSE',0,0,0,0,0),('clhx8l3qq00j2ptn9c6hsgvbg',NULL,'TRADE','SOLDED','CLOSE',0,0,0,0,0),('clhx8l3qq00j3ptn9wt3sxwxt',NULL,'TRADE','SOLDED','CLOSE',0,0,0,0,0),('clhx8l3qq00j4ptn9r08a9497',NULL,'TRADE','SOLDED','CLOSE',0,0,0,0,0),('clhx8l3qq00j6ptn9r77jfsau',NULL,'TRADE','SOLDED','CLOSE',0,0,0,0,0),('clhx8l3qq00j8ptn9cxa1p022',NULL,'TRADE','SOLDED','CLOSE',0,0,0,0,0),('clhx8l3qq00j9ptn94dbhxry2',NULL,'TRADE','SOLDED','CLOSE',0,0,0,0,0),('clhx8l3qq00jbptn98lbbicwv',NULL,'TRADE','SOLDED','CLOSE',0,0,0,0,0),('clhx8l3qq00jcptn9puja9phe',NULL,'TRADE','ACTIVE','CLOSE',0,0,0,0,0),('clhx8l3qq00jfptn9swggku5j',NULL,'TRADE','SOLDED','CLOSE',0,0,0,0,0),('clhx8l3r400jmptn920vlfpfn',NULL,'TRADE','SOLDED','CLOSE',0,0,0,0,0),('clhx8l3r900joptn9nxalahpc',NULL,'TRADE','ACTIVE','CLOSE',0,0,0,0,0),('clhx8l3ra00jpptn9kxxlk1ik',NULL,'TRADE','SOLDED','CLOSE',0,0,0,0,0),('clhx8l3ra00jqptn9nk3orkgi',NULL,'TRADE','SOLDED','CLOSE',0,0,0,0,0),('clhx8l3ra00jrptn9v4xc9gla',NULL,'TRADE','SOLDED','CLOSE',0,0,0,0,0),('clhx8l3ra00jsptn99q7sg99k',NULL,'TRADE','SOLDED','CLOSE',0,0,0,0,0);
/*!40000 ALTER TABLE `Session` ENABLE KEYS */;
UNLOCK TABLES;

--
-- Table structure for table `Transaction`
--

DROP TABLE IF EXISTS `Transaction`;
/*!40101 SET @saved_cs_client     = @@character_set_client */;
/*!50503 SET character_set_client = utf8mb4 */;
CREATE TABLE `Transaction` (
  `id` varchar(191) CHARACTER SET utf8mb4 COLLATE utf8mb4_unicode_ci NOT NULL,
  `type` enum('BUY','SELL') COLLATE utf8mb4_unicode_ci NOT NULL,
  `sellStatus` enum('ENDED','PROGRESS','RETURNED') CHARACTER SET utf8mb4 COLLATE utf8mb4_unicode_ci DEFAULT NULL,
  `quantity` int NOT NULL,
  `fee` double DEFAULT '0',
  `value` double NOT NULL,
  `createdAt` datetime(3) NOT NULL DEFAULT CURRENT_TIMESTAMP(3),
  `modifiedAt` datetime(3) DEFAULT NULL,
  `userId` varchar(191) CHARACTER SET utf8mb4 COLLATE utf8mb4_unicode_ci NOT NULL,
  `itemId` varchar(191) COLLATE utf8mb4_unicode_ci NOT NULL,
  `sessionId` varchar(191) COLLATE utf8mb4_unicode_ci DEFAULT NULL,
  PRIMARY KEY (`id`),
  KEY `Transaction_userId_fkey` (`userId`),
  KEY `Transaction_itemId_fkey` (`itemId`),
  KEY `Transaction_sessionId_fkey` (`sessionId`),
  CONSTRAINT `Transaction_itemId_fkey` FOREIGN KEY (`itemId`) REFERENCES `Item` (`id`) ON DELETE RESTRICT ON UPDATE CASCADE,
  CONSTRAINT `Transaction_sessionId_fkey` FOREIGN KEY (`sessionId`) REFERENCES `Session` (`id`) ON DELETE SET NULL ON UPDATE CASCADE,
  CONSTRAINT `Transaction_userId_fkey` FOREIGN KEY (`userId`) REFERENCES `User` (`id`) ON DELETE RESTRICT ON UPDATE CASCADE
) ENGINE=InnoDB DEFAULT CHARSET=utf8mb4 COLLATE=utf8mb4_unicode_ci;
/*!40101 SET character_set_client = @saved_cs_client */;

--
-- Dumping data for table `Transaction`
--

LOCK TABLES `Transaction` WRITE;
/*!40000 ALTER TABLE `Transaction` DISABLE KEYS */;
INSERT INTO `Transaction` VALUES ('clgs58dm50001krbo49yn5ob7','BUY',NULL,5001,0,102,'2023-04-22 15:36:45.293',NULL,'clgs40jg40005kr9726jsxqrh','clgs40ji8003nkr97qi2mlvb2','clhx8l3do0000ptn9gl2eky1w'),('clgs58vt20003krbou3a7l8tr','BUY',NULL,4806,0,98,'2023-04-22 15:37:08.870',NULL,'clgs40jg40005kr9726jsxqrh','clgs40ji8003nkr97qi2mlvb2','clhx8l3du0002ptn9wt929l32'),('clgs59zvn0005krbo2pq8nbpm','BUY',NULL,2513,0,103,'2023-04-22 15:38:00.803',NULL,'clgs40jg40005kr9726jsxqrh','clgs40ji8003ykr97xrs7ydyn','clhx8l3dv000rptn9bow1g671'),('clgs5ajo30007krbojyg0ct0b','BUY',NULL,5445,0,222,'2023-04-22 15:38:26.451',NULL,'clgs40jg40005kr9726jsxqrh','clgs40ji8003ykr97xrs7ydyn','clhx8l3du0008ptn9wuhkeyqq'),('clgs5axy60009krboomqheej8','BUY',NULL,3144,0,128,'2023-04-22 15:38:44.958',NULL,'clgs40jg40005kr9726jsxqrh','clgs40ji8003ykr97xrs7ydyn','clhx8l3dv000nptn9ehsbl6g5'),('clgs5boac000bkrboeofr23zr','BUY',NULL,443,0,201,'2023-04-22 15:39:19.093',NULL,'clgs40jg40005kr9726jsxqrh','clgs40jgq001pkr97vlgygb4r','clhx8l3dv000lptn9vnv85np1'),('clgs5cf59000dkrbopz34pz5u','BUY',NULL,1415,0,642,'2023-04-22 15:39:53.901',NULL,'clgs40jg40005kr9726jsxqrh','clgs40jgq001pkr97vlgygb4r','clhx8l3dv000wptn972aj8kgk'),('clgs5cqmf000fkrbosxlsqds3','BUY',NULL,1001,0,454,'2023-04-22 15:40:08.776',NULL,'clgs40jg40005kr9726jsxqrh','clgs40jgq001pkr97vlgygb4r','clhx8l3dv000qptn9uapfxpcx'),('clgs5d6dx000hkrbo80569spg','BUY',NULL,1501,0,182,'2023-04-22 15:40:29.205',NULL,'clgs40jg40005kr9726jsxqrh','clgs40jgq001lkr97t2dbn5zr','clhx8l3du000gptn9qsj77l27'),('clgs5dt5j000jkrboply6mrij','BUY',NULL,1906,0,231,'2023-04-22 15:40:58.711',NULL,'clgs40jg40005kr9726jsxqrh','clgs40jgq001lkr97t2dbn5zr','clhx8l3du000fptn95rm738t1'),('clgs5em3o000lkrboccsa7b7t','BUY',NULL,2575,0,267,'2023-04-22 15:41:36.228',NULL,'clgs40jg40005kr9726jsxqrh','clgs40ji7003fkr97fqq3ihnl','clhx8l3du0009ptn9gt7mee1x'),('clgs5fh8c000nkrbo9q5r0r8p','BUY',NULL,3001,0,93,'2023-04-22 15:42:16.572',NULL,'clgs40jg40005kr9726jsxqrh','clgs40jgq0027kr97bau2piw0','clhx8l3du000eptn9fwyd9fiv'),('clgs5gda5000pkrbos624rfzx','BUY',NULL,500,0,155,'2023-04-22 15:42:58.109',NULL,'clgs40jg40005kr9726jsxqrh','clgs40ji80040kr97ucc4hs70','clhx8l3dv000uptn9pfyv7prq'),('clgs5h8fi000rkrbo2gnodlwd','BUY',NULL,1000,0,308,'2023-04-22 15:43:38.478',NULL,'clgs40jg40005kr9726jsxqrh','clgs40ji80040kr97ucc4hs70','clhx8l3du0003ptn956y7aqof'),('clgs5iqzl000tkrboh6qxeipa','SELL','ENDED',100,0.54,3,'2023-04-22 15:44:49.186','2023-04-22 15:47:18.061','clgs40jg40005kr9726jsxqrh','clgs40ji8003nkr97qi2mlvb2','clhx8l3du000jptn9asq1d6l8'),('clgs5ixq2000vkrbo1o1trvf4','SELL','ENDED',100,0.54,3,'2023-04-22 15:44:57.914','2023-04-22 15:47:20.798','clgs40jg40005kr9726jsxqrh','clgs40ji8003nkr97qi2mlvb2','clhx8l3du0005ptn9rytwze20'),('clgs5j63b000xkrbo9rq34jyh','SELL','ENDED',100,0.54,3,'2023-04-22 15:45:08.759','2023-04-22 15:47:28.941','clgs40jg40005kr9726jsxqrh','clgs40ji8003nkr97qi2mlvb2','clhx8l3du000cptn9cbuk0sas'),('clgs5k5zz000zkrbotw2wmm48','SELL','ENDED',100,0.54,3,'2023-04-22 15:45:55.295','2023-04-22 15:47:33.666','clgs40jg40005kr9726jsxqrh','clgs40ji8003nkr97qi2mlvb2','clhx8l3e7000yptn9lax89bzw'),('clgs5kz9p0011krborbl039qn','SELL','ENDED',100,0.54,5,'2023-04-22 15:46:33.230','2023-04-22 15:47:38.319','clgs40jg40005kr9726jsxqrh','clgs40ji8003ykr97xrs7ydyn','clhx8l3ec0010ptn9wcs9187y'),('clgs5lcvh0013krboryys9ovs','SELL','RETURNED',100,0.54,5,'2023-04-22 15:46:50.861','2023-04-22 15:47:44.345','clgs40jg40005kr9726jsxqrh','clgs40ji8003ykr97xrs7ydyn','clhx8l3ec0011ptn9i2caesek'),('clgs5lpcz0015krboyr0dy4em','SELL','ENDED',100,0.54,3,'2023-04-22 15:47:07.043','2023-04-22 15:47:46.308','clgs40jg40005kr9726jsxqrh','clgs40ji8003nkr97qi2mlvb2','clhx8l3ec0012ptn9i6echbsg'),('clgs5nt3w0017krboa70257gh','SELL','ENDED',50,0.57,24,'2023-04-22 15:48:45.212','2023-04-22 15:50:36.012','clgs40jg40005kr9726jsxqrh','clgs40jgq001pkr97vlgygb4r','clhx8l3ec0015ptn9d7km8vg5'),('clgs5oflw0019krboqceb9nny','SELL','RETURNED',80,0.56,11,'2023-04-22 15:49:14.372','2023-04-22 15:50:40.230','clgs40jg40005kr9726jsxqrh','clgs40jgq001lkr97t2dbn5zr','clhx8l3ec0018ptn9fstv6ddk'),('clgs5p31f001bkrbol64ymxhw','SELL','RETURNED',101,0.54,11,'2023-04-22 15:49:44.739','2023-04-22 15:50:45.841','clgs40jg40005kr9726jsxqrh','clgs40ji7003fkr97fqq3ihnl','clhx8l3ec001bptn9vjigmtis'),('clgs5pmmy001dkrbooy4n66jr','SELL','ENDED',50,0.57,24,'2023-04-22 15:50:10.138','2023-04-22 15:50:48.698','clgs40jg40005kr9726jsxqrh','clgs40jgq001pkr97vlgygb4r','clhx8l3ec0016ptn9jkophadf'),('clgs5pxum001fkrbou6cybura','SELL','RETURNED',50,0.57,24,'2023-04-22 15:50:24.670','2023-04-22 15:50:52.042','clgs40jg40005kr9726jsxqrh','clgs40jgq001pkr97vlgygb4r','clhx8l3ec001dptn9quet5cg7'),('clgs5rdz6001hkrbox24xtj2q','SELL','ENDED',100,0.54,3,'2023-04-22 15:51:32.226','2023-04-22 15:55:37.872','clgs40jg40005kr9726jsxqrh','clgs40ji8003nkr97qi2mlvb2','clhx8l3eu001jptn9x3dih3xo'),('clgs5rl04001jkrbo1drpwi87','SELL','ENDED',100,0.54,3,'2023-04-22 15:51:41.333','2023-04-22 15:55:39.070','clgs40jg40005kr9726jsxqrh','clgs40ji8003nkr97qi2mlvb2','clhx8l3eu001kptn9725c4s59'),('clgs5rt69001lkrbo5k95t4ns','SELL','ENDED',100,0.54,3,'2023-04-22 15:51:51.921','2023-04-22 15:55:40.132','clgs40jg40005kr9726jsxqrh','clgs40ji8003nkr97qi2mlvb2','clhx8l3el001gptn939zhcizr'),('clgs5tc5m001nkrbodgm1rqi3','SELL','ENDED',101,0.54,11,'2023-04-22 15:53:03.178','2023-04-22 15:55:41.198','clgs40jg40005kr9726jsxqrh','clgs40ji7003fkr97fqq3ihnl','clhx8l3eu001iptn9qn3t8owh'),('clgs5tkyj001pkrbocdttwjbh','SELL','ENDED',101,0.54,11,'2023-04-22 15:53:14.587','2023-04-22 15:55:43.026','clgs40jg40005kr9726jsxqrh','clgs40ji7003fkr97fqq3ihnl','clhx8l3eu001lptn9p98yaw95'),('clgs5ubtg001rkrboluce98x8','SELL','ENDED',100,0.54,5,'2023-04-22 15:53:49.396','2023-04-22 15:55:44.526','clgs40jg40005kr9726jsxqrh','clgs40ji8003ykr97xrs7ydyn','clhx8l3eu001mptn975bdkkqs'),('clgs5ufz1001tkrbooaeesavc','SELL','ENDED',100,0.54,5,'2023-04-22 15:53:54.782','2023-04-22 15:55:45.899','clgs40jg40005kr9726jsxqrh','clgs40ji8003ykr97xrs7ydyn','clhx8l3f4001zptn9rg98k8ll'),('clgs5ve79001vkrbolg0vbth0','SELL','ENDED',80,0.56,11,'2023-04-22 15:54:39.141','2023-04-22 15:55:47.126','clgs40jg40005kr9726jsxqrh','clgs40jgq001lkr97t2dbn5zr','clhx8l3eu001sptn9ol7pryft'),('clgs5w4g9001xkrbo16s0mcjo','SELL','ENDED',50,0.57,24,'2023-04-22 15:55:13.161','2023-04-22 15:55:48.865','clgs40jg40005kr9726jsxqrh','clgs40jgq001pkr97vlgygb4r','clhx8l3eu001optn97urp0om9'),('clgs5wapm001zkrbow06w3y0i','SELL','ENDED',50,0.57,24,'2023-04-22 15:55:21.275','2023-04-22 15:55:50.446','clgs40jg40005kr9726jsxqrh','clgs40jgq001pkr97vlgygb4r','clhx8l3eu001rptn9bm1kn1m7'),('clgs5xie70021krbomxdauomv','SELL','RETURNED',80,0.56,11,'2023-04-22 15:56:17.887','2023-04-22 15:59:24.275','clgs40jg40005kr9726jsxqrh','clgs40jgq001lkr97t2dbn5zr','clhx8l3f4001yptn9r8af3ikh'),('clgs5y4550023krbo9fak2wn9','SELL','ENDED',80,0.56,11,'2023-04-22 15:56:46.073','2023-04-22 15:59:29.399','clgs40jg40005kr9726jsxqrh','clgs40jgq001lkr97t2dbn5zr','clhx8l3f40020ptn9w525ff0t'),('clgs5yhxz0025krbodlqqmn1x','SELL','ENDED',50,0.57,24,'2023-04-22 15:57:03.959','2023-04-22 15:59:33.307','clgs40jg40005kr9726jsxqrh','clgs40jgq001pkr97vlgygb4r','clhx8l3f40022ptn9limj0ujt'),('clgs5z1pk0027krbosrywh3be','SELL','ENDED',100,0.54,5,'2023-04-22 15:57:29.576','2023-04-22 15:59:37.885','clgs40jg40005kr9726jsxqrh','clgs40ji8003ykr97xrs7ydyn','clhx8l3f40023ptn9fxjus3ql'),('clgs5z7m90029krbourlfojpk','SELL','ENDED',100,0.54,5,'2023-04-22 15:57:37.233','2023-04-22 15:59:39.211','clgs40jg40005kr9726jsxqrh','clgs40ji8003ykr97xrs7ydyn','clhx8l3f9002eptn9ojno095i'),('clgs5zjky002bkrbokabokoz9','SELL','ENDED',101,0.54,11,'2023-04-22 15:57:52.738','2023-04-22 15:59:40.469','clgs40jg40005kr9726jsxqrh','clgs40ji7003fkr97fqq3ihnl','clhx8l3f40024ptn9swwk1j74'),('clgs5zou2002dkrboctfw1udx','SELL','ENDED',101,0.54,11,'2023-04-22 15:57:59.546','2023-04-22 15:59:41.753','clgs40jg40005kr9726jsxqrh','clgs40ji7003fkr97fqq3ihnl','clhx8l3fk002gptn9rjnc51ev'),('clgs5zvou002fkrbotma69kl2','SELL','ENDED',101,0.54,11,'2023-04-22 15:58:08.430','2023-04-22 15:59:43.011','clgs40jg40005kr9726jsxqrh','clgs40ji7003fkr97fqq3ihnl','clhx8l3f40021ptn9vspez6aq'),('clgs61cl9002hkrbo8h7yjy66','SELL','ENDED',100,0.54,3,'2023-04-22 15:59:16.989','2023-04-22 15:59:44.283','clgs40jg40005kr9726jsxqrh','clgs40ji8003nkr97qi2mlvb2','clhx8l3fs002kptn9rqxbb570'),('clgs62j2f002jkrbodwx58hb1','SELL','ENDED',100,0.54,3,'2023-04-22 16:00:12.040','2023-04-22 16:01:34.913','clgs40jg40005kr9726jsxqrh','clgs40ji8003nkr97qi2mlvb2','clhx8l3f40025ptn98o5azdu6'),('clgs62xh9002lkrbomxqr677p','SELL','RETURNED',80,0.56,11,'2023-04-22 16:00:30.717','2023-04-22 16:01:39.824','clgs40jg40005kr9726jsxqrh','clgs40jgq001lkr97t2dbn5zr','clhx8l3fs002iptn976pomy7c'),('clgs63a22002nkrboamwwl2y2','SELL','ENDED',50,0.57,24,'2023-04-22 16:00:47.018','2023-04-22 16:01:42.123','clgs40jg40005kr9726jsxqrh','clgs40jgq001pkr97vlgygb4r','clhx8l3fs002vptn9ptwnsala'),('clgs6430k002pkrbodv2uhfg9','SELL','RETURNED',50,0.57,24,'2023-04-22 16:01:24.548','2023-04-22 16:01:43.672','clgs40jg40005kr9726jsxqrh','clgs40jgq001pkr97vlgygb4r','clhx8l3fs002pptn9smzwljcn'),('clgs664xo002rkrbo6g3tr0nb','SELL','ENDED',100,0.54,3,'2023-04-22 16:03:00.348','2023-04-22 16:12:04.228','clgs40jg40005kr9726jsxqrh','clgs40ji8003nkr97qi2mlvb2','clhx8l3fs002jptn9w4p0uicu'),('clgs66fct002tkrbo6ilrsfui','SELL','ENDED',100,0.54,3,'2023-04-22 16:03:13.853','2023-04-22 16:12:05.441','clgs40jg40005kr9726jsxqrh','clgs40ji8003nkr97qi2mlvb2','clhx8l3fs0035ptn9wrd8ran9'),('clgs66k65002vkrbot2d3mkov','SELL','ENDED',100,0.54,3,'2023-04-22 16:03:20.093','2023-04-22 16:12:06.677','clgs40jg40005kr9726jsxqrh','clgs40ji8003nkr97qi2mlvb2','clhx8l3fs0034ptn950qsei5i'),('clgs66qbg002xkrbo3dq1xdrw','SELL','ENDED',100,0.54,3,'2023-04-22 16:03:28.060','2023-04-22 16:12:07.796','clgs40jg40005kr9726jsxqrh','clgs40ji8003nkr97qi2mlvb2','clhx8l3fs002mptn93st20706'),('clgs67ad7002zkrboj9szn3qa','SELL','ENDED',100,0.54,3,'2023-04-22 16:03:54.043','2023-04-22 16:12:09.126','clgs40jg40005kr9726jsxqrh','clgs40ji8003nkr97qi2mlvb2','clhx8l3fs002xptn9uvkij5fp'),('clgs67j090031krbokf6vg66c','SELL','ENDED',100,0.54,3,'2023-04-22 16:04:05.241','2023-04-22 16:12:10.230','clgs40jg40005kr9726jsxqrh','clgs40ji8003nkr97qi2mlvb2','clhx8l3fs002nptn9lrkfgcs4'),('clgs68jkp0033krbo169aw3ej','SELL','ENDED',100,0.54,5,'2023-04-22 16:04:52.633','2023-04-22 16:12:11.345','clgs40jg40005kr9726jsxqrh','clgs40ji8003ykr97xrs7ydyn','clhx8l3fs002yptn9huwocnjz'),('clgs68p1m0035krboolht5zlx','SELL','ENDED',100,0.54,5,'2023-04-22 16:04:59.723','2023-04-22 16:12:12.454','clgs40jg40005kr9726jsxqrh','clgs40ji8003ykr97xrs7ydyn','clhx8l3fs002qptn92i7eb2p5'),('clgs68v4l0037krbojdtmpzsc','SELL','ENDED',100,0.54,5,'2023-04-22 16:05:07.605','2023-04-22 16:12:13.411','clgs40jg40005kr9726jsxqrh','clgs40ji8003ykr97xrs7ydyn','clhx8l3fs002tptn9cboadsen'),('clgs690890039krbodlklyyyr','SELL','ENDED',100,0.54,5,'2023-04-22 16:05:14.217','2023-04-22 16:12:14.381','clgs40jg40005kr9726jsxqrh','clgs40ji8003ykr97xrs7ydyn','clhx8l3ga003gptn9wtbtea0o'),('clgs6964k003bkrboqx8qchts','SELL','ENDED',100,0.54,5,'2023-04-22 16:05:21.860','2023-04-22 16:12:15.287','clgs40jg40005kr9726jsxqrh','clgs40ji8003ykr97xrs7ydyn','clhx8l3ga003iptn9ttlwr2nl'),('clgs69kgg003dkrbof70ss5di','SELL','ENDED',100,0.54,5,'2023-04-22 16:05:40.433','2023-04-22 16:12:16.194','clgs40jg40005kr9726jsxqrh','clgs40ji8003ykr97xrs7ydyn','clhx8l3fs0036ptn9jyl9jjqz'),('clgs69q5l003fkrboat230lcw','SELL','ENDED',100,0.54,5,'2023-04-22 16:05:47.817','2023-04-22 16:12:17.222','clgs40jg40005kr9726jsxqrh','clgs40ji8003ykr97xrs7ydyn','clhx8l3ga003jptn94wwsrhq7'),('clgs69v6m003hkrbovuwsqyf5','SELL','ENDED',100,0.54,5,'2023-04-22 16:05:54.334','2023-04-22 16:12:18.208','clgs40jg40005kr9726jsxqrh','clgs40ji8003ykr97xrs7ydyn','clhx8l3fs0037ptn9jq93d1gr'),('clgs6a8pz003jkrbojze2cvmu','SELL','ENDED',100,0.54,5,'2023-04-22 16:06:11.880','2023-04-22 16:12:19.214','clgs40jg40005kr9726jsxqrh','clgs40ji8003ykr97xrs7ydyn','clhx8l3fs0038ptn9df1y6r1z'),('clgs6asyc003lkrbo8hlkhlvq','SELL','ENDED',101,0.54,11,'2023-04-22 16:06:38.100','2023-04-22 16:12:20.157','clgs40jg40005kr9726jsxqrh','clgs40ji7003fkr97fqq3ihnl','clhx8l3gb003mptn93in85tgb'),('clgs6b0fa003nkrbozsumttbo','SELL','ENDED',101,0.54,11,'2023-04-22 16:06:47.783','2023-04-22 16:12:21.031','clgs40jg40005kr9726jsxqrh','clgs40ji7003fkr97fqq3ihnl','clhx8l3gb003rptn9qj3lv0u4'),('clgs6b5zc003pkrbo3ccy7w9a','SELL','ENDED',101,0.54,11,'2023-04-22 16:06:54.984','2023-04-22 16:12:21.952','clgs40jg40005kr9726jsxqrh','clgs40ji7003fkr97fqq3ihnl','clhx8l3g5003eptn9i30moigq'),('clgs6bcv8003rkrbok7k8rtje','SELL','ENDED',101,0.54,11,'2023-04-22 16:07:03.909','2023-04-22 16:12:22.970','clgs40jg40005kr9726jsxqrh','clgs40ji7003fkr97fqq3ihnl','clhx8l3h0004gptn9wobqwyux'),('clgs6c3tm003tkrboae9txkbv','SELL','ENDED',101,0.54,11,'2023-04-22 16:07:38.842','2023-04-22 16:12:23.938','clgs40jg40005kr9726jsxqrh','clgs40ji7003fkr97fqq3ihnl','clhx8l3gb0048ptn9hqpjwsx1'),('clgs6c9ah003vkrboyhfvpizc','SELL','ENDED',101,0.54,11,'2023-04-22 16:07:45.929','2023-04-22 16:12:26.170','clgs40jg40005kr9726jsxqrh','clgs40ji7003fkr97fqq3ihnl','clhx8l3gb003qptn92opjzruv'),('clgs6cqag003xkrbol23zdmfo','SELL','ENDED',101,0.54,11,'2023-04-22 16:08:07.960','2023-04-22 16:12:27.797','clgs40jg40005kr9726jsxqrh','clgs40ji7003fkr97fqq3ihnl','clhx8l3gb003zptn984qlfmxn'),('clgs6cu9a003zkrbo8vonw5sh','SELL','ENDED',101,0.54,11,'2023-04-22 16:08:13.103','2023-04-22 16:12:29.023','clgs40jg40005kr9726jsxqrh','clgs40ji7003fkr97fqq3ihnl','clhx8l3ga003hptn9z7p04fxi'),('clgs6e6e10041krboovmzqfu5','SELL','ENDED',101,0.54,11,'2023-04-22 16:09:15.482','2023-04-22 16:12:30.393','clgs40jg40005kr9726jsxqrh','clgs40ji7003fkr97fqq3ihnl','clhx8l3gb0049ptn9y10yoyr8'),('clgs6er2h0043krboeqkmmkby','SELL','ENDED',80,0.56,11,'2023-04-22 16:09:42.281','2023-04-22 16:12:31.722','clgs40jg40005kr9726jsxqrh','clgs40jgq001lkr97t2dbn5zr','clhx8l3gb003lptn9amoro7xe'),('clgs6evf30045krboitvrmrus','SELL','ENDED',80,0.56,11,'2023-04-22 16:09:47.919','2023-04-22 16:12:35.590','clgs40jg40005kr9726jsxqrh','clgs40jgq001lkr97t2dbn5zr','clhx8l3h0004eptn95baoudxp'),('clgs6f1ju0047krbodcol0a69','SELL','ENDED',80,0.56,11,'2023-04-22 16:09:55.866','2023-04-22 16:12:36.779','clgs40jg40005kr9726jsxqrh','clgs40jgq001lkr97t2dbn5zr','clhx8l3gb003sptn997w9eokb'),('clgs6f5hr0049krbofvqvth0t','SELL','ENDED',80,0.56,11,'2023-04-22 16:10:00.976','2023-04-22 16:12:37.930','clgs40jg40005kr9726jsxqrh','clgs40jgq001lkr97t2dbn5zr','clhx8l3h00051ptn9puqtyvhi'),('clgs6ftlp004bkrbo613xqvhu','SELL','ENDED',50,0.57,24,'2023-04-22 16:10:32.221','2023-04-22 16:12:38.957','clgs40jg40005kr9726jsxqrh','clgs40jgq001pkr97vlgygb4r','clhx8l3gb003vptn9hj6cxcpq'),('clgs6fy9z004dkrbosp10l14x','SELL','ENDED',50,0.57,24,'2023-04-22 16:10:38.280','2023-04-22 16:12:39.956','clgs40jg40005kr9726jsxqrh','clgs40jgq001pkr97vlgygb4r','clhx8l3h0004lptn9dxwbjn1o'),('clgs6g349004fkrboylb5lzur','SELL','ENDED',50,0.57,24,'2023-04-22 16:10:44.553','2023-04-22 16:12:41.089','clgs40jg40005kr9726jsxqrh','clgs40jgq001pkr97vlgygb4r','clhx8l3h0004optn9nrk3ztx4'),('clgs6g8ao004hkrbonf7hs5hf','SELL','ENDED',50,0.57,24,'2023-04-22 16:10:51.264','2023-04-22 16:12:42.305','clgs40jg40005kr9726jsxqrh','clgs40jgq001pkr97vlgygb4r','clhx8l3h0004fptn946d7tuy5'),('clgs6jrfz004jkrboy9w7g4c4','SELL','RETURNED',80,0.56,11,'2023-04-22 16:13:36.048','2023-04-22 16:21:31.059','clgs40jg40005kr9726jsxqrh','clgs40jgq001lkr97t2dbn5zr','clhx8l3h0004sptn91o5mfkzc'),('clgs6k46e004lkrboyhh2picq','SELL','RETURNED',50,0.57,24,'2023-04-22 16:13:52.551','2023-04-22 16:21:32.986','clgs40jg40005kr9726jsxqrh','clgs40jgq001pkr97vlgygb4r','clhx8l3h0004yptn98t3mogju'),('clgs6knkp004nkrbo8m6b1owx','SELL','ENDED',50,0.57,24,'2023-04-22 16:14:17.689','2023-04-22 16:21:35.086','clgs40jg40005kr9726jsxqrh','clgs40jgq001pkr97vlgygb4r','clhx8l3gb003xptn9ekt62u37'),('clgs6krh9004pkrboowgwtwah','SELL','ENDED',50,0.57,24,'2023-04-22 16:14:22.749','2023-04-22 16:21:36.843','clgs40jg40005kr9726jsxqrh','clgs40jgq001pkr97vlgygb4r','clhx8l3gb003yptn9ca6qujn5'),('clgs6kwj9004rkrboqos68g2s','SELL','ENDED',50,0.57,24,'2023-04-22 16:14:29.301','2023-04-22 16:21:38.004','clgs40jg40005kr9726jsxqrh','clgs40jgq001pkr97vlgygb4r','clhx8l3h0004mptn9cor3rd61'),('clgs6l0oz004tkrbojd53gzxq','SELL','ENDED',50,0.57,24,'2023-04-22 16:14:34.692','2023-04-22 16:21:39.061','clgs40jg40005kr9726jsxqrh','clgs40jgq001pkr97vlgygb4r','clhx8l3gb0040ptn9902tqle4'),('clgs6llde004vkrborzb7g2q1','SELL','ENDED',80,0.56,11,'2023-04-22 16:15:01.490','2023-04-22 16:21:40.072','clgs40jg40005kr9726jsxqrh','clgs40jgq001lkr97t2dbn5zr','clhx8l3gs004cptn9oie4rl13'),('clgs6lpxe004xkrboaegg2r9v','SELL','ENDED',80,0.56,11,'2023-04-22 16:15:07.394','2023-04-22 16:21:43.386','clgs40jg40005kr9726jsxqrh','clgs40jgq001lkr97t2dbn5zr','clhx8l3h0004hptn9jvfjzxao'),('clgs6lw3l004zkrbomzy2ewua','SELL','ENDED',80,0.56,11,'2023-04-22 16:15:15.393','2023-04-22 16:21:44.466','clgs40jg40005kr9726jsxqrh','clgs40jgq001lkr97t2dbn5zr','clhx8l3h0004zptn9n2im76x4'),('clgs6ms6a0051krbodu7apnb8','SELL','ENDED',101,0.54,11,'2023-04-22 16:15:56.962','2023-04-22 16:21:45.483','clgs40jg40005kr9726jsxqrh','clgs40ji7003fkr97fqq3ihnl','clhx8l3h0004qptn9iafcvvx2'),('clgs6mwik0053krbo8qt1yzal','SELL','ENDED',101,0.54,11,'2023-04-22 16:16:02.589','2023-04-22 16:21:46.518','clgs40jg40005kr9726jsxqrh','clgs40ji7003fkr97fqq3ihnl','clhx8l3hl005aptn9roqhjn3d'),('clgs6n1z50055krborjyvk1xd','SELL','ENDED',101,0.54,11,'2023-04-22 16:16:09.665','2023-04-22 16:21:47.480','clgs40jg40005kr9726jsxqrh','clgs40ji7003fkr97fqq3ihnl','clhx8l3hu005dptn9lm9uw1ab'),('clgs6n7if0057krboslr1265t','SELL','ENDED',101,0.54,11,'2023-04-22 16:16:16.840','2023-04-22 16:21:48.432','clgs40jg40005kr9726jsxqrh','clgs40ji7003fkr97fqq3ihnl','clhx8l3h0004uptn90cx3v8rw'),('clgs6nbcz0059krboiwf1kzos','SELL','ENDED',101,0.54,11,'2023-04-22 16:16:21.828','2023-04-22 16:21:49.337','clgs40jg40005kr9726jsxqrh','clgs40ji7003fkr97fqq3ihnl','clhx8l3hu005cptn99gvlcn8v'),('clgs6nfvv005bkrboky8ytc43','SELL','ENDED',101,0.54,11,'2023-04-22 16:16:27.691','2023-04-22 16:21:50.241','clgs40jg40005kr9726jsxqrh','clgs40ji7003fkr97fqq3ihnl','clhx8l3j8007dptn9scztzivt'),('clgs6pz2x005dkrbowihwex5p','SELL','ENDED',100,0.54,3,'2023-04-22 16:18:25.881','2023-04-22 16:21:51.393','clgs40jg40005kr9726jsxqrh','clgs40ji8003nkr97qi2mlvb2','clhx8l3ij006cptn9zq3wviqw'),('clgs6q2cm005fkrbo6bqoqx3k','SELL','ENDED',100,0.54,3,'2023-04-22 16:18:30.119','2023-04-22 16:21:52.396','clgs40jg40005kr9726jsxqrh','clgs40ji8003nkr97qi2mlvb2','clhx8l3hu005pptn94ie0x0qw'),('clgs6q7c3005hkrbouv78361y','SELL','ENDED',100,0.54,3,'2023-04-22 16:18:36.580','2023-04-22 16:21:53.396','clgs40jg40005kr9726jsxqrh','clgs40ji8003nkr97qi2mlvb2','clhx8l3hu005fptn9pf9q7ql8'),('clgs6qbto005jkrbopfyj8gel','SELL','ENDED',100,0.54,3,'2023-04-22 16:18:42.396','2023-04-22 16:21:54.306','clgs40jg40005kr9726jsxqrh','clgs40ji8003nkr97qi2mlvb2','clhx8l3h0004wptn9vzdlfx0s'),('clgs6qkst005lkrboravm1loj','SELL','ENDED',100,0.54,3,'2023-04-22 16:18:54.029','2023-04-22 16:21:55.159','clgs40jg40005kr9726jsxqrh','clgs40ji8003nkr97qi2mlvb2','clhx8l3hu005jptn9pl9k4y4w'),('clgs6ruyl005nkrbo8cvd9oj0','SELL','ENDED',100,0.54,5,'2023-04-22 16:19:53.853','2023-04-22 16:21:56.063','clgs40jg40005kr9726jsxqrh','clgs40ji8003ykr97xrs7ydyn','clhx8l3h0004tptn9ki7mlbng'),('clgs6s0jh005pkrbo46znn6jj','SELL','ENDED',100,0.54,5,'2023-04-22 16:20:01.085','2023-04-22 16:21:56.970','clgs40jg40005kr9726jsxqrh','clgs40ji8003ykr97xrs7ydyn','clhx8l3h00052ptn94ml62xmn'),('clgs6s4hn005rkrboha4afomg','SELL','ENDED',100,0.54,5,'2023-04-22 16:20:06.204','2023-04-22 16:21:57.810','clgs40jg40005kr9726jsxqrh','clgs40ji8003ykr97xrs7ydyn','clhx8l3hu005eptn9hfqstw33'),('clgs6s8tk005tkrboimpzgwdg','SELL','ENDED',100,0.54,5,'2023-04-22 16:20:11.816','2023-04-22 16:21:58.655','clgs40jg40005kr9726jsxqrh','clgs40ji8003ykr97xrs7ydyn','clhx8l3hu005yptn9iuyjig95'),('clgs6sdvh005vkrbo7ktm0ddc','SELL','ENDED',100,0.54,5,'2023-04-22 16:20:18.365','2023-04-22 16:21:59.540','clgs40jg40005kr9726jsxqrh','clgs40ji8003ykr97xrs7ydyn','clhx8l3ik006optn9doctmyuq'),('clgs6shs4005xkrbors3fbn2v','SELL','ENDED',100,0.54,5,'2023-04-22 16:20:23.428','2023-04-22 16:22:01.252','clgs40jg40005kr9726jsxqrh','clgs40ji8003ykr97xrs7ydyn','clhx8l3ik006yptn9w8scp5h6'),('clgs6sl41005zkrbo0uk9vf9t','SELL','ENDED',100,0.54,5,'2023-04-22 16:20:27.745','2023-04-22 16:22:02.392','clgs40jg40005kr9726jsxqrh','clgs40ji8003ykr97xrs7ydyn','clhx8l3hu005lptn90w655amx'),('clgs6sons0061krbo47dqirvj','SELL','ENDED',100,0.54,5,'2023-04-22 16:20:32.344','2023-04-22 16:22:03.416','clgs40jg40005kr9726jsxqrh','clgs40ji8003ykr97xrs7ydyn','clhx8l3ij006bptn9e0fa92ji'),('clgs6st8p0063krbo5t88y707','SELL','ENDED',100,0.54,5,'2023-04-22 16:20:38.281','2023-04-22 16:22:04.516','clgs40jg40005kr9726jsxqrh','clgs40ji8003ykr97xrs7ydyn','clhx8l3hu005mptn98035cwcv'),('clgs6w5ek0065krbolgk22or3','SELL','RETURNED',101,0.54,11,'2023-04-22 16:23:14.013','2023-04-22 16:24:22.084','clgs40jg40005kr9726jsxqrh','clgs40ji7003fkr97fqq3ihnl','clhx8l3hu005rptn94co3mlxd'),('clgs6wj360067krbovffvltgh','SELL','RETURNED',100,0.54,5,'2023-04-22 16:23:31.747','2023-04-22 16:24:23.385','clgs40jg40005kr9726jsxqrh','clgs40ji8003ykr97xrs7ydyn','clhx8l3hu005qptn9pmmq29v8'),('clgs6wutd0069krboyivjco5y','SELL','RETURNED',80,0.56,11,'2023-04-22 16:23:46.945','2023-04-22 16:24:24.933','clgs40jg40005kr9726jsxqrh','clgs40jgq001lkr97t2dbn5zr','clhx8l3ij006aptn9behiso2u'),('clgs6x4m9006bkrbost3fn1rd','SELL','RETURNED',50,0.57,24,'2023-04-22 16:23:59.650','2023-04-22 16:24:26.400','clgs40jg40005kr9726jsxqrh','clgs40jgq001pkr97vlgygb4r','clhx8l3ik006dptn90hkhq2ks'),('clgs6ybjk006dkrbosj8x8lqm','SELL','ENDED',80,0.56,11,'2023-04-22 16:24:55.281','2023-04-22 16:33:23.919','clgs40jg40005kr9726jsxqrh','clgs40jgq001lkr97t2dbn5zr','clhx8l3hu005nptn9ckjpcfnu'),('clgs6yggk006fkrboc6ejzxqo','SELL','ENDED',80,0.56,11,'2023-04-22 16:25:01.652','2023-04-22 16:33:25.503','clgs40jg40005kr9726jsxqrh','clgs40jgq001lkr97t2dbn5zr','clhx8l3hu005optn9ln1hvhcr'),('clgs6z09i006hkrbozdbnqijw','SELL','ENDED',50,0.57,24,'2023-04-22 16:25:27.318','2023-04-22 16:33:26.586','clgs40jg40005kr9726jsxqrh','clgs40jgq001pkr97vlgygb4r','clhx8l3hu005tptn9j6yy0ou3'),('clgs6z5ng006jkrbons62srcg','SELL','ENDED',50,0.57,24,'2023-04-22 16:25:34.300','2023-04-22 16:33:27.690','clgs40jg40005kr9726jsxqrh','clgs40jgq001pkr97vlgygb4r','clhx8l3hu005xptn9ubdqp0n8'),('clgs6zbu0006lkrbog3tw1f6y','SELL','ENDED',50,0.57,24,'2023-04-22 16:25:42.311','2023-04-22 16:33:28.777','clgs40jg40005kr9726jsxqrh','clgs40jgq001pkr97vlgygb4r','clhx8l3j8007cptn95k264sps'),('clgs6zgjt006nkrboxr60pxea','SELL','ENDED',50,0.57,24,'2023-04-22 16:25:48.426','2023-04-22 16:33:29.804','clgs40jg40005kr9726jsxqrh','clgs40jgq001pkr97vlgygb4r','clhx8l3j8007bptn99tno8bb5'),('clgs6zmng006pkrbowxxlm8zn','SELL','ENDED',50,0.57,24,'2023-04-22 16:25:56.332','2023-04-22 16:33:30.821','clgs40jg40005kr9726jsxqrh','clgs40jgq001pkr97vlgygb4r','clhx8l3j9007nptn93gftpuev'),('clgs6zu9z006rkrbota3o6rif','SELL','ENDED',50,0.57,24,'2023-04-22 16:26:06.216','2023-04-22 16:33:31.844','clgs40jg40005kr9726jsxqrh','clgs40jgq001pkr97vlgygb4r','clhx8l3hu0061ptn92g2hp0cs'),('clgs70d6j006tkrboz2bncuq5','SELL','ENDED',50,0.57,24,'2023-04-22 16:26:30.715','2023-04-22 16:33:32.859','clgs40jg40005kr9726jsxqrh','clgs40jgq001pkr97vlgygb4r','clhx8l3i60068ptn9vgc42l1s'),('clgs716vh006vkrboyf6x4fme','SELL','ENDED',101,0.54,11,'2023-04-22 16:27:09.198','2023-04-22 16:33:34.611','clgs40jg40005kr9726jsxqrh','clgs40ji7003fkr97fqq3ihnl','clhx8l3j9007fptn97p1zuhsj'),('clgs71lbc006xkrbohpben6aa','SELL','ENDED',101,0.54,11,'2023-04-22 16:27:27.912','2023-04-22 16:33:36.199','clgs40jg40005kr9726jsxqrh','clgs40ji7003fkr97fqq3ihnl','clhx8l3j9007optn9morgvx3d'),('clgs71wdp006zkrbotwygdj6n','SELL','ENDED',101,0.54,11,'2023-04-22 16:27:42.253','2023-04-22 16:33:37.311','clgs40jg40005kr9726jsxqrh','clgs40ji7003fkr97fqq3ihnl','clhx8l3ik006gptn91ti0ivmz'),('clgs72d7i0071krboznk7f09z','SELL','ENDED',101,0.54,11,'2023-04-22 16:28:04.062','2023-04-22 16:33:38.351','clgs40jg40005kr9726jsxqrh','clgs40ji7003fkr97fqq3ihnl','clhx8l3ik006iptn9qf6yiqpu'),('clgs72hid0073krbozhyq4vkx','SELL','ENDED',101,0.54,11,'2023-04-22 16:28:09.637','2023-04-22 16:33:39.452','clgs40jg40005kr9726jsxqrh','clgs40ji7003fkr97fqq3ihnl','clhx8l3j9007gptn9r96v3ie3'),('clgs734gb0075krbokjq8mvm4','SELL','ENDED',100,0.54,3,'2023-04-22 16:28:39.372','2023-04-22 16:33:40.532','clgs40jg40005kr9726jsxqrh','clgs40ji8003nkr97qi2mlvb2','clhx8l3io0075ptn9vdhkq5dd'),('clgs7385r0077krboldn0hife','SELL','ENDED',100,0.54,3,'2023-04-22 16:28:44.176','2023-04-22 16:33:41.643','clgs40jg40005kr9726jsxqrh','clgs40ji8003nkr97qi2mlvb2','clhx8l3jr0088ptn9xa5ijnky'),('clgs73bh70079krbo8lk5fq2x','SELL','ENDED',100,0.54,3,'2023-04-22 16:28:48.475','2023-04-22 16:33:44.051','clgs40jg40005kr9726jsxqrh','clgs40ji8003nkr97qi2mlvb2','clhx8l3j9007pptn975wusdx4'),('clgs73goe007bkrbovla34zoh','SELL','ENDED',100,0.54,3,'2023-04-22 16:28:55.214','2023-04-22 16:33:45.126','clgs40jg40005kr9726jsxqrh','clgs40ji8003nkr97qi2mlvb2','clhx8l3jm0086ptn9sy4czyks'),('clgs73nd9007dkrbobgiqpvqj','SELL','ENDED',100,0.54,3,'2023-04-22 16:29:03.885','2023-04-22 16:33:46.178','clgs40jg40005kr9726jsxqrh','clgs40ji8003nkr97qi2mlvb2','clhx8l3ik006jptn9e69uqy1c'),('clgs74iti007fkrboxvap4hdx','SELL','ENDED',100,0.54,5,'2023-04-22 16:29:44.646','2023-04-22 16:33:47.323','clgs40jg40005kr9726jsxqrh','clgs40ji8003ykr97xrs7ydyn','clhx8l3ik006kptn9w38t5pfw'),('clgs74mz2007hkrbo7qrtnphx','SELL','ENDED',100,0.54,5,'2023-04-22 16:29:50.030','2023-04-22 16:33:48.563','clgs40jg40005kr9726jsxqrh','clgs40ji8003ykr97xrs7ydyn','clhx8l3ik006nptn9kcszozaq'),('clgs7ajrj007jkrbovdqafl5w','SELL','RETURNED',100,0.54,5,'2023-04-22 16:34:25.808','2023-04-22 16:34:31.291','clgs40jg40005kr9726jsxqrh','clgs40ji8003ykr97xrs7ydyn','clhx8l3ik006qptn9k56axaj0'),('clgt5onct0001krnj09do6o8z','SELL','ENDED',80,0.56,11,'2023-04-23 08:37:10.590','2023-04-23 08:56:44.482','clgs40jg40005kr9726jsxqrh','clgs40jgq001lkr97t2dbn5zr','clhx8l3ik006rptn9hkppx6dc'),('clgt5opzl0003krnjn9o92k0e','SELL','ENDED',80,0.56,11,'2023-04-23 08:37:14.001','2023-04-23 08:56:46.063','clgs40jg40005kr9726jsxqrh','clgs40jgq001lkr97t2dbn5zr','clhx8l3j9007tptn94qyubdlb'),('clgt5otb20005krnjk5vrbhao','SELL','ENDED',80,0.56,11,'2023-04-23 08:37:18.303','2023-04-23 08:56:47.007','clgs40jg40005kr9726jsxqrh','clgs40jgq001lkr97t2dbn5zr','clhx8l3js008qptn9dsshx2gi'),('clgt5ovfy0007krnjtzeydwip','SELL','ENDED',80,0.56,11,'2023-04-23 08:37:21.070','2023-04-23 08:56:47.864','clgs40jg40005kr9726jsxqrh','clgs40jgq001lkr97t2dbn5zr','clhx8l3ik006tptn99qz6bi8m'),('clgt5oxiu0009krnj3i89tgnc','SELL','ENDED',80,0.56,11,'2023-04-23 08:37:23.766','2023-04-23 08:56:48.693','clgs40jg40005kr9726jsxqrh','clgs40jgq001lkr97t2dbn5zr','clhx8l3ik0070ptn9uora3hxt'),('clgt5ozk5000bkrnj6o3zkbie','SELL','ENDED',80,0.56,11,'2023-04-23 08:37:26.405','2023-04-23 08:56:50.273','clgs40jg40005kr9726jsxqrh','clgs40jgq001lkr97t2dbn5zr','clhx8l3io0074ptn961usitwu'),('clgt5p1dy000dkrnj23zx65wr','SELL','ENDED',80,0.56,11,'2023-04-23 08:37:28.774','2023-04-23 08:56:51.236','clgs40jg40005kr9726jsxqrh','clgs40jgq001lkr97t2dbn5zr','clhx8l3j9007wptn9f00ntje5'),('clgt5p32y000fkrnjfvyba4e2','SELL','ENDED',80,0.56,11,'2023-04-23 08:37:30.971','2023-04-23 08:56:52.013','clgs40jg40005kr9726jsxqrh','clgs40jgq001lkr97t2dbn5zr','clhx8l3j20078ptn9ii2sogyx'),('clgt5p4pj000hkrnj6azhqsxi','SELL','ENDED',80,0.56,11,'2023-04-23 08:37:33.080','2023-04-23 08:56:52.920','clgs40jg40005kr9726jsxqrh','clgs40jgq001lkr97t2dbn5zr','clhx8l3j8007aptn9o4q6nfvt'),('clgt5p6fy000jkrnjpnxsxwky','SELL','ENDED',80,0.56,11,'2023-04-23 08:37:35.326','2023-04-23 08:56:53.734','clgs40jg40005kr9726jsxqrh','clgs40jgq001lkr97t2dbn5zr','clhx8l3j9007rptn90jiwd1zf'),('clgt5qfcr000lkrnj4sw95y6m','SELL','ENDED',50,0.57,24,'2023-04-23 08:38:33.532','2023-04-23 08:56:54.484','clgs40jg40005kr9726jsxqrh','clgs40jgq001pkr97vlgygb4r','clhx8l3j9007mptn9f9m8wuuk'),('clgt5qgrx000nkrnjsg99f7wv','SELL','ENDED',50,0.57,24,'2023-04-23 08:38:35.374','2023-04-23 08:56:55.306','clgs40jg40005kr9726jsxqrh','clgs40jgq001pkr97vlgygb4r','clhx8l3j9007qptn96tjowlv6'),('clgt5qhte000pkrnji9moxwov','SELL','ENDED',50,0.57,24,'2023-04-23 08:38:36.723','2023-04-23 08:56:56.067','clgs40jg40005kr9726jsxqrh','clgs40jgq001pkr97vlgygb4r','clhx8l3k60094ptn91ffao5s8'),('clgt5qiz3000rkrnjffc15f9r','SELL','ENDED',50,0.57,24,'2023-04-23 08:38:38.223','2023-04-23 08:56:56.963','clgs40jg40005kr9726jsxqrh','clgs40jgq001pkr97vlgygb4r','clhx8l3kb0096ptn9rrczhlj7'),('clgt5qk2u000tkrnj49gec379','SELL','ENDED',50,0.57,24,'2023-04-23 08:38:39.655','2023-04-23 08:56:57.791','clgs40jg40005kr9726jsxqrh','clgs40jgq001pkr97vlgygb4r','clhx8l3js008xptn9frp2up8m'),('clgt5qla9000vkrnjbfefs8r7','SELL','ENDED',50,0.57,24,'2023-04-23 08:38:41.217','2023-04-23 08:56:58.606','clgs40jg40005kr9726jsxqrh','clgs40jgq001pkr97vlgygb4r','clhx8l3kb0097ptn9t97muys1'),('clgt5qmo6000xkrnjat8mpo28','SELL','ENDED',50,0.57,24,'2023-04-23 08:38:43.014','2023-04-23 08:57:00.104','clgs40jg40005kr9726jsxqrh','clgs40jgq001pkr97vlgygb4r','clhx8l3js0092ptn94y1gvb6i'),('clgt5qnz6000zkrnjxyerxxpt','SELL','ENDED',50,0.57,24,'2023-04-23 08:38:44.707','2023-04-23 08:57:01.027','clgs40jg40005kr9726jsxqrh','clgs40jgq001pkr97vlgygb4r','clhx8l3j90081ptn9hnbvhu7f'),('clgt5qp7d0011krnj941jtpem','SELL','ENDED',50,0.57,24,'2023-04-23 08:38:46.298','2023-04-23 08:57:01.858','clgs40jg40005kr9726jsxqrh','clgs40jgq001pkr97vlgygb4r','clhx8l3js008kptn9143xh9el'),('clgt5qqg80013krnj34t5jf7z','SELL','ENDED',50,0.57,24,'2023-04-23 08:38:47.913','2023-04-23 08:57:02.924','clgs40jg40005kr9726jsxqrh','clgs40jgq001pkr97vlgygb4r','clhx8l3js008lptn917w15lfl'),('clgt5qrms0015krnj2n71gt1q','SELL','ENDED',50,0.57,24,'2023-04-23 08:38:49.443','2023-04-23 08:57:03.814','clgs40jg40005kr9726jsxqrh','clgs40jgq001pkr97vlgygb4r','clhx8l3j9007zptn9cm3ll3dm'),('clgt5qsqu0017krnj93a2crdp','SELL','ENDED',50,0.57,24,'2023-04-23 08:38:50.886','2023-04-23 08:57:04.854','clgs40jg40005kr9726jsxqrh','clgs40jgq001pkr97vlgygb4r','clhx8l3js008hptn921z885ca'),('clgt5sdhp0019krnjkkog2jfc','SELL','ENDED',101,0.54,4,'2023-04-23 08:40:04.429','2023-04-23 08:57:05.857','clgs40jg40005kr9726jsxqrh','clgs40jgq0027kr97bau2piw0','clhx8l3js008pptn9b9ufp04g'),('clgt5t5fu001bkrnjkzqpfa3s','SELL','ENDED',100,0.54,3,'2023-04-23 08:40:40.650','2023-04-23 08:57:07.603','clgs40jg40005kr9726jsxqrh','clgs40ji8003nkr97qi2mlvb2','clhx8l3kb0098ptn9y06frrdf'),('clgt5t7h0001dkrnjdmwv3f66','SELL','ENDED',100,0.54,3,'2023-04-23 08:40:43.284','2023-04-23 08:57:08.549','clgs40jg40005kr9726jsxqrh','clgs40ji8003nkr97qi2mlvb2','clhx8l3js008aptn9mt9ipyiw'),('clgt5t9dp001fkrnjzoxnppur','SELL','ENDED',100,0.54,3,'2023-04-23 08:40:45.757','2023-04-23 08:57:09.362','clgs40jg40005kr9726jsxqrh','clgs40ji8003nkr97qi2mlvb2','clhx8l3js0089ptn9lrg9wvg7'),('clgt5tbb2001hkrnj2qxfasij','SELL','ENDED',100,0.54,3,'2023-04-23 08:40:48.254','2023-04-23 08:57:10.211','clgs40jg40005kr9726jsxqrh','clgs40ji8003nkr97qi2mlvb2','clhx8l3kb009kptn91l2oc3t3'),('clgt5tdfa001jkrnj9ds68qmo','SELL','ENDED',100,0.54,3,'2023-04-23 08:40:50.998','2023-04-23 08:57:11.490','clgs40jg40005kr9726jsxqrh','clgs40ji8003nkr97qi2mlvb2','clhx8l3kb009mptn9s6yq6wh2'),('clgt5tfqt001lkrnj6yurgd6y','SELL','ENDED',100,0.54,3,'2023-04-23 08:40:54.006','2023-04-23 08:57:13.375','clgs40jg40005kr9726jsxqrh','clgs40ji8003nkr97qi2mlvb2','clhx8l3js008dptn99axytvg4'),('clgt5ti25001nkrnj5aiv7zw3','SELL','ENDED',100,0.54,3,'2023-04-23 08:40:57.005','2023-04-23 08:57:14.277','clgs40jg40005kr9726jsxqrh','clgs40ji8003nkr97qi2mlvb2','clhx8l3kb0099ptn9x0i12668'),('clgt5u7jh001pkrnjma74yyp0','SELL','ENDED',100,0.54,5,'2023-04-23 08:41:30.030','2023-04-23 08:57:15.027','clgs40jg40005kr9726jsxqrh','clgs40ji8003ykr97xrs7ydyn','clhx8l3js008bptn9vspyybi8'),('clgt5u98l001rkrnjp2qe376m','SELL','ENDED',100,0.54,5,'2023-04-23 08:41:32.230','2023-04-23 08:57:15.825','clgs40jg40005kr9726jsxqrh','clgs40ji8003ykr97xrs7ydyn','clhx8l3js008iptn9llbpgbz1'),('clgt5ualw001tkrnj6tma1mfg','SELL','ENDED',100,0.54,5,'2023-04-23 08:41:34.004','2023-04-23 08:57:16.589','clgs40jg40005kr9726jsxqrh','clgs40ji8003ykr97xrs7ydyn','clhx8l3js008mptn9y82c979t'),('clgt5ubxw001vkrnjxknf17qz','SELL','ENDED',100,0.54,5,'2023-04-23 08:41:35.733','2023-04-23 08:57:17.502','clgs40jg40005kr9726jsxqrh','clgs40ji8003ykr97xrs7ydyn','clhx8l3kb009sptn9whoxn1rv'),('clgt5uden001xkrnj2p60o1j8','SELL','ENDED',100,0.54,5,'2023-04-23 08:41:37.631','2023-04-23 08:57:18.476','clgs40jg40005kr9726jsxqrh','clgs40ji8003ykr97xrs7ydyn','clhx8l3kb009hptn936wafvl7'),('clgt5uetd001zkrnj7x4qfo1p','SELL','ENDED',100,0.54,5,'2023-04-23 08:41:39.458','2023-04-23 08:57:19.354','clgs40jg40005kr9726jsxqrh','clgs40ji8003ykr97xrs7ydyn','clhx8l3js008rptn9oh2413oa'),('clgt5ug5c0021krnjlyq7gss3','SELL','ENDED',100,0.54,5,'2023-04-23 08:41:41.185','2023-04-23 08:57:20.253','clgs40jg40005kr9726jsxqrh','clgs40ji8003ykr97xrs7ydyn','clhx8l3l100aiptn9km7u8yrv'),('clgt65n430023krnjewyvly3u','SELL','ENDED',10,0.54,4,'2023-04-23 08:50:23.427','2023-04-23 08:57:21.317','clgs40jg40005kr9726jsxqrh','clgs40ji80040kr97ucc4hs70','clhx8l3js008sptn9j4gdlpjs'),('clgt6dbgh0025krnj1ekhpke0','SELL','ENDED',101,0.54,4,'2023-04-23 08:56:21.569','2023-04-23 08:57:22.215','clgs40jg40005kr9726jsxqrh','clgs40jgq0027kr97bau2piw0','clhx8l3l100a5ptn97b6604nu'),('clgt6fks80027krnjxkr6tnta','SELL','RETURNED',80,0.56,11,'2023-04-23 08:58:06.969','2023-04-23 09:03:08.776','clgs40jg40005kr9726jsxqrh','clgs40jgq001lkr97t2dbn5zr','clhx8l3kb009aptn9ptd98e37'),('clgt6gfk50029krnjsz3tahv1','SELL','ENDED',101,0.54,4,'2023-04-23 08:58:46.854','2023-04-23 09:03:55.518','clgs40jg40005kr9726jsxqrh','clgs40jgq0027kr97bau2piw0','clhx8l3l100a6ptn9hvwqqv37'),('clgt6gh4n002bkrnjwk02tuf5','SELL','ENDED',101,0.54,4,'2023-04-23 08:58:48.887','2023-04-23 09:03:56.770','clgs40jg40005kr9726jsxqrh','clgs40jgq0027kr97bau2piw0','clhx8l3kc009wptn970bzslaq'),('clgt6h9rg002dkrnjbog3910r','SELL','ENDED',50,0.57,24,'2023-04-23 08:59:25.996','2023-04-23 09:03:57.860','clgs40jg40005kr9726jsxqrh','clgs40jgq001pkr97vlgygb4r','clhx8l3l100a7ptn9bew34edj'),('clgt6haqr002fkrnj28frf23v','SELL','ENDED',50,0.57,24,'2023-04-23 08:59:27.267','2023-04-23 09:03:58.911','clgs40jg40005kr9726jsxqrh','clgs40jgq001pkr97vlgygb4r','clhx8l3l100aaptn9w4j4l4ja'),('clgt6hbro002hkrnj6ch5y2dt','SELL','ENDED',50,0.57,24,'2023-04-23 08:59:28.596','2023-04-23 09:03:59.920','clgs40jg40005kr9726jsxqrh','clgs40jgq001pkr97vlgygb4r','clhx8l3kb009fptn9vnkph060'),('clgt6hcqt002jkrnj59gxvzyq','SELL','ENDED',50,0.57,24,'2023-04-23 08:59:29.861','2023-04-23 09:04:00.880','clgs40jg40005kr9726jsxqrh','clgs40jgq001pkr97vlgygb4r','clhx8l3kv00a2ptn9igpr1t14'),('clgt6hdvi002lkrnjouyso7bv','SELL','ENDED',50,0.57,24,'2023-04-23 08:59:31.326','2023-04-23 09:04:01.828','clgs40jg40005kr9726jsxqrh','clgs40jgq001pkr97vlgygb4r','clhx8l3l100adptn9z93lsk3k'),('clgt6hex3002nkrnjagczyll8','SELL','ENDED',50,0.57,24,'2023-04-23 08:59:32.679','2023-04-23 09:04:02.747','clgs40jg40005kr9726jsxqrh','clgs40jgq001pkr97vlgygb4r','clhx8l3l100auptn9bio1fnko'),('clgt6hg0i002pkrnj5fjiachi','SELL','ENDED',50,0.57,24,'2023-04-23 08:59:34.098','2023-04-23 09:04:03.657','clgs40jg40005kr9726jsxqrh','clgs40jgq001pkr97vlgygb4r','clhx8l3kb009eptn9xeic6oc8'),('clgt6hhal002rkrnjwr040l3s','SELL','ENDED',50,0.57,24,'2023-04-23 08:59:35.757','2023-04-23 09:04:04.592','clgs40jg40005kr9726jsxqrh','clgs40jgq001pkr97vlgygb4r','clhx8l3kb009pptn92px6ws4h'),('clgt6hx73002tkrnjdsmb04lo','SELL','RETURNED',80,0.56,11,'2023-04-23 08:59:56.367','2023-04-23 09:03:12.582','clgs40jg40005kr9726jsxqrh','clgs40jgq001lkr97t2dbn5zr','clhx8l3kb009jptn93qeru6hd'),('clgt6jrtp002vkrnjn7072gy7','SELL','ENDED',101,0.54,4,'2023-04-23 09:01:22.717','2023-04-23 09:03:33.750','clgs40jg40005kr9726jsxqrh','clgs40jgq0027kr97bau2piw0','clhx8l3lk00bjptn945hmovur'),('clgt6jso6002xkrnjjje86keg','SELL','RETURNED',101,0.54,4,'2023-04-23 09:01:23.815','2023-04-23 09:03:28.703','clgs40jg40005kr9726jsxqrh','clgs40jgq0027kr97bau2piw0','clhx8l3l100abptn9koqge885'),('clgt6jtf6002zkrnjh4wq4nfx','SELL','RETURNED',101,0.54,4,'2023-04-23 09:01:24.786','2023-04-23 09:03:31.377','clgs40jg40005kr9726jsxqrh','clgs40jgq0027kr97bau2piw0','clhx8l3l100apptn99w9rr515'),('clgt6k5hh0031krnj39doebsp','SELL','RETURNED',100,0.54,5,'2023-04-23 09:01:40.422','2023-04-23 09:03:52.125','clgs40jg40005kr9726jsxqrh','clgs40ji8003ykr97xrs7ydyn','clhx8l3lk00bgptn9y0zlhy36'),('clgt6k6oq0033krnjr5uhtdek','SELL','ENDED',100,0.54,5,'2023-04-23 09:01:41.978','2023-04-23 09:04:05.473','clgs40jg40005kr9726jsxqrh','clgs40ji8003ykr97xrs7ydyn','clhx8l3lf00b0ptn95wad6d3l'),('clgt6k7yd0035krnjc1sjzqfp','SELL','ENDED',100,0.54,5,'2023-04-23 09:01:43.622','2023-04-23 09:04:06.396','clgs40jg40005kr9726jsxqrh','clgs40ji8003ykr97xrs7ydyn','clhx8l3kb009qptn96ph12s9g'),('clgt6k9fe0037krnjrknqfylk','SELL','ENDED',100,0.54,5,'2023-04-23 09:01:45.531','2023-04-23 09:04:10.433','clgs40jg40005kr9726jsxqrh','clgs40ji8003ykr97xrs7ydyn','clhx8l3kb009tptn95mfm39bk'),('clgt6khe70039krnjlqjcx13b','SELL','ENDED',100,0.54,3,'2023-04-23 09:01:55.855','2023-04-23 09:04:11.435','clgs40jg40005kr9726jsxqrh','clgs40ji8003nkr97qi2mlvb2','clhx8l3l100a8ptn95njglw7m'),('clgt6ki8l003bkrnjduhx5lid','SELL','ENDED',100,0.54,3,'2023-04-23 09:01:56.950','2023-04-23 09:04:12.406','clgs40jg40005kr9726jsxqrh','clgs40ji8003nkr97qi2mlvb2','clhx8l3l000a4ptn93ce7dhnh'),('clgt6kj2d003dkrnjpw9as3bl','SELL','ENDED',100,0.54,3,'2023-04-23 09:01:58.022','2023-04-23 09:04:13.348','clgs40jg40005kr9726jsxqrh','clgs40ji8003nkr97qi2mlvb2','clhx8l3lk00blptn9w37vbdhf'),('clgt6kjyc003fkrnjjfebnfnw','SELL','ENDED',100,0.54,3,'2023-04-23 09:01:59.172','2023-04-23 09:04:14.289','clgs40jg40005kr9726jsxqrh','clgs40ji8003nkr97qi2mlvb2','clhx8l3l100afptn9k1fos3fy'),('clgt6kkul003hkrnjj0jfwavm','SELL','ENDED',100,0.54,3,'2023-04-23 09:02:00.334','2023-04-23 09:04:15.277','clgs40jg40005kr9726jsxqrh','clgs40ji8003nkr97qi2mlvb2','clhx8l3lk00bfptn9toaatr7w'),('clgt6klne003jkrnjsncp8495','SELL','ENDED',100,0.54,3,'2023-04-23 09:02:01.370','2023-04-23 09:04:16.185','clgs40jg40005kr9726jsxqrh','clgs40ji8003nkr97qi2mlvb2','clhx8l3lk00biptn98nbbv72u'),('clgt6kmid003lkrnjrpnxcza9','SELL','ENDED',100,0.54,3,'2023-04-23 09:02:02.485','2023-04-23 09:04:17.401','clgs40jg40005kr9726jsxqrh','clgs40ji8003nkr97qi2mlvb2','clhx8l3lk00bhptn9naixxny0'),('clgt6kne1003nkrnjwra9juqa','SELL','ENDED',100,0.54,3,'2023-04-23 09:02:03.626','2023-04-23 09:04:18.383','clgs40jg40005kr9726jsxqrh','clgs40ji8003nkr97qi2mlvb2','clhx8l3l100ajptn9zv935paf'),('clgt6kw8n003pkrnj1x4h0gxv','SELL','ENDED',10,0.54,4,'2023-04-23 09:02:15.095','2023-04-23 09:04:19.759','clgs40jg40005kr9726jsxqrh','clgs40ji80040kr97ucc4hs70','clhx8l3lk00b6ptn91u3uij7q'),('clgt6kx6t003rkrnjcg7fgiya','SELL','ENDED',10,0.54,4,'2023-04-23 09:02:16.326','2023-04-23 09:04:20.684','clgs40jg40005kr9726jsxqrh','clgs40ji80040kr97ucc4hs70','clhx8l3m400c0ptn932aqoh27'),('clgt6ky8q003tkrnjbip0xy2c','SELL','ENDED',10,0.54,4,'2023-04-23 09:02:17.690','2023-04-23 09:04:21.605','clgs40jg40005kr9726jsxqrh','clgs40ji80040kr97ucc4hs70','clhx8l3lk00b3ptn9e4w3gg3y'),('clgt6kz9s003vkrnjsntz5ztv','SELL','ENDED',10,0.54,4,'2023-04-23 09:02:19.025','2023-04-23 09:04:23.667','clgs40jg40005kr9726jsxqrh','clgs40ji80040kr97ucc4hs70','clhx8l3l100aoptn9oflf6q93'),('clgt6l095003xkrnjbdxp5s97','SELL','ENDED',10,0.54,4,'2023-04-23 09:02:20.297','2023-04-23 09:04:24.619','clgs40jg40005kr9726jsxqrh','clgs40ji80040kr97ucc4hs70','clhx8l3m400c1ptn99reapr0h'),('clgt6l188003zkrnjixcf9jku','SELL','ENDED',10,0.54,4,'2023-04-23 09:02:21.560','2023-04-23 09:04:25.595','clgs40jg40005kr9726jsxqrh','clgs40ji80040kr97ucc4hs70','clhx8l3lk00bpptn9bqsammy8'),('clgt6l20a0041krnjch3yy3ls','SELL','ENDED',10,0.54,4,'2023-04-23 09:02:22.571','2023-04-23 09:04:26.517','clgs40jg40005kr9726jsxqrh','clgs40ji80040kr97ucc4hs70','clhx8l3l100anptn94tuspp7m'),('clgt6l2yy0043krnjy2nx8ey6','SELL','ENDED',10,0.54,4,'2023-04-23 09:02:23.818','2023-04-23 09:04:27.630','clgs40jg40005kr9726jsxqrh','clgs40ji80040kr97ucc4hs70','clhx8l3l100asptn94yis8nj9'),('clgt6l4090045krnjqn495elo','SELL','ENDED',10,0.54,4,'2023-04-23 09:02:25.161','2023-04-23 09:04:28.865','clgs40jg40005kr9726jsxqrh','clgs40ji80040kr97ucc4hs70','clhx8l3lk00b2ptn9m51u9isj'),('clgt98bz90001krrhxww29wfs','SELL','ENDED',80,0.56,11,'2023-04-23 10:16:27.813','2023-04-23 10:18:49.345','clgs40jg40005kr9726jsxqrh','clgs40jgq001lkr97t2dbn5zr','clhx8l3m400c3ptn9fxlc1x6y'),('clgt98d1t0003krrhpjrh6l0m','SELL','ENDED',80,0.56,11,'2023-04-23 10:16:29.201','2023-04-23 10:18:51.283','clgs40jg40005kr9726jsxqrh','clgs40jgq001lkr97t2dbn5zr','clhx8l3m400cgptn9uaeyv40n'),('clgt98e0i0005krrhe8um1l5d','SELL','RETURNED',80,0.56,11,'2023-04-23 10:16:30.450','2023-04-23 10:18:46.713','clgs40jg40005kr9726jsxqrh','clgs40jgq001lkr97t2dbn5zr','clhx8l3lk00b4ptn9wvaisvam'),('clgt98f0d0007krrhf88o7lw8','SELL','ENDED',80,0.56,11,'2023-04-23 10:16:31.741','2023-04-23 10:18:52.789','clgs40jg40005kr9726jsxqrh','clgs40jgq001lkr97t2dbn5zr','clhx8l3lz00byptn9h70akyd7'),('clgt98g4r0009krrhp2m7p1xl','SELL','ENDED',80,0.56,11,'2023-04-23 10:16:33.195','2023-04-23 10:18:54.262','clgs40jg40005kr9726jsxqrh','clgs40jgq001lkr97t2dbn5zr','clhx8l3lk00b5ptn9nq1i5lq5'),('clgt98ha9000bkrrhbshs9ujk','SELL','ENDED',80,0.56,11,'2023-04-23 10:16:34.689','2023-04-23 10:18:55.939','clgs40jg40005kr9726jsxqrh','clgs40jgq001lkr97t2dbn5zr','clhx8l3ll00bwptn9skonbwxy'),('clgt98pqh000dkrrhqdociwos','SELL','ENDED',50,0.57,24,'2023-04-23 10:16:45.641','2023-04-23 10:19:06.540','clgs40jg40005kr9726jsxqrh','clgs40jgq001pkr97vlgygb4r','clhx8l3lk00bcptn94pejx9ro'),('clgt98qm3000fkrrhvdwf2lyd','SELL','ENDED',50,0.57,24,'2023-04-23 10:16:46.779','2023-04-23 10:19:07.766','clgs40jg40005kr9726jsxqrh','clgs40jgq001pkr97vlgygb4r','clhx8l3lk00b9ptn9ss4vg37c'),('clgt98rs4000hkrrh0epxadfi','SELL','RETURNED',50,0.57,24,'2023-04-23 10:16:48.292','2023-04-23 10:19:04.287','clgs40jg40005kr9726jsxqrh','clgs40jgq001pkr97vlgygb4r','clhx8l3m400coptn90ow3q7e4'),('clgt98spk000jkrrhot0bql3n','SELL','ENDED',50,0.57,24,'2023-04-23 10:16:49.496','2023-04-23 10:19:09.031','clgs40jg40005kr9726jsxqrh','clgs40jgq001pkr97vlgygb4r','clhx8l3m400c5ptn9c9qblm4i'),('clgt98tl2000lkrrhnj2lx9k6','SELL','ENDED',50,0.57,24,'2023-04-23 10:16:50.631','2023-04-23 10:19:11.213','clgs40jg40005kr9726jsxqrh','clgs40jgq001pkr97vlgygb4r','clhx8l3lk00bmptn93rn6yqmf'),('clgt98uey000nkrrhvv25fayd','SELL','ENDED',50,0.57,24,'2023-04-23 10:16:51.706','2023-04-23 10:19:12.385','clgs40jg40005kr9726jsxqrh','clgs40jgq001pkr97vlgygb4r','clhx8l3mn00d1ptn99r3iif14'),('clgt994hb000pkrrhab45j1c4','SELL','ENDED',101,0.54,4,'2023-04-23 10:17:04.752','2023-04-23 10:19:17.878','clgs40jg40005kr9726jsxqrh','clgs40jgq0027kr97bau2piw0','clhx8l3m400cfptn9i88wa0cx'),('clgt995by000rkrrhnplp3773','SELL','RETURNED',101,0.54,4,'2023-04-23 10:17:05.855','2023-04-23 10:19:19.905','clgs40jg40005kr9726jsxqrh','clgs40jgq0027kr97bau2piw0','clhx8l3m400c7ptn9dz8d9t6c'),('clgt99jje000tkrrhk48n4qp5','SELL','ENDED',100,0.54,5,'2023-04-23 10:17:24.266','2023-04-23 10:19:24.217','clgs40jg40005kr9726jsxqrh','clgs40ji8003ykr97xrs7ydyn','clhx8l3m400ccptn99xy54ce9'),('clgt99kb2000vkrrh7rk5giua','SELL','ENDED',100,0.54,5,'2023-04-23 10:17:25.262','2023-04-23 10:19:25.674','clgs40jg40005kr9726jsxqrh','clgs40ji8003ykr97xrs7ydyn','clhx8l3mn00d4ptn9hwq0onvv'),('clgt99l24000xkrrhk3gtc2b2','SELL','ENDED',100,0.54,5,'2023-04-23 10:17:26.236',NULL,'clgs40jg40005kr9726jsxqrh','clgs40ji8003ykr97xrs7ydyn','clhx8l3m400c6ptn97yz0u4d6'),('clgt99lus000zkrrhz2o7u6mo','SELL','ENDED',100,0.54,5,'2023-04-23 10:17:27.269',NULL,'clgs40jg40005kr9726jsxqrh','clgs40ji8003ykr97xrs7ydyn','clhx8l3m400c2ptn9y40ucdu1'),('clgt99mma0011krrh5vrchu2r','SELL','ENDED',100,0.54,5,'2023-04-23 10:17:28.258',NULL,'clgs40jg40005kr9726jsxqrh','clgs40ji8003ykr97xrs7ydyn','clhx8l3mn00d0ptn9hrio5q5s'),('clgt99ndu0013krrhnqf9cdv8','SELL','ENDED',100,0.54,5,'2023-04-23 10:17:29.251',NULL,'clgs40jg40005kr9726jsxqrh','clgs40ji8003ykr97xrs7ydyn','clhx8l3m400ceptn978cs0n5g'),('clgt99o850015krrhdq06ri7y','SELL','ENDED',100,0.54,5,'2023-04-23 10:17:30.341',NULL,'clgs40jg40005kr9726jsxqrh','clgs40ji8003ykr97xrs7ydyn','clhx8l3mn00cyptn9lpplu4p1'),('clgt99oxw0017krrhz5gn887y','SELL','ENDED',100,0.54,5,'2023-04-23 10:17:31.269',NULL,'clgs40jg40005kr9726jsxqrh','clgs40ji8003ykr97xrs7ydyn','clhx8l3m400cmptn9wv7qrz7j'),('clgt99pr10019krrhn202u89k','SELL','ENDED',100,0.54,5,'2023-04-23 10:17:32.318',NULL,'clgs40jg40005kr9726jsxqrh','clgs40ji8003ykr97xrs7ydyn','clhx8l3mn00d6ptn91es5tke0'),('clgt99qhp001bkrrh9ig06hdp','SELL','ENDED',100,0.54,5,'2023-04-23 10:17:33.277',NULL,'clgs40jg40005kr9726jsxqrh','clgs40ji8003ykr97xrs7ydyn','clhx8l3mi00cwptn97focv5vd'),('clgt99raj001dkrrh2uhdavrn','SELL','ENDED',100,0.54,5,'2023-04-23 10:17:34.315',NULL,'clgs40jg40005kr9726jsxqrh','clgs40ji8003ykr97xrs7ydyn','clhx8l3m400cnptn9lmjzmh12'),('clgt99s3s001fkrrhtw64oemk','SELL','ENDED',100,0.54,5,'2023-04-23 10:17:35.369',NULL,'clgs40jg40005kr9726jsxqrh','clgs40ji8003ykr97xrs7ydyn','clhx8l3m400ciptn94xqz5lz3'),('clgt99sx2001hkrrh3kj38m5h','SELL','ENDED',100,0.54,5,'2023-04-23 10:17:36.423',NULL,'clgs40jg40005kr9726jsxqrh','clgs40ji8003ykr97xrs7ydyn','clhx8l3n700dwptn9ooc0cwnk'),('clgt9a6o3001jkrrhr7t32ou3','SELL','ENDED',100,0.54,3,'2023-04-23 10:17:54.243',NULL,'clgs40jg40005kr9726jsxqrh','clgs40ji8003nkr97qi2mlvb2','clhx8l3n700dxptn9un7yf135'),('clgt9a7hl001lkrrh3nq06ob4','SELL','ENDED',100,0.54,3,'2023-04-23 10:17:55.305',NULL,'clgs40jg40005kr9726jsxqrh','clgs40ji8003nkr97qi2mlvb2','clhx8l3mn00dkptn9v9memh5g'),('clgt9a8cb001nkrrhebxbr9bz','SELL','ENDED',100,0.54,3,'2023-04-23 10:17:56.412',NULL,'clgs40jg40005kr9726jsxqrh','clgs40ji8003nkr97qi2mlvb2','clhx8l3mn00czptn9lb91forz'),('clgt9a97b001pkrrhwoxizycz','SELL','ENDED',100,0.54,3,'2023-04-23 10:17:57.527',NULL,'clgs40jg40005kr9726jsxqrh','clgs40ji8003nkr97qi2mlvb2','clhx8l3n200duptn9x4fu0lb6'),('clgt9aa0b001rkrrhb9jhtnpi','SELL','ENDED',100,0.54,3,'2023-04-23 10:17:58.571',NULL,'clgs40jg40005kr9726jsxqrh','clgs40ji8003nkr97qi2mlvb2','clhx8l3m400ckptn9socelfjn'),('clgt9aaqh001tkrrhjbj8s957','SELL','ENDED',100,0.54,3,'2023-04-23 10:17:59.513',NULL,'clgs40jg40005kr9726jsxqrh','clgs40ji8003nkr97qi2mlvb2','clhx8l3n700dzptn9fcejy7jz'),('clgt9abht001vkrrhlcsck96t','SELL','ENDED',100,0.54,3,'2023-04-23 10:18:00.497',NULL,'clgs40jg40005kr9726jsxqrh','clgs40ji8003nkr97qi2mlvb2','clhx8l3mn00deptn9iho78iaq'),('clgt9ac68001xkrrhnbi6pbzo','SELL','ENDED',100,0.54,3,'2023-04-23 10:18:01.377',NULL,'clgs40jg40005kr9726jsxqrh','clgs40ji8003nkr97qi2mlvb2','clhx8l3mn00d3ptn9jffes1ei'),('clgt9acsu001zkrrhxwmc3ha4','SELL','ENDED',100,0.54,3,'2023-04-23 10:18:02.191',NULL,'clgs40jg40005kr9726jsxqrh','clgs40ji8003nkr97qi2mlvb2','clhx8l3mn00d8ptn9yjl1habv'),('clgt9aknc0021krrh8v05zslq','SELL','ENDED',10,0.54,4,'2023-04-23 10:18:12.360',NULL,'clgs40jg40005kr9726jsxqrh','clgs40ji80040kr97ucc4hs70','clhx8l3mn00d7ptn9euqhpjix'),('clgt9ali80023krrhstu65wnj','SELL','ENDED',10,0.54,4,'2023-04-23 10:18:13.473',NULL,'clgs40jg40005kr9726jsxqrh','clgs40ji80040kr97ucc4hs70','clhx8l3mn00dfptn9gsh09jvn'),('clgt9am9w0025krrhtmg8e5g1','SELL','ENDED',10,0.54,4,'2023-04-23 10:18:14.468',NULL,'clgs40jg40005kr9726jsxqrh','clgs40ji80040kr97ucc4hs70','clhx8l3n700dyptn9ws11ck7e'),('clgt9an8x0027krrhnqru0g2n','SELL','ENDED',10,0.54,4,'2023-04-23 10:18:15.729',NULL,'clgs40jg40005kr9726jsxqrh','clgs40ji80040kr97ucc4hs70','clhx8l3mn00dnptn9awkv7h2a'),('clgt9ao7t0029krrh8v7ih09v','SELL','ENDED',10,0.54,4,'2023-04-23 10:18:16.986',NULL,'clgs40jg40005kr9726jsxqrh','clgs40ji80040kr97ucc4hs70','clhx8l3nm00esptn9ggoy6v40'),('clgt9ap27002bkrrhdttbptn1','SELL','ENDED',10,0.54,4,'2023-04-23 10:18:18.079',NULL,'clgs40jg40005kr9726jsxqrh','clgs40ji80040kr97ucc4hs70','clhx8l3n700e1ptn9z2q1gvs8'),('clgt9apxc002dkrrhzs2prvlx','SELL','ENDED',10,0.54,4,'2023-04-23 10:18:19.201',NULL,'clgs40jg40005kr9726jsxqrh','clgs40ji80040kr97ucc4hs70','clhx8l3n700enptn9282wys6i'),('clgt9aqt3002fkrrh8seg9ydr','SELL','ENDED',10,0.54,4,'2023-04-23 10:18:20.344',NULL,'clgs40jg40005kr9726jsxqrh','clgs40ji80040kr97ucc4hs70','clhx8l3mn00ddptn95onwzwui'),('clgt9arla002hkrrh1a5kv1c5','SELL','ENDED',10,0.54,4,'2023-04-23 10:18:21.358',NULL,'clgs40jg40005kr9726jsxqrh','clgs40ji80040kr97ucc4hs70','clhx8l3o000euptn96es1yy5c'),('clgt9asmo002jkrrhd8z4evu5','SELL','ENDED',10,0.54,4,'2023-04-23 10:18:22.704',NULL,'clgs40jg40005kr9726jsxqrh','clgs40ji80040kr97ucc4hs70','clhx8l3oe00ewptn95o5qukbu'),('clgt9atm3002lkrrhrkwqtn5h','SELL','ENDED',10,0.54,4,'2023-04-23 10:18:23.979',NULL,'clgs40jg40005kr9726jsxqrh','clgs40ji80040kr97ucc4hs70','clhx8l3n700ehptn9o0piivgh'),('clgt9auhy002nkrrhe371jpii','SELL','ENDED',10,0.54,4,'2023-04-23 10:18:25.126',NULL,'clgs40jg40005kr9726jsxqrh','clgs40ji80040kr97ucc4hs70','clhx8l3mn00djptn92p3f3k1s'),('clgt9avdg002pkrrhn9ysic9v','SELL','ENDED',10,0.54,4,'2023-04-23 10:18:26.260',NULL,'clgs40jg40005kr9726jsxqrh','clgs40ji80040kr97ucc4hs70','clhx8l3oe00exptn9oa8hwiao'),('clgt9aw8z002rkrrhaydjo35t','SELL','ENDED',10,0.54,4,'2023-04-23 10:18:27.396',NULL,'clgs40jg40005kr9726jsxqrh','clgs40ji80040kr97ucc4hs70','clhx8l3oj00f7ptn9y88h59p5'),('clgt9fogr002tkrrh07b9brxp','SELL','ENDED',80,0.56,11,'2023-04-23 10:22:10.588',NULL,'clgs40jg40005kr9726jsxqrh','clgs40jgq001lkr97t2dbn5zr','clhx8l3mn00doptn9p81f0ru9'),('clgt9fpis002vkrrh1w6pw3lp','SELL','RETURNED',80,0.56,11,'2023-04-23 10:22:11.957','2023-04-23 10:24:57.516','clgs40jg40005kr9726jsxqrh','clgs40jgq001lkr97t2dbn5zr','clhx8l3n700e3ptn9gof1spom'),('clgt9fqcb002xkrrhs97370zu','SELL','ENDED',80,0.56,11,'2023-04-23 10:22:13.020',NULL,'clgs40jg40005kr9726jsxqrh','clgs40jgq001lkr97t2dbn5zr','clhx8l3oj00f6ptn9bcnksiyn'),('clgt9fraz002zkrrh9j4wpcfw','SELL','RETURNED',80,0.56,11,'2023-04-23 10:22:14.267','2023-04-23 10:25:04.078','clgs40jg40005kr9726jsxqrh','clgs40jgq001lkr97t2dbn5zr','clhx8l3n700e4ptn9momb6sqs'),('clgt9fs750031krrhk8fc99dr','SELL','ENDED',80,0.56,11,'2023-04-23 10:22:15.426',NULL,'clgs40jg40005kr9726jsxqrh','clgs40jgq001lkr97t2dbn5zr','clhx8l3ok00fdptn9vilm6ail'),('clgt9g0bx0033krrh6x9018hs','SELL','ENDED',50,0.57,24,'2023-04-23 10:22:25.965',NULL,'clgs40jg40005kr9726jsxqrh','clgs40jgq001pkr97vlgygb4r','clhx8l3ok00ffptn9iotwlzu6'),('clgt9g1fh0035krrhb3bb43ys','SELL','ENDED',50,0.57,24,'2023-04-23 10:22:27.389',NULL,'clgs40jg40005kr9726jsxqrh','clgs40jgq001pkr97vlgygb4r','clhx8l3n700emptn9qe2v5wod'),('clgt9g2hu0037krrhdyx6ru4d','SELL','ENDED',50,0.57,24,'2023-04-23 10:22:28.770',NULL,'clgs40jg40005kr9726jsxqrh','clgs40jgq001pkr97vlgygb4r','clhx8l3ok00fnptn9ixodq0ml'),('clgt9g3k00039krrhddoei4m2','SELL','ENDED',50,0.57,24,'2023-04-23 10:22:30.144',NULL,'clgs40jg40005kr9726jsxqrh','clgs40jgq001pkr97vlgygb4r','clhx8l3p300gkptn9wbe18a45'),('clgt9g4n5003bkrrh8avewfpt','SELL','RETURNED',50,0.57,24,'2023-04-23 10:22:31.554','2023-04-23 10:25:17.091','clgs40jg40005kr9726jsxqrh','clgs40jgq001pkr97vlgygb4r','clhx8l3n700eiptn92ucd62pk'),('clgt9g5kh003dkrrhztgex9ha','SELL','ENDED',50,0.57,24,'2023-04-23 10:22:32.753',NULL,'clgs40jg40005kr9726jsxqrh','clgs40jgq001pkr97vlgygb4r','clhx8l3n700e7ptn9clvf5q4n'),('clgt9g6q4003fkrrh3l12xqnf','SELL','ENDED',50,0.57,24,'2023-04-23 10:22:34.253',NULL,'clgs40jg40005kr9726jsxqrh','clgs40jgq001pkr97vlgygb4r','clhx8l3n700e8ptn9ey9e2rob'),('clgt9g7s8003hkrrhcglic6ro','SELL','ENDED',50,0.57,24,'2023-04-23 10:22:35.621',NULL,'clgs40jg40005kr9726jsxqrh','clgs40jgq001pkr97vlgygb4r','clhx8l3n700eaptn908kxrac5'),('clgt9g8vt003jkrrh62yyqwig','SELL','ENDED',50,0.57,24,'2023-04-23 10:22:37.049',NULL,'clgs40jg40005kr9726jsxqrh','clgs40jgq001pkr97vlgygb4r','clhx8l3n700edptn90854rm6v'),('clgt9gh1d003lkrrhpefqfd6t','SELL','ENDED',101,0.54,4,'2023-04-23 10:22:47.617',NULL,'clgs40jg40005kr9726jsxqrh','clgs40jgq0027kr97bau2piw0','clhx8l3n700eeptn9nbb8lfad'),('clgt9ghwb003nkrrhe7mxz9ct','SELL','ENDED',101,0.54,4,'2023-04-23 10:22:48.731',NULL,'clgs40jg40005kr9726jsxqrh','clgs40jgq0027kr97bau2piw0','clhx8l3p300fzptn921s7tm2j'),('clgt9giuk003pkrrhbviiapfz','SELL','ENDED',101,0.54,4,'2023-04-23 10:22:49.965',NULL,'clgs40jg40005kr9726jsxqrh','clgs40jgq0027kr97bau2piw0','clhx8l3oe00eyptn9eyqvzxrb'),('clgt9hbhd003rkrrhqu8bqu65','SELL','RETURNED',101,0.54,5,'2023-04-23 10:23:27.073','2023-04-23 10:25:25.841','clgs40jg40005kr9726jsxqrh','clgs40jgq0027kr97bau2piw0','clhx8l3p300g7ptn9igcux0lu'),('clgt9hvnj003tkrrhoxv92hje','SELL','ENDED',100,0.54,5,'2023-04-23 10:23:53.216',NULL,'clgs40jg40005kr9726jsxqrh','clgs40ji8003ykr97xrs7ydyn','clhx8l3oj00f5ptn9qz36qxqm'),('clgt9hwue003vkrrhdfdd66yd','SELL','ENDED',100,0.54,5,'2023-04-23 10:23:54.758',NULL,'clgs40jg40005kr9726jsxqrh','clgs40ji8003ykr97xrs7ydyn','clhx8l3p300gmptn9ty3bszou'),('clgt9hxxc003xkrrh7x5o3ru1','SELL','ENDED',100,0.54,5,'2023-04-23 10:23:56.160',NULL,'clgs40jg40005kr9726jsxqrh','clgs40ji8003ykr97xrs7ydyn','clhx8l3ok00fhptn93ogic0r7'),('clgt9hz2g003zkrrh6wwl54rq','SELL','ENDED',100,0.54,5,'2023-04-23 10:23:57.640',NULL,'clgs40jg40005kr9726jsxqrh','clgs40ji8003ykr97xrs7ydyn','clhx8l3p300g5ptn9dibrzd2y'),('clgt9i05z0041krrhp7zi35j5','SELL','ENDED',100,0.54,5,'2023-04-23 10:23:59.063',NULL,'clgs40jg40005kr9726jsxqrh','clgs40ji8003ykr97xrs7ydyn','clhx8l3oj00f4ptn94a5otqgu'),('clgt9i1ag0043krrhkw1nwyvi','SELL','ENDED',100,0.54,5,'2023-04-23 10:24:00.521',NULL,'clgs40jg40005kr9726jsxqrh','clgs40ji8003ykr97xrs7ydyn','clhx8l3p300fxptn9wniee5gw'),('clgt9i2b50045krrhcjfq3dzd','SELL','ENDED',100,0.54,5,'2023-04-23 10:24:01.841',NULL,'clgs40jg40005kr9726jsxqrh','clgs40ji8003ykr97xrs7ydyn','clhx8l3ok00f9ptn93vi5znga'),('clgt9i3e60047krrhu7hs9175','SELL','ENDED',100,0.54,5,'2023-04-23 10:24:03.246',NULL,'clgs40jg40005kr9726jsxqrh','clgs40ji8003ykr97xrs7ydyn','clhx8l3oe00ezptn9dpebhroo'),('clgt9i4dw0049krrh57wd955h','SELL','ENDED',100,0.54,5,'2023-04-23 10:24:04.533',NULL,'clgs40jg40005kr9726jsxqrh','clgs40ji8003ykr97xrs7ydyn','clhx8l3oj00f8ptn9ksq9258e'),('clgt9i5fc004bkrrhqt9tcar2','SELL','ENDED',100,0.54,5,'2023-04-23 10:24:05.880',NULL,'clgs40jg40005kr9726jsxqrh','clgs40ji8003ykr97xrs7ydyn','clhx8l3p300fwptn9tcegb3l8'),('clgt9i6fb004dkrrhwoiedg3j','SELL','ENDED',100,0.54,5,'2023-04-23 10:24:07.176',NULL,'clgs40jg40005kr9726jsxqrh','clgs40ji8003ykr97xrs7ydyn','clhx8l3p300fyptn9ehsgj48l'),('clgt9i7do004fkrrhu1enwcw0','SELL','ENDED',100,0.54,5,'2023-04-23 10:24:08.412',NULL,'clgs40jg40005kr9726jsxqrh','clgs40ji8003ykr97xrs7ydyn','clhx8l3p300ggptn9rwb4akrs'),('clgt9i8cd004hkrrhdf0uz2vb','SELL','ENDED',100,0.54,5,'2023-04-23 10:24:09.662',NULL,'clgs40jg40005kr9726jsxqrh','clgs40ji8003ykr97xrs7ydyn','clhx8l3ok00flptn9ib9zuz66'),('clgt9i9by004jkrrhwz6ilw8j','SELL','ENDED',100,0.54,5,'2023-04-23 10:24:10.942',NULL,'clgs40jg40005kr9726jsxqrh','clgs40ji8003ykr97xrs7ydyn','clhx8l3p300geptn9s980c51s'),('clgt9iadg004lkrrh0rg9eor8','SELL','ENDED',100,0.54,5,'2023-04-23 10:24:12.292',NULL,'clgs40jg40005kr9726jsxqrh','clgs40ji8003ykr97xrs7ydyn','clhx8l3p300gaptn9zffcidb2'),('clgt9igne004nkrrhvwehagig','SELL','ENDED',100,0.54,3,'2023-04-23 10:24:20.427',NULL,'clgs40jg40005kr9726jsxqrh','clgs40ji8003nkr97qi2mlvb2','clhx8l3p300ghptn9hzqcnbgh'),('clgt9ihkr004pkrrhnnvlf3zt','SELL','ENDED',100,0.54,3,'2023-04-23 10:24:21.627',NULL,'clgs40jg40005kr9726jsxqrh','clgs40ji8003nkr97qi2mlvb2','clhx8l3ok00fmptn9rmw23k29'),('clgt9iibi004rkrrhfa1qpmvg','SELL','ENDED',100,0.54,3,'2023-04-23 10:24:22.591',NULL,'clgs40jg40005kr9726jsxqrh','clgs40ji8003nkr97qi2mlvb2','clhx8l3ok00fjptn9k4j1plxo'),('clgt9ij5i004tkrrhgt17sblh','SELL','ENDED',100,0.54,3,'2023-04-23 10:24:23.671',NULL,'clgs40jg40005kr9726jsxqrh','clgs40ji8003nkr97qi2mlvb2','clhx8l3oy00fuptn9eowz074o'),('clgt9ijyz004vkrrhpvt095am','SELL','ENDED',100,0.54,3,'2023-04-23 10:24:24.731',NULL,'clgs40jg40005kr9726jsxqrh','clgs40ji8003nkr97qi2mlvb2','clhx8l3p300gbptn9j9nlodbt'),('clgt9iksx004xkrrhvtrgw1tj','SELL','ENDED',100,0.54,3,'2023-04-23 10:24:25.810',NULL,'clgs40jg40005kr9726jsxqrh','clgs40ji8003nkr97qi2mlvb2','clhx8l3pn00hhptn9b110k118'),('clgt9ilo8004zkrrhbm5eruz0','SELL','ENDED',100,0.54,3,'2023-04-23 10:24:26.936',NULL,'clgs40jg40005kr9726jsxqrh','clgs40ji8003nkr97qi2mlvb2','clhx8l3p300g0ptn9qkuf29qk'),('clgt9itay0051krrhqkfqrqd6','SELL','ENDED',10,0.54,4,'2023-04-23 10:24:36.827',NULL,'clgs40jg40005kr9726jsxqrh','clgs40ji80040kr97ucc4hs70','clhx8l3q600ibptn96ba2muk7'),('clgt9iu4k0053krrhv7szb76i','SELL','ENDED',10,0.54,4,'2023-04-23 10:24:37.893',NULL,'clgs40jg40005kr9726jsxqrh','clgs40ji80040kr97ucc4hs70','clhx8l3pn00h6ptn97p5l6awg'),('clgt9iux30055krrh2sy2ia3w','SELL','ENDED',10,0.54,4,'2023-04-23 10:24:38.920',NULL,'clgs40jg40005kr9726jsxqrh','clgs40ji80040kr97ucc4hs70','clhx8l3pm00gzptn97wyep5x2'),('clgt9ivqq0057krrhs9buo6zd','SELL','ENDED',10,0.54,4,'2023-04-23 10:24:39.986',NULL,'clgs40jg40005kr9726jsxqrh','clgs40ji80040kr97ucc4hs70','clhx8l3pm00h2ptn97macrp68'),('clgt9iwk90059krrh5943j82g','SELL','ENDED',10,0.54,4,'2023-04-23 10:24:41.049',NULL,'clgs40jg40005kr9726jsxqrh','clgs40ji80040kr97ucc4hs70','clhx8l3p300g6ptn9j9wxgjzg'),('clgt9ixec005bkrrhh3i6qbgv','SELL','ENDED',10,0.54,4,'2023-04-23 10:24:42.133',NULL,'clgs40jg40005kr9726jsxqrh','clgs40ji80040kr97ucc4hs70','clhx8l3p300g1ptn9ar0zksfu'),('clgt9iy6b005dkrrh1muivdmy','SELL','ENDED',10,0.54,4,'2023-04-23 10:24:43.140',NULL,'clgs40jg40005kr9726jsxqrh','clgs40ji80040kr97ucc4hs70','clhx8l3pm00gvptn9nnmwc6bg'),('clgt9iyyb005fkrrh5pf0cctk','SELL','ENDED',10,0.54,4,'2023-04-23 10:24:44.147',NULL,'clgs40jg40005kr9726jsxqrh','clgs40ji80040kr97ucc4hs70','clhx8l3pm00guptn9erx9d2xi'),('clgt9izpt005hkrrh1tha14i6','SELL','ENDED',10,0.54,4,'2023-04-23 10:24:45.138',NULL,'clgs40jg40005kr9726jsxqrh','clgs40ji80040kr97ucc4hs70','clhx8l3q600i6ptn9cq1wtgg3'),('clgt9j0h3005jkrrh1yatm0kp','SELL','ENDED',10,0.54,4,'2023-04-23 10:24:46.120',NULL,'clgs40jg40005kr9726jsxqrh','clgs40ji80040kr97ucc4hs70','clhx8l3pn00h5ptn9ojw2pmzq'),('clgt9j18z005lkrrh89bbmk7c','SELL','ENDED',10,0.54,4,'2023-04-23 10:24:47.123',NULL,'clgs40jg40005kr9726jsxqrh','clgs40ji80040kr97ucc4hs70','clhx8l3q600htptn9ypc0okzh'),('clgt9j1ya005nkrrhgfzlp4wk','SELL','ENDED',10,0.54,4,'2023-04-23 10:24:48.034',NULL,'clgs40jg40005kr9726jsxqrh','clgs40ji80040kr97ucc4hs70','clhx8l3q600idptn9maq2zcym'),('clgt9j2qd005pkrrhs66a8tpp','SELL','ENDED',10,0.54,4,'2023-04-23 10:24:49.045',NULL,'clgs40jg40005kr9726jsxqrh','clgs40ji80040kr97ucc4hs70','clhx8l3ph00gsptn95xhfczo5'),('clgt9j3j0005rkrrhzskgewa5','SELL','ENDED',10,0.54,4,'2023-04-23 10:24:50.076',NULL,'clgs40jg40005kr9726jsxqrh','clgs40ji80040kr97ucc4hs70','clhx8l3q100hqptn9uq4wjsab'),('clgt9lz0e005tkrrh3hys4h12','SELL','ENDED',100,0.54,5,'2023-04-23 10:27:04.190','2023-04-24 07:07:04.481','clgs40jg40005kr9726jsxqrh','clgs40ji8003ykr97xrs7ydyn','clhx8l3pm00gxptn9js0s0jy8'),('clgt9mnwy005xkrrh4zdkl1uj','SELL','ENDED',101,0.54,4,'2023-04-23 10:27:36.466','2023-04-23 10:28:24.942','clgs40jg40005kr9726jsxqrh','clgs40jgq0027kr97bau2piw0','clhx8l3pn00hfptn95e0gh8ut'),('clgt9mx330061krrh3wrej2kl','SELL','ENDED',50,0.57,24,'2023-04-23 10:27:48.351','2023-04-27 07:01:00.884','clgs40jg40005kr9726jsxqrh','clgs40jgq001pkr97vlgygb4r','clhx8l3pm00gwptn9ne4bzir8'),('clgt9n5ja0063krrh935yhkug','SELL','ENDED',80,0.56,11,'2023-04-23 10:27:59.303','2023-04-24 16:21:06.183','clgs40jg40005kr9726jsxqrh','clgs40jgq001lkr97t2dbn5zr','clhx8l3q600huptn9frdkwkvu'),('clgt9o5co0065krrhx6uk4ql5','SELL','ENDED',100,0.54,3,'2023-04-23 10:28:45.720','2023-04-30 00:21:05.577','clgs40jg40005kr9726jsxqrh','clgs40ji8003nkr97qi2mlvb2','clhx8l3pn00hdptn9rhjy02jk'),('clgt9o9mk0067krrhxpkx0kfo','SELL','ENDED',10,0.54,4,'2023-04-23 10:28:51.261','2023-04-24 16:21:11.603','clgs40jg40005kr9726jsxqrh','clgs40ji80040kr97ucc4hs70','clhx8l3q600hvptn9jurflrsn'),('clgt9r6y90069krrh4elbmsck','SELL','RETURNED',101,0.54,4,'2023-04-23 10:31:07.761','2023-04-30 21:30:02.684','clgs40jg40005kr9726jsxqrh','clgs40jgq0027kr97bau2piw0','clhx8l3pm00h3ptn97tzw8vib'),('clguhwcm60001kr12tlsgb3fw','SELL','ENDED',100,0.54,5,'2023-04-24 07:06:51.487','2023-04-25 06:02:17.168','clgs40jg40005kr9726jsxqrh','clgs40ji8003ykr97xrs7ydyn','clhx8l3q600hwptn9951ieijq'),('clgv1pnat0003kr125yfrugzl','SELL','ENDED',80,0.56,11,'2023-04-24 16:21:31.062','2023-04-26 16:28:34.037','clgs40jg40005kr9726jsxqrh','clgs40jgq001lkr97t2dbn5zr','clhx8l3pn00haptn9eydaceeu'),('clgv1pt7o0005kr12j7xjkv5t','SELL','ENDED',10,0.54,4,'2023-04-24 16:21:38.725','2023-04-27 16:55:53.630','clgs40jg40005kr9726jsxqrh','clgs40ji80040kr97ucc4hs70','clhx8l3pn00h9ptn9mbeovjja'),('clgvv1em10007kr126eebmvgg','SELL','ENDED',100,0.54,5,'2023-04-25 06:02:28.536','2023-04-28 18:56:01.396','clgs40jg40005kr9726jsxqrh','clgs40ji8003ykr97xrs7ydyn','clhx8l3q600hxptn95rv2wbk5'),('clgxwulir0009kr12807g103r','SELL','ENDED',80,0.56,11,'2023-04-26 16:28:42.484','2023-05-02 16:39:07.389','clgs40jg40005kr9726jsxqrh','clgs40jgq001lkr97t2dbn5zr','clhx8l3q600hsptn9qsic87h6'),('clgys0kmr000bkr1268e3i8l5','SELL','ENDED',50,0.57,24,'2023-04-27 07:01:09.363','2023-04-28 18:56:04.179','clgs40jg40005kr9726jsxqrh','clgs40jgq001pkr97vlgygb4r','clhx8l3pn00hgptn95y92qbun'),('clgzd9nrj000dkr12va5v2kjx','SELL','ENDED',10,0.54,4,'2023-04-27 16:56:05.263','2023-05-02 06:05:53.768','clgs40jg40005kr9726jsxqrh','clgs40ji80040kr97ucc4hs70','clhx8l3q600i0ptn93zxnqe12'),('clh0x0a8k000fkr12x4z2l51g','SELL','ENDED',50,0.57,24,'2023-04-28 18:56:26.324','2023-04-29 08:34:05.094','clgs40jg40005kr9726jsxqrh','clgs40jgq001pkr97vlgygb4r','clhx8l3qq00j2ptn9c6hsgvbg'),('clh0x1rr9000hkr12t34sd99u','SELL','ENDED',100,0.54,5,'2023-04-28 18:57:35.685','2023-04-29 08:34:11.416','clgs40jg40005kr9726jsxqrh','clgs40ji8003ykr97xrs7ydyn','clhx8l3pn00hkptn94e2cw073'),('clh1q8qgn000jkr12secokgcb','SELL','ENDED',100,0.54,5,'2023-04-29 08:34:49.463','2023-04-30 08:43:01.366','clgs40jg40005kr9726jsxqrh','clgs40ji8003ykr97xrs7ydyn','clhx8l3q600i9ptn9wpujpub6'),('clh2o1x46000lkr12phdiq8tn','SELL','ENDED',100,0.54,3,'2023-04-30 00:21:18.438','2023-05-05 21:52:45.970','clgs40jg40005kr9726jsxqrh','clgs40ji8003nkr97qi2mlvb2','clhx8l3q600i2ptn9961r5gya'),('clh35zd15000nkr12bqkoqsme','SELL','ENDED',100,0.54,5,'2023-04-30 08:43:12.185','2023-04-30 21:29:57.309','clgs40jg40005kr9726jsxqrh','clgs40ji8003ykr97xrs7ydyn','clhx8l3qq00j6ptn9r77jfsau'),('clh3xdrmv0001kr7ca64fowwt','SELL','ENDED',100,0.54,5,'2023-04-30 21:30:13.928','2023-05-02 06:06:19.993','clgs40jg40005kr9726jsxqrh','clgs40ji8003ykr97xrs7ydyn','clhx8l3q600i7ptn95dtmravg'),('clh5v9qun0003kr7c1gtnmq7p','SELL','ENDED',100,0.54,5,'2023-05-02 06:06:39.407','2023-05-02 16:39:13.259','clgs40jg40005kr9726jsxqrh','clgs40ji8003ykr97xrs7ydyn','clhx8l3q600iiptn9d9ls85cd'),('clh5va5250005kr7cbj71bujm','SELL','ENDED',10,0.54,4,'2023-05-02 06:06:57.821','2023-05-04 07:03:47.051','clgs40jg40005kr9726jsxqrh','clgs40ji80040kr97ucc4hs70','clhx8l3qq00j0ptn9ut57xs0j'),('clh6hwjqj0007kr7cf7513lr3','SELL','ENDED',100,0.54,5,'2023-05-02 16:40:14.827','2023-05-05 21:52:48.787','clgs40jg40005kr9726jsxqrh','clgs40ji8003ykr97xrs7ydyn','clhx8l3qq00j9ptn94dbhxry2'),('clh6hwosk0009kr7cx6w4fu6h','SELL','ENDED',80,0.56,11,'2023-05-02 16:40:21.381','2023-05-06 21:39:40.710','clgs40jg40005kr9726jsxqrh','clgs40jgq001lkr97t2dbn5zr','clhx8l3qq00jfptn9swggku5j'),('clh8s74ia000bkr7cj0tnhnu0','SELL','ENDED',10,0.54,4,'2023-05-04 07:03:56.818','2023-05-06 08:48:50.194','clgs40jg40005kr9726jsxqrh','clgs40ji80040kr97ucc4hs70','clhx8l3ra00jqptn9nk3orkgi'),('clhb3eewm000dkr7c9ybl74jo','SELL','ENDED',100,0.54,5,'2023-05-05 21:53:05.015','2023-05-08 08:42:15.831','clgs40jg40005kr9726jsxqrh','clgs40ji8003ykr97xrs7ydyn','clhx8l3qq00j4ptn9r08a9497'),('clhb3eimx000fkr7cyao6br2h','SELL','ENDED',100,0.54,3,'2023-05-05 21:53:09.850','2023-05-06 08:48:53.810','clgs40jg40005kr9726jsxqrh','clgs40ji8003nkr97qi2mlvb2','clhx8l3ra00jpptn9kxxlk1ik'),('clhbqutr4000hkr7czgqnhl4v','SELL','ENDED',100,0.54,3,'2023-05-06 08:49:41.921','2023-05-06 21:39:46.675','clgs40jg40005kr9726jsxqrh','clgs40ji8003nkr97qi2mlvb2','clhx8l3qq00jbptn98lbbicwv'),('clhbquwjz000jkr7c4t376xvy','SELL','ENDED',10,0.54,4,'2023-05-06 08:49:45.551','2023-05-07 08:42:45.920','clgs40jg40005kr9726jsxqrh','clgs40ji80040kr97ucc4hs70','clhx8l3q600icptn9m1avyh32'),('clhbqyprf000lkr7c193e1ara','SELL','RETURNED',101,0.54,4,'2023-05-06 08:52:43.371','2023-05-20 16:17:50.011','clgs40jg40005kr9726jsxqrh','clgs40jgq0027kr97bau2piw0','clhx8l3qq00j8ptn9cxa1p022'),('clhcidlpd000nkr7cpic43vzp','SELL','RETURNED',80,0.56,11,'2023-05-06 21:40:07.586','2023-05-20 16:17:46.255','clgs40jg40005kr9726jsxqrh','clgs40jgq001lkr97t2dbn5zr','clhx8l3r400jmptn920vlfpfn'),('clhcidsgu000pkr7ch426iaz0','SELL','RETURNED',100,0.54,3,'2023-05-06 21:40:16.350','2023-05-20 16:12:21.026','clgs40jg40005kr9726jsxqrh','clgs40ji8003nkr97qi2mlvb2','clhx8l3qq00isptn9gc1zg9cs'),('clhd622kz000rkr7cy4pjlkvy','SELL','ENDED',10,0.54,4,'2023-05-07 08:43:00.372','2023-05-08 08:42:18.127','clgs40jg40005kr9726jsxqrh','clgs40ji80040kr97ucc4hs70','clhx8l3q600ieptn9r5p7l1n7'),('clhelhvf1000tkr7cgx7yvzgg','SELL','ENDED',100,0.54,5,'2023-05-08 08:42:57.997','2023-05-20 16:13:01.087','clgs40jg40005kr9726jsxqrh','clgs40ji8003ykr97xrs7ydyn','clhx8l3qq00iqptn91hxc0vec'),('clheli1e1000vkr7c0gwrynxa','SELL','ENDED',10,0.54,4,'2023-05-08 08:43:05.737','2023-05-20 15:58:33.214','clgs40jg40005kr9726jsxqrh','clgs40ji80040kr97ucc4hs70','clhx8l3qk00ioptn94pb7bbyl'),('clhn8pxul0001pt4usd154ilt','BUY',NULL,5000,0,102,'2023-05-14 09:55:14.973',NULL,'clgs40jg40005kr9726jsxqrh','clgs40ji8003nkr97qi2mlvb2','clhx8l3r900joptn9nxalahpc'),('clhrwxodc0001pts0v3jxpn20','BUY',NULL,100,0.64,188,'2023-05-17 16:24:11.424',NULL,'clgs40jg40005kr9726jsxqrh','clgs40jgq001hkr978p2a4v4j','clhx8l3qq00irptn9oe6d7bac'),('clhrxb5yc0003pts0cgacizk0','SELL','ENDED',10,0.54,20,'2023-05-17 16:34:40.740','2023-05-20 15:57:21.418','clgs40jg40005kr9726jsxqrh','clgs40jgq001hkr978p2a4v4j','clhx8l3qq00iuptn9vr64gmc5'),('clhw21ruk0001pt1cky38dq2r','SELL','ENDED',101,0.54,4,'2023-05-20 13:58:25.340','2023-05-20 15:53:59.990','clgs40jg40005kr9726jsxqrh','clgs40jgq0027kr97bau2piw0','clhx8l3qq00itptn912qg2swg'),('clhw52w3r0003pt1c25ntixuc','BUY',NULL,500,0,250,'2023-05-20 15:23:16.359',NULL,'clgs40jg40005kr9726jsxqrh','clgs40jgq001okr97inbvwjez','clhx8l3qq00jcptn9puja9phe'),('clhw54ew90005pt1ctc7p4l9b','SELL','ENDED',25,0.54,13,'2023-05-20 15:24:27.369','2023-05-20 15:52:04.104','clgs40jg40005kr9726jsxqrh','clgs40jgq001okr97inbvwjez','clhx8l3qq00ixptn9vgi8pl2b'),('clhw71t3r0001ptn3x1qt5o5q','SELL','PROGRESS',10,0.54,20,'2023-05-20 16:18:25.047',NULL,'clgs40jg40005kr9726jsxqrh','clgs40jgq001hkr978p2a4v4j','clhx8l3ra00jrptn9v4xc9gla'),('clhw730hz0003ptn39bu6obkv','SELL','RETURNED',100,0.54,3,'2023-05-20 16:19:21.287','2023-05-27 14:54:03.635','clgs40jg40005kr9726jsxqrh','clgs40ji8003nkr97qi2mlvb2','clhx8l3qq00j3ptn9wt3sxwxt'),('clhw77gj80005ptn3etd6zmcy','SELL','PROGRESS',100,0.54,5,'2023-05-20 16:22:48.692',NULL,'clgs40jg40005kr9726jsxqrh','clgs40ji8003ykr97xrs7ydyn','clhx8l3ra00jsptn99q7sg99k'),('cli5u8a4t0001pt6d0uugmq70','BUY',NULL,120,0,124,'2023-05-27 10:17:13.805',NULL,'clgs40jg40005kr9726jsxqrh','clgs40ji8003gkr9762n8kx03',NULL),('cli5zk5e10001pt1p1mmsuocu','BUY',NULL,200,0,380,'2023-05-27 12:46:25.609',NULL,'clgs40jg40005kr9726jsxqrh','clgs40jgq001hkr978p2a4v4j',NULL),('cli60eo3a0003pt1pfwc9ndi4','SELL','ENDED',10,0.54,20,'2023-05-27 13:10:09.527','2023-05-27 13:11:28.539','clgs40jg40005kr9726jsxqrh','clgs40jgq001hkr978p2a4v4j',NULL),('cli60rqun0005pt1pruao2tt6','SELL','ENDED',20,0.54,38,'2023-05-27 13:20:19.631','2023-05-27 13:20:26.265','clgs40jg40005kr9726jsxqrh','clgs40jgq001hkr978p2a4v4j',NULL),('cli642mq60001ptzaoccbcibp','SELL','ENDED',25,0.87,50,'2023-05-27 14:52:46.350','2023-05-27 14:53:01.667','clgs40jg40005kr9726jsxqrh','clgs40jgq001hkr978p2a4v4j',NULL);
/*!40000 ALTER TABLE `Transaction` ENABLE KEYS */;
UNLOCK TABLES;

--
-- Table structure for table `TransactionRelation`
--

DROP TABLE IF EXISTS `TransactionRelation`;
/*!40101 SET @saved_cs_client     = @@character_set_client */;
/*!50503 SET character_set_client = utf8mb4 */;
CREATE TABLE `TransactionRelation` (
  `inId` varchar(191) COLLATE utf8mb4_unicode_ci NOT NULL,
  `outId` varchar(191) COLLATE utf8mb4_unicode_ci NOT NULL,
  `quantity` int NOT NULL,
  PRIMARY KEY (`inId`,`outId`),
  KEY `TransactionRelation_outId_fkey` (`outId`),
  CONSTRAINT `TransactionRelation_inId_fkey` FOREIGN KEY (`inId`) REFERENCES `Transaction` (`id`) ON DELETE RESTRICT ON UPDATE CASCADE,
  CONSTRAINT `TransactionRelation_outId_fkey` FOREIGN KEY (`outId`) REFERENCES `Transaction` (`id`) ON DELETE RESTRICT ON UPDATE CASCADE
) ENGINE=InnoDB DEFAULT CHARSET=utf8mb4 COLLATE=utf8mb4_unicode_ci;
/*!40101 SET character_set_client = @saved_cs_client */;

--
-- Dumping data for table `TransactionRelation`
--

LOCK TABLES `TransactionRelation` WRITE;
/*!40000 ALTER TABLE `TransactionRelation` DISABLE KEYS */;
/*!40000 ALTER TABLE `TransactionRelation` ENABLE KEYS */;
UNLOCK TABLES;

--
-- Table structure for table `User`
--

DROP TABLE IF EXISTS `User`;
/*!40101 SET @saved_cs_client     = @@character_set_client */;
/*!50503 SET character_set_client = utf8mb4 */;
CREATE TABLE `User` (
  `id` varchar(191) CHARACTER SET utf8mb4 COLLATE utf8mb4_unicode_ci NOT NULL,
  `firstname` varchar(50) CHARACTER SET utf8mb4 COLLATE utf8mb4_unicode_ci DEFAULT NULL,
  `lastname` varchar(50) CHARACTER SET utf8mb4 COLLATE utf8mb4_unicode_ci DEFAULT NULL,
  `pseudo` varchar(50) CHARACTER SET utf8mb4 COLLATE utf8mb4_unicode_ci DEFAULT NULL,
  `email` varchar(255) CHARACTER SET utf8mb4 COLLATE utf8mb4_unicode_ci NOT NULL,
  `createdAt` datetime(3) NOT NULL DEFAULT CURRENT_TIMESTAMP(3),
  `updatedAt` datetime(3) DEFAULT NULL,
  `isActive` tinyint(1) NOT NULL DEFAULT '1',
  `password` varchar(255) CHARACTER SET utf8mb4 COLLATE utf8mb4_unicode_ci NOT NULL,
  PRIMARY KEY (`id`),
  UNIQUE KEY `User_email_key` (`email`)
) ENGINE=InnoDB DEFAULT CHARSET=utf8mb4 COLLATE=utf8mb4_unicode_ci;
/*!40101 SET character_set_client = @saved_cs_client */;

--
-- Dumping data for table `User`
--

LOCK TABLES `User` WRITE;
/*!40000 ALTER TABLE `User` DISABLE KEYS */;
INSERT INTO `User` VALUES ('clgs40jg40004kr97wwgmpp5n','admin','site',NULL,'appmail@gmail.com','2023-04-22 15:02:39.986',NULL,1,'$2b$10$ygM6FGcN/5x0gYyIu3lv3.sBgi5gGbATAG9xi6q/zlnEDnOyOMgYC'),('clgs40jg40005kr9726jsxqrh','David','MOSCA',NULL,'david.mosca69@gmail.com','2023-04-22 15:02:39.986',NULL,1,'$2b$10$q0mz1SgBCvZ05BseTAfl7u86C605HW7DwtTGTTppKlG9cMbI71AAG'),('clgs40jg40006kr979o62f9rw','test','test',NULL,'test@test.com','2023-04-22 15:02:39.986',NULL,1,'$2b$10$bT3FWcDIzRviOVRajtO/JezCRlGrc.3g78us/tM/9/Y1o/u/5B63O');
/*!40000 ALTER TABLE `User` ENABLE KEYS */;
UNLOCK TABLES;

--
-- Table structure for table `_prisma_migrations`
--

DROP TABLE IF EXISTS `_prisma_migrations`;
/*!40101 SET @saved_cs_client     = @@character_set_client */;
/*!50503 SET character_set_client = utf8mb4 */;
CREATE TABLE `_prisma_migrations` (
  `id` varchar(36) CHARACTER SET utf8mb4 COLLATE utf8mb4_unicode_ci NOT NULL,
  `checksum` varchar(64) CHARACTER SET utf8mb4 COLLATE utf8mb4_unicode_ci NOT NULL,
  `finished_at` datetime(3) DEFAULT NULL,
  `migration_name` varchar(255) CHARACTER SET utf8mb4 COLLATE utf8mb4_unicode_ci NOT NULL,
  `logs` text CHARACTER SET utf8mb4 COLLATE utf8mb4_unicode_ci,
  `rolled_back_at` datetime(3) DEFAULT NULL,
  `started_at` datetime(3) NOT NULL DEFAULT CURRENT_TIMESTAMP(3),
  `applied_steps_count` int unsigned NOT NULL DEFAULT '0',
  PRIMARY KEY (`id`)
) ENGINE=InnoDB DEFAULT CHARSET=utf8mb4 COLLATE=utf8mb4_unicode_ci;
/*!40101 SET character_set_client = @saved_cs_client */;

--
-- Dumping data for table `_prisma_migrations`
--

LOCK TABLES `_prisma_migrations` WRITE;
/*!40000 ALTER TABLE `_prisma_migrations` DISABLE KEYS */;
INSERT INTO `_prisma_migrations` VALUES ('1d08a232-5173-42dd-9062-74c15858d266','564bee765fb348b35f661aa21203c4dabc3d3b48dcc8e6d3b4bd493e0346914f','2023-05-21 09:09:42.652','20230521090942_add_session_table_and_session_enums',NULL,NULL,'2023-05-21 09:09:42.216',1),('2fb3360b-cba6-4f83-9c12-cd8b3e29522b','2593028c90152d7cedb757a27f23e2d86a89844355091a28a4eea9d27af4dd22','2023-04-22 15:02:35.537','20230401164730_init',NULL,NULL,'2023-04-22 15:02:32.589',1),('3e1a3734-c673-487a-8b4d-53460a32ddbe','6a1119d5433eac3f8bd2baa89ca56313fe8f750fe4c79ca18729d7698bcd898c','2023-05-21 09:27:52.951','20230521092752_add_transaction_relations',NULL,NULL,'2023-05-21 09:27:52.547',1),('453300c6-0d12-47ca-a807-6cc7e08747ee','1ad19a75049806e2b8bcd4a5e24a8a0bdafa2795e4e2675177a92276a2e33737','2023-05-13 16:12:19.123','20230513161218_add_items',NULL,NULL,'2023-05-13 16:12:18.360',1),('bbd5d7f3-9a2b-44f5-a423-2f8428ffaebb','5fc3e3427273e49e5c27202deda7b413a27760259cc8e3f69372c96fa7b79e6d','2023-05-20 10:23:34.374','20230520102334_remove_mining_from_transaction_type',NULL,NULL,'2023-05-20 10:23:34.085',1),('e7a96adf-0b45-4e53-89e2-f2b77b03c9b3','81f39951eed12a315f09e42c2b6a09171a84ce74458f2d6d1ef7906e14e37d60','2023-05-13 16:29:26.769','20230513162926_remove_resource_dats',NULL,NULL,'2023-05-13 16:29:26.128',1),('eb16b63b-01e1-40f9-bd3d-a3565b1b70d8','ca2b826e32d516c6001e47dbe3cdbad7f28d9f4668882c7d3a8d5592c239c77a','2023-05-20 10:09:05.301','20230520100904_required_for_item_and_item_type',NULL,NULL,'2023-05-20 10:09:04.852',1),('fdbf09b7-0079-4d76-ab98-ed2c0b673d19','5fc12fdd1237e09b2a00f5a979c5ec85b96f25281c378d58bd2022fc8b6b8f94','2023-05-20 21:50:12.155','20230520215011_change_transaction_value_type',NULL,NULL,'2023-05-20 21:50:11.856',1);
/*!40000 ALTER TABLE `_prisma_migrations` ENABLE KEYS */;
UNLOCK TABLES;
/*!40103 SET TIME_ZONE=@OLD_TIME_ZONE */;

/*!40101 SET SQL_MODE=@OLD_SQL_MODE */;
/*!40014 SET FOREIGN_KEY_CHECKS=@OLD_FOREIGN_KEY_CHECKS */;
/*!40014 SET UNIQUE_CHECKS=@OLD_UNIQUE_CHECKS */;
/*!40101 SET CHARACTER_SET_CLIENT=@OLD_CHARACTER_SET_CLIENT */;
/*!40101 SET CHARACTER_SET_RESULTS=@OLD_CHARACTER_SET_RESULTS */;
/*!40101 SET COLLATION_CONNECTION=@OLD_COLLATION_CONNECTION */;
/*!40111 SET SQL_NOTES=@OLD_SQL_NOTES */;

-- Dump completed on 2023-05-27 18:29:27
